package_name,jar,class,method_sig,patterns,register_flow_summary,method_line_count
com.sec.epdg,EpdgManager,com.sec.epdg.EpdgManager,<com.sec.epdg.EpdgManager: void connectService()>,early_return,"[invoke] android.content.Intent.setClassName() → [other] iget-object v1, p0, Lcom/sec/epdg/EpdgManager;->mContext:Lan → [invoke] android.content.Context.bindService() → [invoke] android.util.Log.d()",75
com.sec.epdg,EpdgManager,com.sec.epdg.EpdgManager,<com.sec.epdg.EpdgManager: void startService(android.content.Intent)>,early_return,"[invoke] android.content.Intent.setClassName() → [other] iget-object v0, p0, Lcom/sec/epdg/EpdgManager;->mContext:Lan → [invoke] android.content.Context.startService() → [reassigned] v0 overwritten",75
com.sec.epdg,EpdgManager,com.sec.epdg.EpdgManager,<com.sec.epdg.EpdgManager: void stopService()>,early_return,"[invoke] android.content.Intent.setClassName() → [other] iget-object v1, p0, Lcom/sec/epdg/EpdgManager;->mContext:Lan → [invoke] android.content.Context.stopService() → [invoke] android.util.Log.d()",65
com.android.nfc,com.samsung.android.nfc.mpos,com.samsung.android.nfc.mpos.MPOSAdapter$1,<com.samsung.android.nfc.mpos.MPOSAdapter$1: void run()>,early_return,[invoke] android.content.Intent.setPackage() → [reassigned] v1 overwritten,46
com.android.phone,com.samsung.android.semtelephonesdk.framework-v1,com.samsung.android.semtelephonesdk.framework.SemTelephoneSDK$ServiceBindHelper,<com.samsung.android.semtelephonesdk.framework.SemTelephoneSDK$ServiceBindHelper: void bindService(android.content.Context)>,early_return,"[invoke] android.content.Intent.setPackage() → [other] iget-object v2, p0, Lcom/samsung/android/semtelephonesdk/fra → [invoke] android.content.Context.bindService()",30
com.android.shell,content,com.android.commands.content.Content$Command,<com.android.commands.content.Content$Command: java.lang.String resolveCallingPackage()>,,[other] return-object v0 → [reassigned] v0 overwritten,35
com.android.carrierconfig,duraspeed,com.mediatek.duraspeed.collector.q,<com.mediatek.duraspeed.collector.q: void <clinit>()>,early_return,"[other] filled-new-array/range {v0 .. v40}, [Ljava/lang/String; → [reassigned] v0 overwritten",370
com.android.dialer,duraspeed,com.mediatek.duraspeed.collector.q,<com.mediatek.duraspeed.collector.q: void <clinit>()>,early_return,[reassigned] v1 overwritten,370
com.android.externalstorage,duraspeed,com.mediatek.duraspeed.collector.q,<com.mediatek.duraspeed.collector.q: void <clinit>()>,early_return,[reassigned] v2 overwritten,370
com.android.keychain,duraspeed,com.mediatek.duraspeed.collector.q,<com.mediatek.duraspeed.collector.q: void <clinit>()>,early_return,[reassigned] v3 overwritten,370
com.android.managedprovisioning,duraspeed,com.mediatek.duraspeed.collector.q,<com.mediatek.duraspeed.collector.q: void <clinit>()>,early_return,,370
com.android.mms,duraspeed,com.mediatek.duraspeed.collector.q,<com.mediatek.duraspeed.collector.q: void <clinit>()>,early_return,,370
com.android.packageinstaller,duraspeed,com.mediatek.duraspeed.collector.q,<com.mediatek.duraspeed.collector.q: void <clinit>()>,early_return,,370
com.android.providers.telephony,duraspeed,com.mediatek.duraspeed.collector.q,<com.mediatek.duraspeed.collector.q: void <clinit>()>,early_return,,370
com.android.settings,duraspeed,com.mediatek.duraspeed.collector.q,<com.mediatek.duraspeed.collector.q: void <clinit>()>,early_return,,370
com.debug.loggerui,duraspeed,com.mediatek.duraspeed.collector.q,<com.mediatek.duraspeed.collector.q: void <clinit>()>,early_return,,370
com.google.android.apps.mapslite,duraspeed,com.mediatek.duraspeed.collector.q,<com.mediatek.duraspeed.collector.q: void <clinit>()>,early_return,,370
com.google.android.gms,duraspeed,com.mediatek.duraspeed.collector.q,<com.mediatek.duraspeed.collector.q: void <clinit>()>,early_return,,370
com.google.android.gsf,duraspeed,com.mediatek.duraspeed.collector.q,<com.mediatek.duraspeed.collector.q: void <clinit>()>,early_return,,370
com.google.android.packageinstaller,duraspeed,com.mediatek.duraspeed.collector.q,<com.mediatek.duraspeed.collector.q: void <clinit>()>,early_return,,370
com.google.android.setupwizard,duraspeed,com.mediatek.duraspeed.collector.q,<com.mediatek.duraspeed.collector.q: void <clinit>()>,early_return,,370
com.mediatek.atci.service,duraspeed,com.mediatek.duraspeed.collector.q,<com.mediatek.duraspeed.collector.q: void <clinit>()>,early_return,,370
com.mediatek.callrecorder,duraspeed,com.mediatek.duraspeed.collector.q,<com.mediatek.duraspeed.collector.q: void <clinit>()>,early_return,,370
com.mediatek.duraspeed,duraspeed,com.mediatek.duraspeed.collector.q,<com.mediatek.duraspeed.collector.q: void <clinit>()>,early_return,,370
com.mediatek.ims,duraspeed,com.mediatek.duraspeed.collector.q,<com.mediatek.duraspeed.collector.q: void <clinit>()>,early_return,,370
com.mediatek.ppl,duraspeed,com.mediatek.duraspeed.collector.q,<com.mediatek.duraspeed.collector.q: void <clinit>()>,early_return,,370
com.mediatek.simprocessor,duraspeed,com.mediatek.duraspeed.collector.q,<com.mediatek.duraspeed.collector.q: void <clinit>()>,early_return,,370
com.tencent.mobileqq,duraspeed,com.mediatek.duraspeed.collector.q,<com.mediatek.duraspeed.collector.q: void <clinit>()>,early_return,,370
com.tencent.mm,duraspeed,com.mediatek.duraspeed.collector.q,<com.mediatek.duraspeed.collector.q: void <clinit>()>,early_return,,370
com.facebook.katana,duraspeed,com.mediatek.duraspeed.collector.q,<com.mediatek.duraspeed.collector.q: void <clinit>()>,early_return,,370
jp.naver.line.android,duraspeed,com.mediatek.duraspeed.collector.q,<com.mediatek.duraspeed.collector.q: void <clinit>()>,early_return,,370
com.google.android.webview,duraspeed,com.mediatek.duraspeed.collector.q,<com.mediatek.duraspeed.collector.q: void <clinit>()>,early_return,,370
com.android.webview,duraspeed,com.mediatek.duraspeed.collector.q,<com.mediatek.duraspeed.collector.q: void <clinit>()>,early_return,,370
com.android.localtransport,duraspeed,com.mediatek.duraspeed.collector.q,<com.mediatek.duraspeed.collector.q: void <clinit>()>,early_return,,370
com.amazon.dee.app,duraspeed,com.mediatek.duraspeed.collector.q,<com.mediatek.duraspeed.collector.q: void <clinit>()>,early_return,"[other] filled-new-array/range {v0 .. v40}, [Ljava/lang/String;",370
com.android.vending,duraspeed,com.mediatek.duraspeed.collector.q,<com.mediatek.duraspeed.collector.q: void <clinit>()>,early_return,"[other] filled-new-array {v0, v1, v2, v3}, [Ljava/lang/String; → [reassigned] v0 overwritten",370
com.android.chrome,duraspeed,com.mediatek.duraspeed.collector.q,<com.mediatek.duraspeed.collector.q: void <clinit>()>,early_return,"[other] filled-new-array {v0, v1, v2, v3}, [Ljava/lang/String;",370
com.android.documentsui,duraspeed,com.mediatek.duraspeed.collector.q,<com.mediatek.duraspeed.collector.q: void <clinit>()>,early_return,"[other] filled-new-array {v0, v1, v2, v3}, [Ljava/lang/String;",370
com.google.android.apps.wellbeing,duraspeed,com.mediatek.duraspeed.collector.q,<com.mediatek.duraspeed.collector.q: void <clinit>()>,early_return,"[other] filled-new-array {v0, v1, v2, v3}, [Ljava/lang/String;",370
com.tencent.tmgp.sgame,duraspeed,com.mediatek.duraspeed.utils.c,<com.mediatek.duraspeed.utils.c: android.util.ArrayMap z()>,,[invoke] android.util.ArrayMap.put(),285
com.google.android.setupwizard,duraspeed,com.mediatek.duraspeed.manager.DuraSpeedService,"<com.mediatek.duraspeed.manager.DuraSpeedService: void onBeforeActivitySwitch(com.android.server.wm.ActivityRecord,com.android.server.wm.ActivityRecord,boolean,int)>",string_compare;early_return,"[invoke] java.lang.String.equals() → [other] move-result p3 → [branch] if-eqz p3, :cond_1f → [other] iget-object p3, p0, Lcom/mediatek/duraspeed/manager/DuraSpee → [invoke] com.mediatek.duraspeed.manager.c.E()",124
com.google.android.gms,duraspeed,com.mediatek.duraspeed.suppress.SuppressAction,"<com.mediatek.duraspeed.suppress.SuppressAction: java.lang.String onReadyToStartComponent(android.content.Context,java.lang.String,int,java.lang.String,java.lang.String)>",string_compare,"[invoke] java.lang.String.equals() → [other] move-result v0 → [branch] if-nez v0, :cond_20 → [reassigned] v0 overwritten",111
com.google.android.gsf,duraspeed,com.mediatek.duraspeed.suppress.SuppressAction,"<com.mediatek.duraspeed.suppress.SuppressAction: java.lang.String onReadyToStartComponent(android.content.Context,java.lang.String,int,java.lang.String,java.lang.String)>",string_compare,"[invoke] java.lang.String.equals() → [other] move-result v0 → [branch] if-eqz v0, :cond_2e → [other] sget-object v0, Lcom/mediatek/duraspeed/suppress/SuppressAct → [branch] if-eqz v0, :cond_2e",111
com.android.calendar,duraspeed,com.mediatek.duraspeed.suppress.b,<com.mediatek.duraspeed.suppress.b: void <clinit>()>,early_return,[invoke] java.util.List.add() → [reassigned] v1 overwritten,348
com.android.deskclock,duraspeed,com.mediatek.duraspeed.suppress.b,<com.mediatek.duraspeed.suppress.b: void <clinit>()>,early_return,[invoke] java.util.List.add() → [reassigned] v1 overwritten,348
com.android.vending,duraspeed,com.mediatek.duraspeed.suppress.b,<com.mediatek.duraspeed.suppress.b: void <clinit>()>,early_return,[invoke] java.util.List.add() → [reassigned] v1 overwritten,348
com.google.android.apps.messaging,duraspeed,com.mediatek.duraspeed.suppress.b,<com.mediatek.duraspeed.suppress.b: void <clinit>()>,early_return,[invoke] java.util.List.add() → [reassigned] v1 overwritten,348
com.google.android.apps.photosgo,duraspeed,com.mediatek.duraspeed.suppress.b,<com.mediatek.duraspeed.suppress.b: void <clinit>()>,early_return,[invoke] java.util.List.add() → [reassigned] v1 overwritten,348
com.google.android.apps.wellbeing,duraspeed,com.mediatek.duraspeed.suppress.b,<com.mediatek.duraspeed.suppress.b: void <clinit>()>,early_return,[invoke] java.util.List.add() → [reassigned] v1 overwritten,348
com.google.android.apps.searchlite,duraspeed,com.mediatek.duraspeed.suppress.b,<com.mediatek.duraspeed.suppress.b: void <clinit>()>,early_return,[invoke] java.util.List.add() → [reassigned] v1 overwritten,348
com.google.android.apps.youtube.mango,duraspeed,com.mediatek.duraspeed.suppress.b,<com.mediatek.duraspeed.suppress.b: void <clinit>()>,early_return,[invoke] java.util.List.add() → [reassigned] v1 overwritten,348
com.google.android.contacts,duraspeed,com.mediatek.duraspeed.suppress.b,<com.mediatek.duraspeed.suppress.b: void <clinit>()>,early_return,[invoke] java.util.List.add() → [reassigned] v1 overwritten,348
com.google.android.dialer,duraspeed,com.mediatek.duraspeed.suppress.b,<com.mediatek.duraspeed.suppress.b: void <clinit>()>,early_return,[invoke] java.util.List.add() → [reassigned] v1 overwritten,348
com.debug.loggerui,duraspeed,com.mediatek.duraspeed.suppress.b,<com.mediatek.duraspeed.suppress.b: void <clinit>()>,early_return,[invoke] java.util.List.add() → [reassigned] v1 overwritten,348
com.mediatek.engineermode,duraspeed,com.mediatek.duraspeed.suppress.b,<com.mediatek.duraspeed.suppress.b: void <clinit>()>,early_return,[invoke] java.util.List.add() → [reassigned] v1 overwritten,348
com.mediatek.duraspeed,duraspeed,com.mediatek.duraspeed.suppress.b,<com.mediatek.duraspeed.suppress.b: void <clinit>()>,early_return,[invoke] java.util.List.add(),348
com.android.se,framework,android.se.omapi.SEService,"<android.se.omapi.SEService: void <init>(android.content.Context,java.util.concurrent.Executor,android.se.omapi.SEService$OnConnectedListener)>",early_return,"[invoke] android.content.Intent.setClassName() → [other] iget-object v1, p0, Landroid/se/omapi/SEService;->mConnectio → [invoke] android.content.Context.bindService() → [other] move-result v1 → [other] .local v1, ""bindingSuccessful"":Z",115
com.samsung.adaptivebrightnessgo,framework,android.hardware.CameraLightSensorManager$ResponseHandler,<android.hardware.CameraLightSensorManager$ResponseHandler: void handleMessage(android.os.Message)>,early_return,[invoke] android.content.ComponentName.<init>() → [reassigned] v3 overwritten,1121
com.samsung.adaptivebrightnessgo,framework,android.hardware.CameraLightSensorManager,<android.hardware.CameraLightSensorManager: void initAllowListListenerList()>,early_return,[invoke] java.util.List.add() → [invoke] java.util.List.add() → [reassigned] v1 overwritten,118
com.sec.android.app.camera,framework,android.hardware.CameraLightSensorManager,<android.hardware.CameraLightSensorManager: void initAllowListListenerList()>,early_return,[invoke] java.util.List.add() → [invoke] java.util.List.add(),118
com.samsung.adaptivebrightnessgo,framework,android.hardware.CameraLightSensorManager,<android.hardware.CameraLightSensorManager: void initLocked(android.os.Looper)>,early_return,"[invoke] android.content.ComponentName.<init>() → [other] iget-object v3, p0, Landroid/hardware/CameraLightSensorManag → [invoke] android.content.Context.bindServiceAsUser() → [reassigned] v3 overwritten",256
com.android.cameraextensions,framework,android.hardware.camera2.CameraExtensionCharacteristics$CameraExtensionManagerGlobal,<android.hardware.camera2.CameraExtensionCharacteristics$CameraExtensionManagerGlobal: void connectToProxyLocked(android.content.Context)>,early_return;system_property_read,"[invoke] android.content.Intent.setClassName() → [other] const-string/jumbo v1, ""ro.vendor.camera.extensions.package"" → [invoke] android.os.SystemProperties.get() → [reassigned] v1 overwritten",158
com.samsung.android.fast,framework,android.net.VpnService$Builder,<android.net.VpnService$Builder: boolean isSecureWifiUid(int)>,string_compare;early_return,"[invoke] java.lang.String.equals() → [invoke] android.content.pm.IPackageManager.checkSignatures() → [other] move-result v0 → [branch] if-nez v0, :cond_28 → [reassigned] v0 overwritten",82
com.samsung.android.kgclient,framework,android.net.VpnService$Builder,<android.net.VpnService$Builder: android.net.VpnService$Builder addAllowedApplication(java.lang.String)>,string_compare,"[invoke] java.lang.String.equals() → [other] move-result v1 → [branch] if-eqz v1, :cond_6c → [reassigned] v1 overwritten",202
com.samsung.android.kgclient,framework,android.net.VpnService$Builder,<android.net.VpnService$Builder: android.os.ParcelFileDescriptor establish()>,,"[invoke] android.net.VpnService$Builder.addDisallowedApplication() → [other] move-exception v0 → [other] .local v0, ""e"":Landroid/content/pm/PackageManager$NameNotFou → [other] .end local v0    # ""e"":Landroid/content/pm/PackageManager$Na → [other] iget-object v0, p0, Landroid/net/VpnService$Builder;->mConfi",96
com.samsung.android.kgclient,framework,android.net.VpnService,<android.net.VpnService: boolean isKGClientPackageInstalled(android.content.Context)>,early_return,"[invoke] android.content.pm.PackageManager.getPackageInfo() → [invoke] android.content.pm.PackageManager.checkSignatures() → [other] move-result v0 → [branch] if-nez v0, :cond_13 → [other] move-exception v0",55
com.samsung.android.fast,framework,android.net.VpnService,<android.net.VpnService: boolean isSecureWifiPackage(android.content.Context)>,string_compare;early_return,"[invoke] java.lang.String.equals() → [invoke] android.content.pm.PackageManager.checkSignatures() → [other] move-result v1 → [branch] if-nez v1, :cond_1a → [reassigned] v1 overwritten",52
com.samsung.android.fast,framework,android.net.VpnService,<android.net.VpnService: android.content.Intent prepareAndAuthorizeVpnForFast()>,,[invoke] android.net.IVpnManager.prepareVpn() → [invoke] android.net.IVpnManager.prepareVpn() → [invoke] android.net.IVpnManager.setVpnPackageAuthorization() → [other] move-exception v0 → [reassigned] v0 overwritten,54
com.sec.phone,framework,android.net.LowLatencyModeManager,<android.net.LowLatencyModeManager: void connectToRilService()>,early_return,"[invoke] android.content.Intent.setClassName() → [other] iget-object v1, p0, Landroid/net/LowLatencyModeManager;->mCo → [invoke] android.content.Context.bindService()",33
com.sec.phone,framework,android.net.LowLatencyModeManager,<android.net.LowLatencyModeManager: void connectToRilService2()>,early_return,"[invoke] android.content.Intent.setClassName() → [other] iget-object v1, p0, Landroid/net/LowLatencyModeManager;->mCo → [invoke] android.content.Context.bindService()",33
com.android.vending,framework,android.app.ApplicationErrorReport,"<android.app.ApplicationErrorReport: android.content.ComponentName getErrorReportReceiver(android.content.Context,java.lang.String,int)>",string_compare;system_property_read;installer_check,"[invoke] java.lang.String.equals() → [other] move-result v7 → [branch] if-nez v7, :cond_4c → [reassigned] v7 overwritten",191
com.samsung.android.voc,framework,android.app.ApplicationErrorReport,"<android.app.ApplicationErrorReport: android.content.ComponentName getErrorReportReceiver(android.content.Context,java.lang.String,int)>",string_compare;system_property_read;installer_check,[invoke] android.app.ApplicationErrorReport.getErrorReportReceiver() → [reassigned] v8 overwritten,191
com.samsung.oh,framework,android.app.ApplicationErrorReport,"<android.app.ApplicationErrorReport: android.content.ComponentName getErrorReportReceiver(android.content.Context,java.lang.String,int)>",string_compare;system_property_read;installer_check,[invoke] android.app.ApplicationErrorReport.getErrorReportReceiver(),191
com.samsung.android.wallpaper.res,framework,android.app.SemWallpaperResourcesInfo,<android.app.SemWallpaperResourcesInfo: void <init>(android.content.Context)>,early_return,[invoke] android.content.Context.createPackageContext(),104
com.samsung.android.wallpaper.res,framework,android.app.SemWallpaperResourcesInfo,<android.app.SemWallpaperResourcesInfo: void parsingJson()>,early_return,[invoke] android.content.res.Resources.getIdentifier() → [reassigned] v5 overwritten,680
com.samsung.android.wallpaper.res,framework,android.app.SemWallpaperResourcesInfo,<android.app.SemWallpaperResourcesInfo: java.io.InputStream getDefaultImageWallpaper(int)>,,[invoke] android.content.res.Resources.getIdentifier() → [reassigned] v6 overwritten,155
com.sec.android.app.desktoplauncher,framework,android.app.SemAppIconSolution,<android.app.SemAppIconSolution: boolean isThemeActive(android.app.ContextImpl)>,string_compare;early_return,[invoke] java.lang.String.equals(),55
com.samsung.android.honeyboard,framework,android.widget.SearchView,<android.widget.SearchView: boolean semSetSviEnabled(boolean)>,early_return,[invoke] android.content.pm.PackageManager.getPackageInfo() → [reassigned] v3 overwritten,140
com.sec.android.app.translator,framework,android.widget.MultiSelectPopupWindow$TextActionModeCallback,<android.widget.MultiSelectPopupWindow$TextActionModeCallback: void populateMenuWithItems(android.view.Menu)>,early_return,[invoke] java.lang.String.contains() → [reassigned] v11 overwritten,364
com.google.android.apps.translate,framework,android.widget.MultiSelectPopupWindow$TextActionModeCallback,<android.widget.MultiSelectPopupWindow$TextActionModeCallback: void populateMenuWithItems(android.view.Menu)>,early_return,"[invoke] java.lang.String.contains() → [other] add-int/lit8 v11, v6, 0x1 → [other] .local v11, ""i"":I → [other] move v6, v11 → [other] .end local v11    # ""i"":I",364
com.sec.android.app.translator,framework,android.widget.Editor$ProcessTextIntentActionsHandler,<android.widget.Editor$ProcessTextIntentActionsHandler: int getOrder(android.content.pm.ResolveInfo)>,early_return,"[invoke] java.lang.String.contains() → [other] move-result v2 → [branch] if-nez v2, :cond_34 → [reassigned] v2 overwritten",84
com.google.android.apps.translate,framework,android.widget.Editor$ProcessTextIntentActionsHandler,<android.widget.Editor$ProcessTextIntentActionsHandler: int getOrder(android.content.pm.ResolveInfo)>,early_return,"[invoke] java.lang.String.contains() → [other] move-result v2 → [branch] if-eqz v2, :cond_1f → [reassigned] v2 overwritten",84
com.diotek.sec.lookup.dictionary,framework,android.widget.Editor$ProcessTextIntentActionsHandler,<android.widget.Editor$ProcessTextIntentActionsHandler: int getOrder(android.content.pm.ResolveInfo)>,early_return,"[invoke] java.lang.String.contains() → [other] move-result v2 → [branch] if-nez v2, :cond_31 → [reassigned] v2 overwritten",84
com.sec.android.app.dictionary,framework,android.widget.Editor$ProcessTextIntentActionsHandler,<android.widget.Editor$ProcessTextIntentActionsHandler: int getOrder(android.content.pm.ResolveInfo)>,early_return,"[invoke] java.lang.String.contains() → [other] move-result v2 → [branch] if-eqz v2, :cond_30",84
com.sec.android.app.translator,framework,android.widget.Editor$ProcessTextIntentActionsHandler,<android.widget.Editor$ProcessTextIntentActionsHandler: android.graphics.drawable.Drawable loadIcon(android.content.pm.ResolveInfo)>,,"[invoke] java.lang.String.contains() → [other] move-result v3 → [branch] if-nez v3, :cond_62 → [reassigned] v3 overwritten",149
com.google.android.apps.translate,framework,android.widget.Editor$ProcessTextIntentActionsHandler,<android.widget.Editor$ProcessTextIntentActionsHandler: android.graphics.drawable.Drawable loadIcon(android.content.pm.ResolveInfo)>,,"[invoke] java.lang.String.contains() → [other] move-result v3 → [branch] if-eqz v3, :cond_23 → [reassigned] v3 overwritten",149
com.diotek.sec.lookup.dictionary,framework,android.widget.Editor$ProcessTextIntentActionsHandler,<android.widget.Editor$ProcessTextIntentActionsHandler: android.graphics.drawable.Drawable loadIcon(android.content.pm.ResolveInfo)>,,"[invoke] java.lang.String.contains() → [other] move-result v3 → [branch] if-nez v3, :cond_50 → [reassigned] v3 overwritten",149
com.sec.android.app.dictionary,framework,android.widget.Editor$ProcessTextIntentActionsHandler,<android.widget.Editor$ProcessTextIntentActionsHandler: android.graphics.drawable.Drawable loadIcon(android.content.pm.ResolveInfo)>,,"[invoke] java.lang.String.contains() → [other] move-result v3 → [branch] if-eqz v3, :cond_34 → [other] iget-object v3, p0, Landroid/widget/Editor$ProcessTextIntent → [invoke] android.widget.TextView.getContext()",149
com.diotek.sec.lookup.dictionary,framework,android.widget.Editor$ProcessTextIntentActionsHandler,<android.widget.Editor$ProcessTextIntentActionsHandler: void loadSupportedActivities()>,early_return,[invoke] java.lang.String.contains() → [reassigned] v5 overwritten,132
com.sec.android.app.dictionary,framework,android.widget.Editor$ProcessTextIntentActionsHandler,<android.widget.Editor$ProcessTextIntentActionsHandler: void loadSupportedActivities()>,early_return,[invoke] java.lang.String.contains(),132
com.sec.android.app.translator,framework,android.widget.MultiSelectPopupWindow,<android.widget.MultiSelectPopupWindow: boolean isTranslatorEnable()>,early_return,"[invoke] java.lang.String.contains() → [other] move-result v6 → [branch] if-nez v6, :cond_53 → [reassigned] v6 overwritten",117
com.google.android.apps.translate,framework,android.widget.MultiSelectPopupWindow,<android.widget.MultiSelectPopupWindow: boolean isTranslatorEnable()>,early_return,"[invoke] java.lang.String.contains() → [other] move-result v6 → [branch] if-eqz v6, :cond_52",117
com.samsung.android.honeyboard,framework,android.widget.directwriting.DirectWritingServiceBinder,"<android.widget.directwriting.DirectWritingServiceBinder: void requestBindService(android.content.Context,long,android.widget.directwriting.DirectWritingTriggerCallback)>",string_compare;early_return,[invoke] android.content.ComponentName.<init>() → [reassigned] v2 overwritten,132
com.samsung.android.honeyboard,framework,android.widget.directwriting.DirectWritingServiceBinder,<android.widget.directwriting.DirectWritingServiceBinder: void stopService(android.content.Context)>,early_return,[invoke] android.content.ComponentName.<init>(),27
com.android.keychain,framework,android.security.KeyChain,"<android.security.KeyChain: void choosePrivateKeyAlias(android.app.Activity,android.security.KeyChainAliasCallback,java.lang.String[],java.security.Principal[],android.net.Uri,java.lang.String)>",early_return,"[invoke] android.content.Intent.setPackage() → [other] new-instance v1, Landroid/security/KeyChain$AliasResponse; → [invoke] android.security.KeyChain$AliasResponse.<init>() → [invoke] android.content.Intent.putExtra() → [other] const-string/jumbo v1, ""uri""",183
com.android.certinstaller,framework,android.security.KeyChain,<android.security.KeyChain: android.content.Intent createInstallIntent()>,,[invoke] android.content.Intent.setClassName(),21
com.android.settings,framework,android.security.KeyChain,<android.security.KeyChain: android.content.Intent createManageCredentialsIntent(android.security.AppUriAuthenticationPolicy)>,,[invoke] android.content.ComponentName.createRelative() → [reassigned] v1 overwritten,31
com.android.chrome,framework,android.sec.enterprise.proxy.EnterpriseProxyConstants$1,<android.sec.enterprise.proxy.EnterpriseProxyConstants$1: void <init>()>,early_return,[invoke] android.sec.enterprise.proxy.EnterpriseProxyConstants$1.add( → [reassigned] v0 overwritten,19
com.sec.android.app.sbrowser,framework,android.sec.enterprise.proxy.EnterpriseProxyConstants$1,<android.sec.enterprise.proxy.EnterpriseProxyConstants$1: void <init>()>,early_return,[invoke] android.sec.enterprise.proxy.EnterpriseProxyConstants$1.add(,19
com.sec.android.app.controlpanel,framework,android.sec.enterprise.kioskmode.KioskMode,<android.sec.enterprise.kioskmode.KioskMode: void <clinit>()>,early_return,[field_store] android.sec.enterprise.kioskmode.KioskMode.CONTROL_PANEL_PKG → [reassigned] v0 overwritten,20
com.sec.android.app.taskmanager,framework,android.sec.enterprise.kioskmode.KioskMode,<android.sec.enterprise.kioskmode.KioskMode: void <clinit>()>,early_return,[field_store] android.sec.enterprise.kioskmode.KioskMode.TASK_MANAGER_PKGN → [reassigned] v0 overwritten,20
com.sec.android.inputmethod,framework,android.sec.clipboard.util.ClipboardPolicyObserver,<android.sec.clipboard.util.ClipboardPolicyObserver: java.lang.String getTopActivityPackageName()>,string_compare,[invoke] java.lang.String.equals() → [reassigned] v6 overwritten,135
com.samsung.android.honeyboard,framework,android.sec.clipboard.util.ClipboardPolicyObserver,<android.sec.clipboard.util.ClipboardPolicyObserver: java.lang.String getTopActivityPackageName()>,string_compare,[invoke] java.lang.String.equals() → [reassigned] v6 overwritten,135
com.samsung.android.app.cocktailbarservice,framework,android.sec.clipboard.util.ClipboardPolicyObserver,<android.sec.clipboard.util.ClipboardPolicyObserver: java.lang.String getTopActivityPackageName()>,string_compare,[invoke] java.lang.String.equals() → [invoke] android.os.Binder.restoreCallingIdentity(),135
com.sec.knox.containeragent,framework,android.sec.clipboard.util.ClipboardPolicyObserver,<android.sec.clipboard.util.ClipboardPolicyObserver: boolean isKnoxVersion1(java.lang.String)>,early_return,"[invoke] java.lang.String.contains() → [other] move-result v0 → [branch] if-nez v0, :cond_23 → [reassigned] v0 overwritten",55
com.sec.android.app.knoxlauncher,framework,android.sec.clipboard.util.ClipboardPolicyObserver,<android.sec.clipboard.util.ClipboardPolicyObserver: boolean isKnoxVersion1(java.lang.String)>,early_return,"[invoke] java.lang.String.contains() → [other] move-result v0 → [branch] if-nez v0, :cond_23",55
com.android.contacts,framework,android.provider.ContactsInternal,<android.provider.ContactsInternal: void <clinit>()>,early_return,[invoke] android.content.UriMatcher.addURI() → [invoke] android.content.UriMatcher.addURI(),36
com.samsung.android.messaging,framework,android.content.pm.ASKSManager,"<android.content.pm.ASKSManager: boolean isBlockTarget(int,java.lang.String)>",allowlist_check;string_compare;early_return,"[invoke] java.lang.String.equals() → [other] move-result v1 → [branch] if-nez v1, :cond_7e → [reassigned] v1 overwritten",233
com.samsung.android.dialer,framework,android.content.pm.ASKSManager,"<android.content.pm.ASKSManager: boolean isBlockTarget(int,java.lang.String)>",allowlist_check;string_compare;early_return,"[invoke] java.lang.String.equals() → [other] move-result v1 → [branch] if-nez v1, :cond_7e → [reassigned] v1 overwritten",233
com.sec.android.app.clockpackage,framework,android.content.pm.PackageSamsungUtils,<android.content.pm.PackageSamsungUtils: java.util.ArrayList getCachedLiveIconPackagesLocked(android.content.Context)>,,"[other] .local v1, ""defaultClockPkgName"":Ljava/lang/String; → [invoke] com.samsung.android.feature.SemFloatingFeature.getString() → [other] .end local v1    # ""defaultClockPkgName"":Ljava/lang/String; → [other] move-exception v1 → [other] throw v1",94
com.android.calendar,framework,android.content.pm.PackageSamsungUtils,<android.content.pm.PackageSamsungUtils: java.util.ArrayList getCachedLiveIconPackagesLocked(android.content.Context)>,,[invoke] java.util.ArrayList.add() → [reassigned] v3 overwritten,94
com.samsung.android.calendar,framework,android.content.pm.PackageSamsungUtils,<android.content.pm.PackageSamsungUtils: java.util.ArrayList getCachedLiveIconPackagesLocked(android.content.Context)>,,[invoke] java.util.ArrayList.add() → [reassigned] v3 overwritten,94
com.sec.android.widgetapp.SPlannerAppWidget,framework,android.content.pm.PackageSamsungUtils,<android.content.pm.PackageSamsungUtils: java.util.ArrayList getCachedLiveIconPackagesLocked(android.content.Context)>,,[invoke] java.util.ArrayList.add() → [reassigned] v3 overwritten,94
com.samsung.android.game.gamehome,framework,android.content.pm.PackageSamsungUtils,<android.content.pm.PackageSamsungUtils: java.util.ArrayList getCachedLiveIconPackagesLocked(android.content.Context)>,,[invoke] java.util.ArrayList.add() → [reassigned] v3 overwritten,94
com.samsung.android.opencalendar,framework,android.content.pm.PackageSamsungUtils,<android.content.pm.PackageSamsungUtils: java.util.ArrayList getCachedLiveIconPackagesLocked(android.content.Context)>,,[invoke] java.util.ArrayList.add() → [reassigned] v3 overwritten,94
com.android.deskclock,framework,android.content.pm.PackageSamsungUtils,<android.content.pm.PackageSamsungUtils: java.util.ArrayList getCachedLiveIconPackagesLocked(android.content.Context)>,,[invoke] java.util.ArrayList.add(),94
com.sec.android.app.desktoplauncher,framework,android.content.om.SamsungThemeConstants,<android.content.om.SamsungThemeConstants: void <clinit>()>,early_return,"[other] filled-new-array/range {v1 .. v64}, [Ljava/lang/String; → [reassigned] v1 overwritten",295
com.samsung.tmowfc.wfcpref,framework,android.content.om.SamsungThemeConstants,<android.content.om.SamsungThemeConstants: void <clinit>()>,early_return,[reassigned] v3 overwritten,295
com.sec.android.app.launcher,framework,android.content.om.SamsungThemeConstants,<android.content.om.SamsungThemeConstants: void <clinit>()>,early_return,[reassigned] v4 overwritten,295
com.sec.android.app.FlashBarService,framework,android.content.om.SamsungThemeConstants,<android.content.om.SamsungThemeConstants: void <clinit>()>,early_return,[reassigned] v5 overwritten,295
com.android.nfc,framework,android.content.om.SamsungThemeConstants,<android.content.om.SamsungThemeConstants: void <clinit>()>,early_return,[reassigned] v6 overwritten,295
com.samsung.felicalock,framework,android.content.om.SamsungThemeConstants,<android.content.om.SamsungThemeConstants: void <clinit>()>,early_return,[reassigned] v7 overwritten,295
com.android.apps.tag,framework,android.content.om.SamsungThemeConstants,<android.content.om.SamsungThemeConstants: void <clinit>()>,early_return,[reassigned] v8 overwritten,295
com.samsung.app.newtrim,framework,android.content.om.SamsungThemeConstants,<android.content.om.SamsungThemeConstants: void <clinit>()>,early_return,[reassigned] v9 overwritten,295
com.samsung.android.securitylogagent,framework,android.content.om.SamsungThemeConstants,<android.content.om.SamsungThemeConstants: void <clinit>()>,early_return,[reassigned] v12 overwritten,295
com.sec.android.app.SecSetupWizard,framework,android.content.om.SamsungThemeConstants,<android.content.om.SamsungThemeConstants: void <clinit>()>,early_return,[reassigned] v13 overwritten,295
com.samsung.safetyinformation,framework,android.content.om.SamsungThemeConstants,<android.content.om.SamsungThemeConstants: void <clinit>()>,early_return,[reassigned] v14 overwritten,295
com.sec.android.app.wallpaperchooser,framework,android.content.om.SamsungThemeConstants,<android.content.om.SamsungThemeConstants: void <clinit>()>,early_return,[reassigned] v18 overwritten,295
com.sec.android.app.simsettingmgr,framework,android.content.om.SamsungThemeConstants,<android.content.om.SamsungThemeConstants: void <clinit>()>,early_return,[reassigned] v20 overwritten,295
com.samsung.android.app.shareaccessibilitysettings,framework,android.content.om.SamsungThemeConstants,<android.content.om.SamsungThemeConstants: void <clinit>()>,early_return,,295
com.google.android.marvin.talkback,framework,android.content.om.SamsungThemeConstants,<android.content.om.SamsungThemeConstants: void <clinit>()>,early_return,,295
com.samsung.android.SettingsReceiver,framework,android.content.om.SamsungThemeConstants,<android.content.om.SamsungThemeConstants: void <clinit>()>,early_return,,295
com.sec.android.app.popupuireceiver,framework,android.content.om.SamsungThemeConstants,<android.content.om.SamsungThemeConstants: void <clinit>()>,early_return,,295
com.sec.android.wallpapercropper2,framework,android.content.om.SamsungThemeConstants,<android.content.om.SamsungThemeConstants: void <clinit>()>,early_return,,295
com.samsung.android.MtpApplication,framework,android.content.om.SamsungThemeConstants,<android.content.om.SamsungThemeConstants: void <clinit>()>,early_return,,295
com.samsung.android.app.galaxylabs,framework,android.content.om.SamsungThemeConstants,<android.content.om.SamsungThemeConstants: void <clinit>()>,early_return,,295
com.sec.android.mimage.photoretouching,framework,android.content.om.SamsungThemeConstants,<android.content.om.SamsungThemeConstants: void <clinit>()>,early_return,,295
com.sec.android.mimage.gear360editor,framework,android.content.om.SamsungThemeConstants,<android.content.om.SamsungThemeConstants: void <clinit>()>,early_return,,295
com.android.providers.media,framework,android.content.om.SamsungThemeConstants,<android.content.om.SamsungThemeConstants: void <clinit>()>,early_return,,295
com.samsung.android.slinkcloud,framework,android.content.om.SamsungThemeConstants,<android.content.om.SamsungThemeConstants: void <clinit>()>,early_return,,295
com.sec.android.emergencylauncher,framework,android.content.om.SamsungThemeConstants,<android.content.om.SamsungThemeConstants: void <clinit>()>,early_return,,295
com.samsung.hongbaoassistant,framework,android.content.om.SamsungThemeConstants,<android.content.om.SamsungThemeConstants: void <clinit>()>,early_return,,295
com.sec.android.app.firewall,framework,android.content.om.SamsungThemeConstants,<android.content.om.SamsungThemeConstants: void <clinit>()>,early_return,,295
com.sec.app.screenrecorder,framework,android.content.om.SamsungThemeConstants,<android.content.om.SamsungThemeConstants: void <clinit>()>,early_return,,295
com.samsung.android.bixbytouch,framework,android.content.om.SamsungThemeConstants,<android.content.om.SamsungThemeConstants: void <clinit>()>,early_return,,295
com.samsung.android.mateagent,framework,android.content.om.SamsungThemeConstants,<android.content.om.SamsungThemeConstants: void <clinit>()>,early_return,,295
com.samsung.android.dynamiclock,framework,android.content.om.SamsungThemeConstants,<android.content.om.SamsungThemeConstants: void <clinit>()>,early_return,,295
com.android.bluetooth,framework,android.content.om.SamsungThemeConstants,<android.content.om.SamsungThemeConstants: void <clinit>()>,early_return,,295
com.samsung.advancedcalling,framework,android.content.om.SamsungThemeConstants,<android.content.om.SamsungThemeConstants: void <clinit>()>,early_return,,295
com.android.certinstaller,framework,android.content.om.SamsungThemeConstants,<android.content.om.SamsungThemeConstants: void <clinit>()>,early_return,,295
com.android.keychain,framework,android.content.om.SamsungThemeConstants,<android.content.om.SamsungThemeConstants: void <clinit>()>,early_return,,295
com.sec.android.app.quicktool,framework,android.content.om.SamsungThemeConstants,<android.content.om.SamsungThemeConstants: void <clinit>()>,early_return,,295
com.sec.unifiedwfc,framework,android.content.om.SamsungThemeConstants,<android.content.om.SamsungThemeConstants: void <clinit>()>,early_return,,295
com.samsung.advancedcalling,framework,android.content.om.SamsungThemeConstants,<android.content.om.SamsungThemeConstants: void <clinit>()>,early_return,,295
com.samsung.knox.securefolder,framework,android.content.om.SamsungThemeConstants,<android.content.om.SamsungThemeConstants: void <clinit>()>,early_return,,295
com.samsung.android.knox.containeragent,framework,android.content.om.SamsungThemeConstants,<android.content.om.SamsungThemeConstants: void <clinit>()>,early_return,,295
com.samsung.android.tencentwifisecurity,framework,android.content.om.SamsungThemeConstants,<android.content.om.SamsungThemeConstants: void <clinit>()>,early_return,,295
com.samsung.android.app.smartcapture,framework,android.content.om.SamsungThemeConstants,<android.content.om.SamsungThemeConstants: void <clinit>()>,early_return,,295
com.samsung.android.app.clipboardedge,framework,android.content.om.SamsungThemeConstants,<android.content.om.SamsungThemeConstants: void <clinit>()>,early_return,,295
com.android.certinstaller,framework,android.content.om.SamsungThemeConstants,<android.content.om.SamsungThemeConstants: void <clinit>()>,early_return,,295
com.android.keychain,framework,android.content.om.SamsungThemeConstants,<android.content.om.SamsungThemeConstants: void <clinit>()>,early_return,,295
com.samsung.android.fmm,framework,android.content.om.SamsungThemeConstants,<android.content.om.SamsungThemeConstants: void <clinit>()>,early_return,,295
com.sec.android.widgetapp.easymodecontactswidget,framework,android.content.om.SamsungThemeConstants,<android.content.om.SamsungThemeConstants: void <clinit>()>,early_return,,295
com.samsung.android.vdc,framework,android.content.om.SamsungThemeConstants,<android.content.om.SamsungThemeConstants: void <clinit>()>,early_return,"[other] filled-new-array/range {v1 .. v64}, [Ljava/lang/String;",295
com.android.systemui,framework,android.content.om.SamsungThemeConstants,<android.content.om.SamsungThemeConstants: void <clinit>()>,early_return,[reassigned] v2 overwritten,295
com.android.nfc,framework,android.content.om.SamsungThemeConstants,<android.content.om.SamsungThemeConstants: void <clinit>()>,early_return,[reassigned] v3 overwritten,295
com.samsung.android.universalswitch,framework,android.content.om.SamsungThemeConstants,<android.content.om.SamsungThemeConstants: void <clinit>()>,early_return,,295
com.android.providers.media,framework,android.content.om.SamsungThemeConstants,<android.content.om.SamsungThemeConstants: void <clinit>()>,early_return,,295
com.android.incallui,framework,android.content.om.SamsungThemeConstants,<android.content.om.SamsungThemeConstants: void <clinit>()>,early_return,,295
com.android.phone,framework,android.content.om.SamsungThemeConstants,<android.content.om.SamsungThemeConstants: void <clinit>()>,early_return,,295
com.samsung.android.app.aodservice,framework,android.content.om.SamsungThemeConstants,<android.content.om.SamsungThemeConstants: void <clinit>()>,early_return,,295
com.sec.android.app.launcher,framework,android.content.om.SamsungThemeConstants,<android.content.om.SamsungThemeConstants: void <clinit>()>,early_return,,295
com.sec.android.app.safetyassurance,framework,android.content.om.SamsungThemeConstants,<android.content.om.SamsungThemeConstants: void <clinit>()>,early_return,,295
com.samsung.android.incallui,framework,android.content.om.SamsungThemeConstants,<android.content.om.SamsungThemeConstants: void <clinit>()>,early_return,,295
com.samsung.android.scloud,framework,android.content.om.SamsungThemeConstants,<android.content.om.SamsungThemeConstants: void <clinit>()>,early_return,,295
com.android.bluetooth,framework,android.content.om.SamsungThemeConstants,<android.content.om.SamsungThemeConstants: void <clinit>()>,early_return,,295
com.samsung.android.mateagent,framework,android.content.om.SamsungThemeConstants,<android.content.om.SamsungThemeConstants: void <clinit>()>,early_return,,295
com.samsung.android.dynamiclock,framework,android.content.om.SamsungThemeConstants,<android.content.om.SamsungThemeConstants: void <clinit>()>,early_return,,295
com.samsung.android.messaging,framework,android.content.om.SamsungThemeConstants,<android.content.om.SamsungThemeConstants: void <clinit>()>,early_return,,295
com.samsung.android.localeoverlaymanager,framework,android.content.om.SamsungThemeConstants,<android.content.om.SamsungThemeConstants: void <clinit>()>,early_return,,295
com.samsung.android.app.dressroom,framework,android.content.om.SamsungThemeConstants,<android.content.om.SamsungThemeConstants: void <clinit>()>,early_return,,295
com.samsung.android.fast,framework,android.content.om.SamsungThemeConstants,<android.content.om.SamsungThemeConstants: void <clinit>()>,early_return,"[other] filled-new-array/range {v1 .. v20}, [Ljava/lang/String;",295
com.samsung.android.themecenter,framework,android.content.om.SamsungThemeConstants,<android.content.om.SamsungThemeConstants: void <clinit>()>,early_return,"[other] filled-new-array {v1, v2}, [Ljava/lang/String; → [reassigned] v1 overwritten",295
com.samsung.android.localeoverlaymanager,framework,android.content.om.SamsungThemeConstants,<android.content.om.SamsungThemeConstants: void <clinit>()>,early_return,"[other] filled-new-array {v1, v2}, [Ljava/lang/String; → [reassigned] v2 overwritten",295
com.nttdocomo.android.dhome,framework,android.content.om.SamsungThemeConstants,<android.content.om.SamsungThemeConstants: void <clinit>()>,early_return,"[other] filled-new-array {v1, v2}, [Ljava/lang/String; → [reassigned] v1 overwritten",295
com.nttdocomo.android.homezozo,framework,android.content.om.SamsungThemeConstants,<android.content.om.SamsungThemeConstants: void <clinit>()>,early_return,"[other] filled-new-array {v1, v2}, [Ljava/lang/String; → [reassigned] v2 overwritten",295
com.sec.android.app.camera,framework,android.content.om.SamsungThemeConstants,<android.content.om.SamsungThemeConstants: void <clinit>()>,early_return,"[other] filled-new-array {v1, v2}, [Ljava/lang/String; → [reassigned] v1 overwritten",295
com.samsung.knox.securefolder,framework,android.content.om.SamsungThemeConstants,<android.content.om.SamsungThemeConstants: void <clinit>()>,early_return,"[other] filled-new-array {v1, v2}, [Ljava/lang/String;",295
com.sec.android.app.voicenote,framework,android.content.om.SamsungThemeConstants$1,<android.content.om.SamsungThemeConstants$1: void <init>()>,early_return,[invoke] android.content.om.SamsungThemeConstants$1.put() → [reassigned] v0 overwritten,97
com.sec.android.app.music,framework,android.content.om.SamsungThemeConstants$1,<android.content.om.SamsungThemeConstants$1: void <init>()>,early_return,[invoke] android.content.om.SamsungThemeConstants$1.put() → [reassigned] v0 overwritten,97
com.samsung.android.video,framework,android.content.om.SamsungThemeConstants$1,<android.content.om.SamsungThemeConstants$1: void <init>()>,early_return,[invoke] android.content.om.SamsungThemeConstants$1.put() → [reassigned] v0 overwritten,97
com.sec.android.app.vepreload,framework,android.content.om.SamsungThemeConstants$1,<android.content.om.SamsungThemeConstants$1: void <init>()>,early_return,[invoke] android.content.om.SamsungThemeConstants$1.put() → [reassigned] v0 overwritten,97
com.samsung.app.highlightplayer,framework,android.content.om.SamsungThemeConstants$1,<android.content.om.SamsungThemeConstants$1: void <init>()>,early_return,[invoke] android.content.om.SamsungThemeConstants$1.put() → [reassigned] v0 overwritten,97
com.sec.android.app.clipvideo,framework,android.content.om.SamsungThemeConstants$1,<android.content.om.SamsungThemeConstants$1: void <init>()>,early_return,[invoke] android.content.om.SamsungThemeConstants$1.put() → [reassigned] v0 overwritten,97
com.samsung.android.scloud.backup,framework,android.content.om.SamsungThemeConstants$1,<android.content.om.SamsungThemeConstants$1: void <init>()>,early_return,[invoke] android.content.om.SamsungThemeConstants$1.put() → [reassigned] v0 overwritten,97
com.samsung.android.scloud,framework,android.content.om.SamsungThemeConstants$1,<android.content.om.SamsungThemeConstants$1: void <init>()>,early_return,[invoke] android.content.om.SamsungThemeConstants$1.put() → [reassigned] v2 overwritten,97
com.sec.android.widgetapp.ap.hero.accuweather,framework,android.content.om.SamsungThemeConstants$1,<android.content.om.SamsungThemeConstants$1: void <init>()>,early_return,[invoke] android.content.om.SamsungThemeConstants$1.put() → [reassigned] v0 overwritten,97
com.sec.android.daemonapp,framework,android.content.om.SamsungThemeConstants$1,<android.content.om.SamsungThemeConstants$1: void <init>()>,early_return,[invoke] android.content.om.SamsungThemeConstants$1.put(),97
com.samsung.android.qconnect,framework,android.content.om.SamsungThemeConstants$1,<android.content.om.SamsungThemeConstants$1: void <init>()>,early_return,[invoke] android.content.om.SamsungThemeConstants$1.put() → [reassigned] v0 overwritten,97
com.samsung.android.app.omcagent,framework,android.content.om.SamsungThemeConstants$1,<android.content.om.SamsungThemeConstants$1: void <init>()>,early_return,[invoke] android.content.om.SamsungThemeConstants$1.put() → [reassigned] v0 overwritten,97
com.samsung.android.app.dtv.dmb,framework,android.content.om.SamsungThemeConstants$1,<android.content.om.SamsungThemeConstants$1: void <init>()>,early_return,[invoke] android.content.om.SamsungThemeConstants$1.put() → [reassigned] v0 overwritten,97
com.sec.android.app.dmb,framework,android.content.om.SamsungThemeConstants$1,<android.content.om.SamsungThemeConstants$1: void <init>()>,early_return,[invoke] android.content.om.SamsungThemeConstants$1.put() → [reassigned] v0 overwritten,97
com.samsung.android.smartmirroring,framework,android.content.om.SamsungThemeConstants$1,<android.content.om.SamsungThemeConstants$1: void <init>()>,early_return,[invoke] android.content.om.SamsungThemeConstants$1.put() → [reassigned] v0 overwritten,97
com.samsung.android.samsungpass,framework,android.content.om.SamsungThemeConstants$1,<android.content.om.SamsungThemeConstants$1: void <init>()>,early_return,[invoke] android.content.om.SamsungThemeConstants$1.put() → [reassigned] v0 overwritten,97
com.samsung.android.app.routines,framework,android.content.om.SamsungThemeConstants$1,<android.content.om.SamsungThemeConstants$1: void <init>()>,early_return,[invoke] android.content.om.SamsungThemeConstants$1.put(),97
com.sec.location.nfwlocationprivacy,framework,android.telephony.CarrierConfigManager$Gps,<android.telephony.CarrierConfigManager$Gps: android.os.PersistableBundle getDefaults()>,,[invoke] android.os.PersistableBundle.putString() → [reassigned] v2 overwritten,104
com.samsung.android.app.telephonyui,framework,android.telecom.TelecomManager,<android.telecom.TelecomManager: void <clinit>()>,early_return,[invoke] android.content.ComponentName.createRelative() → [reassigned] v0 overwritten,35
com.android.phone,framework,android.telecom.PhoneAccountHandle,<android.telecom.PhoneAccountHandle: void <clinit>()>,early_return,[invoke] android.content.ComponentName.<init>(),23
com.android.nfc,framework,android.nfc.NfcActivityManager,<android.nfc.NfcActivityManager: android.nfc.BeamShareData createBeamShareData(byte)>,string_compare,[invoke] android.app.Activity.grantUriPermission(),400
com.sec.android.diagmonagent,framework,android.view.accessibility.A11yLogger,<android.view.accessibility.A11yLogger: boolean checkVersionOfDMA(android.content.Context)>,early_return,[invoke] android.content.pm.PackageManager.getPackageInfo() → [reassigned] v2 overwritten,67
com.samsung.accessibility,framework,android.view.accessibility.A11yLogger,"<android.view.accessibility.A11yLogger: void insertSALog(android.content.Context,java.lang.String,java.lang.String,long,java.lang.String)>",early_return,[invoke] android.os.Bundle.putString() → [reassigned] v2 overwritten,126
com.sec.android.diagmonagent,framework,android.view.accessibility.A11yLogger,"<android.view.accessibility.A11yLogger: void insertSALog(android.content.Context,java.lang.String,java.lang.String,long,java.lang.String)>",early_return,"[invoke] android.content.Intent.setPackage() → [other] sget-object v2, Landroid/os/UserHandle;->ALL:Landroid/os/Use → [invoke] android.content.Context.sendBroadcastAsUser()",126
com.ws.dm,framework,android.os.RecoverySystem,"<android.os.RecoverySystem: void installPackage(android.content.Context,java.io.File,boolean)>",string_compare,"[invoke] java.lang.String.equals() → [other] move-result v12 → [branch] if-eqz v12, :cond_14d → [other] new-instance v12, Ljava/lang/StringBuilder; → [invoke] java.lang.StringBuilder.<init>()",980
com.samsung.sdm.sdmviewer,framework,android.os.RecoverySystem,"<android.os.RecoverySystem: void installPackage(android.content.Context,java.io.File,boolean)>",string_compare,"[invoke] java.lang.String.equals() → [other] move-result v12 → [branch] if-eqz v12, :cond_16e → [other] new-instance v12, Ljava/lang/StringBuilder; → [invoke] java.lang.StringBuilder.<init>()",980
com.android.dynsystem,framework,android.os.image.DynamicSystemClient,<android.os.image.DynamicSystemClient: void bind()>,early_return,"[invoke] android.content.Intent.setClassName() → [other] iget-object v1, p0, Landroid/os/image/DynamicSystemClient;-> → [invoke] android.content.Context.bindService()",33
com.android.dynsystem,framework,android.os.image.DynamicSystemClient,"<android.os.image.DynamicSystemClient: void start(android.net.Uri,long,long)>",early_return,[invoke] android.content.Intent.setClassName() → [reassigned] v1 overwritten,50
com.sec.android.easyMover.Agent,framework,android.mtp.MtpDatabase,<android.mtp.MtpDatabase: void initializeSerivce()>,early_return,[invoke] android.content.ComponentName.<init>() → [reassigned] v3 overwritten,57
com.sec.android.easyMover,framework,android.mtp.MtpDatabase,<android.mtp.MtpDatabase: void initializeSerivce()>,early_return,[invoke] android.content.ComponentName.<init>() → [reassigned] v3 overwritten,57
com.kddi.extcontroldevice,framework,com.sec.rll.ExtControlDeviceService,<com.sec.rll.ExtControlDeviceService: boolean isAccessPermitted()>,early_return,"[invoke] java.lang.String.startsWith() → [other] move-result v8 → [branch] if-eqz v8, :cond_40",128
com.sec.android.iaft,framework,com.sec.android.iaft.IAFDDiagnosis$IAFD_CONTROLINFO,<com.sec.android.iaft.IAFDDiagnosis$IAFD_CONTROLINFO: boolean isInWhiteList(java.lang.String)>,string_compare;early_return,"[invoke] java.lang.String.equals() → [other] move-result v0 → [branch] if-eqz v0, :cond_a → [other] iget-boolean v0, p0, Lcom/sec/android/iaft/IAFDDiagnosis$IAF → [branch] if-nez v0, :cond_10",62
com.samsung.android.voc,framework,com.sec.android.iaft.IAFDDiagnosis,"<com.sec.android.iaft.IAFDDiagnosis: int getRepairType(int,java.lang.String)>",string_compare;early_return,[invoke] android.content.pm.PackageManager.getPackageInfo() → [reassigned] v3 overwritten,182
com.samsung.android.lool,framework,com.sec.android.iaft.IAFDDiagnosis,<com.sec.android.iaft.IAFDDiagnosis: void init(android.content.Context)>,string_compare;early_return,[invoke] com.samsung.android.feature.SemFloatingFeature.getString(),43
com.samsung.android.sm_cn,framework,com.sec.android.iaft.IAFDDiagnosis,<com.sec.android.iaft.IAFDDiagnosis: void init(android.content.Context)>,string_compare;early_return,[invoke] java.lang.String.equals(),43
com.samsung.android.lool,framework,com.sec.android.iaft.IAFDDiagnosis,"<com.sec.android.iaft.IAFDDiagnosis: boolean showIAFDCrashDialogs(int,int,java.lang.String)>",string_compare;early_return,"[invoke] com.samsung.android.feature.SemFloatingFeature.getString() → [other] new-instance v6, Landroid/content/Intent; → [invoke] android.content.Intent.<init>() → [other] move-object v1, v6 → [reassigned] v6 overwritten",516
com.sec.android.iaft,framework,com.sec.android.iaft.IAFDDiagnosis,"<com.sec.android.iaft.IAFDDiagnosis: boolean showIAFDCrashDialogs(int,int,java.lang.String)>",string_compare;early_return,[invoke] android.content.Intent.setClassName() → [reassigned] v6 overwritten,516
com.android.traceur,framework,com.sec.android.iaft.IAFTManagerServiceImpl$ServiceHandler,<com.sec.android.iaft.IAFTManagerServiceImpl$ServiceHandler: void handleMessage(android.os.Message)>,early_return,[invoke] android.content.Intent.setPackage() → [invoke] android.content.Intent.setPackage() → [reassigned] v2 overwritten,198
com.google.android.webview,framework,com.sec.android.iaft.IAFDHCDatabase,"<com.sec.android.iaft.IAFDHCDatabase: void init(android.content.Context,java.lang.String,boolean)>",early_return,[invoke] com.sec.android.iaft.IAFDDiagnosis$IAFD_CONTROLINFO.setwebVi → [reassigned] v2 overwritten,1703
com.google.android.webview,framework,com.sec.android.iaft.IAFDHCDatabase,"<com.sec.android.iaft.IAFDHCDatabase: void init(android.content.Context,java.lang.String,boolean)>",early_return,[reassigned] v5 overwritten,1703
com.google.android.trichromelibrary,framework,com.sec.android.iaft.IAFDHCDatabase,"<com.sec.android.iaft.IAFDHCDatabase: void init(android.content.Context,java.lang.String,boolean)>",early_return,[reassigned] v5 overwritten,1703
com.google.android.webview,framework,com.sec.android.iaft.IAFDHCDatabase,"<com.sec.android.iaft.IAFDHCDatabase: void init(android.content.Context,java.lang.String,boolean)>",early_return,[reassigned] v5 overwritten,1703
com.google.android.trichromelibrary,framework,com.sec.android.iaft.IAFDHCDatabase,"<com.sec.android.iaft.IAFDHCDatabase: void init(android.content.Context,java.lang.String,boolean)>",early_return,[reassigned] v5 overwritten,1703
com.samsung.android.sm_cn,framework,com.sec.android.iaft.IAFDServiceImpl$2,"<com.sec.android.iaft.IAFDServiceImpl$2: void onClick(android.content.DialogInterface,int)>",string_compare;early_return,"[invoke] android.content.Intent.setPackage() → [other] iget-object v1, p0, Lcom/sec/android/iaft/IAFDServiceImpl$2; → [invoke] android.content.Intent.putExtras() → [other] iget-object v1, p0, Lcom/sec/android/iaft/IAFDServiceImpl$2; → [invoke] com.sec.android.iaft.IAFDServiceImpl.-$$Nest$fgetmContext()",78
com.samsung.android.lool,framework,com.sec.android.iaft.IAFDServiceImpl,"<com.sec.android.iaft.IAFDServiceImpl: boolean IAFDstartApp(android.os.Bundle,boolean)>",string_compare;early_return,[invoke] com.samsung.android.feature.SemFloatingFeature.getString(),233
com.android.systemui,framework,com.samsung.isrb.IsrbHooks,<com.samsung.isrb.IsrbHooks: void init()>,string_compare;early_return;system_property_read,"[invoke] java.lang.String.equals() → [other] move-result v3 → [branch] if-nez v3, :cond_41 → [reassigned] v3 overwritten",118
com.android.phone,framework,com.samsung.isrb.IsrbHooks,<com.samsung.isrb.IsrbHooks: void init()>,string_compare;early_return;system_property_read,"[invoke] java.lang.String.equals() → [other] move-result v3 → [branch] if-eqz v3, :cond_3f → [other] move v3, v2 → [reassigned] v3 overwritten",118
com.samsung.cmfa.AuthTouch,framework,com.samsung.cmfa.AuthTouch.AuthFactorTouchManager,<com.samsung.cmfa.AuthTouch.AuthFactorTouchManager: void connectService()>,early_return,"[other] .local v1, ""pkg"":Ljava/lang/String; → [invoke] android.content.ComponentName.<init>() → [invoke] android.content.Intent.setPackage()",47
com.samsung.android.smartface,framework,com.samsung.android.smartface.SmartFaceManager,<com.samsung.android.smartface.SmartFaceManager: void startSmartFaceService()>,early_return,"[invoke] android.content.ComponentName.<init>() → [other] sget-object v2, Landroid/os/UserHandle;->CURRENT_OR_SELF:Lan → [invoke] android.content.Context.startServiceAsUser() → [reassigned] v2 overwritten",53
com.sec.android.emergencylauncher,framework,com.samsung.android.emergencymode.SemEmergencyManager,<com.samsung.android.emergencymode.SemEmergencyManager: void setMpsmApplicationEnabled()>,early_return;package_enable_disable,[invoke] android.content.pm.PackageManager.getApplicationEnabledSetti → [invoke] android.content.pm.PackageManager.setApplicationEnabledSetti → [invoke] android.content.ComponentName.<init>() → [invoke] android.content.ComponentName.<init>() → [alias] v1 → v1,188
com.sec.android.emergencylauncher,framework,com.samsung.android.emergencymode.SemEmergencyManager,<com.samsung.android.emergencymode.SemEmergencyManager: void setMpsmApplicationEnabled()>,early_return;package_enable_disable,"[other] .local v2, ""mpsmPkg"":Ljava/lang/String;",188
com.sec.android.emergencymode.service,framework,com.samsung.android.emergencymode.SemEmergencyManager,"<com.samsung.android.emergencymode.SemEmergencyManager: void startService(java.lang.String,boolean,int,boolean,android.content.Intent)>",string_compare;early_return,"[invoke] android.content.ComponentName.<init>() → [other] new-instance v2, Ljava/lang/StringBuilder; → [invoke] java.lang.StringBuilder.<init>() → [invoke] java.lang.StringBuilder.append() → [reassigned] v2 overwritten",204
com.sec.android.emergencymode.service,framework,com.samsung.android.emergencymode.SemEmergencyManager,<com.samsung.android.emergencymode.SemEmergencyManager: void stopService()>,early_return,"[invoke] android.content.ComponentName.<init>() → [other] new-instance v3, Ljava/lang/StringBuilder; → [invoke] java.lang.StringBuilder.<init>() → [invoke] java.lang.StringBuilder.append() → [reassigned] v3 overwritten",125
com.samsung.android.hmt.vrsvc,framework,com.samsung.android.vr.GearVrManager,"<com.samsung.android.vr.GearVrManager: android.content.Intent createWaitActivityIntent(java.lang.String,android.content.IntentSender,int)>",,[invoke] android.content.Intent.setPackage() → [reassigned] v1 overwritten,40
com.samsung.android.lwe,framework,com.samsung.android.lwe.SemWebView,<com.samsung.android.lwe.SemWebView: boolean checkSignature(android.content.Context)>,early_return,"[invoke] android.content.pm.PackageManager.getPackageInfo() → [other] iget-object v5, v3, Landroid/content/pm/PackageInfo;->signat → [branch] if-eqz v5, :cond_60 → [other] iget-object v5, v4, Landroid/content/pm/PackageInfo;->signat → [branch] if-nez v5, :cond_23",194
com.samsung.android.lwe,framework,com.samsung.android.lwe.SemWebView,"<com.samsung.android.lwe.SemWebView: com.samsung.android.lwe.LweWebView getLWEWebViewInstance(android.content.Context,android.util.AttributeSet,int)>",,[invoke] android.content.pm.PackageManager.getPackageInfo() → [invoke] android.content.pm.PackageManager.getPackageInfo() → [reassigned] v2 overwritten,490
com.android.systemui,framework,com.samsung.android.bio.face.SemBioFaceManager,<com.samsung.android.bio.face.SemBioFaceManager: boolean isKeyguard(java.lang.String)>,string_compare;early_return,"[invoke] java.lang.String.equals() → [other] move-result v0 → [branch] if-nez v0, :cond_13 → [reassigned] v0 overwritten",35
com.samsung.desktopsystemui,framework,com.samsung.android.bio.face.SemBioFaceManager,<com.samsung.android.bio.face.SemBioFaceManager: boolean isKeyguard(java.lang.String)>,string_compare;early_return,"[invoke] java.lang.String.equals() → [other] move-result v0 → [branch] if-eqz v0, :cond_11 → [reassigned] v0 overwritten",35
com.samsung.android.server.iris,framework,com.samsung.android.bio.iris.SemIrisManager,<com.samsung.android.bio.iris.SemIrisManager: java.lang.String getAcquiredString(int)>,,[invoke] android.content.pm.PackageManager.getResourcesForApplication → [reassigned] v1 overwritten,197
com.samsung.android.server.iris,framework,com.samsung.android.bio.iris.SemIrisManager,<com.samsung.android.bio.iris.SemIrisManager: java.lang.String getErrorString(int)>,,[invoke] android.content.pm.PackageManager.getResourcesForApplication → [reassigned] v1 overwritten,426
com.samsung.android.server.iris,framework,com.samsung.android.bio.iris.SemIrisManager,<com.samsung.android.bio.iris.SemIrisManager: void startIrisService()>,early_return,"[invoke] android.content.ComponentName.<init>() → [other] sget-object v2, Landroid/os/UserHandle;->CURRENT_OR_SELF:Lan → [invoke] android.content.Context.startServiceAsUser() → [reassigned] v2 overwritten",69
com.sec.android.diagmonagent,framework,com.samsung.android.core.RunestoneLogger,"<com.samsung.android.core.RunestoneLogger: void sendRunestoneLogging(android.content.Context,int,int,java.util.ArrayList)>",early_return,"[invoke] android.content.Intent.setPackage() → [other] sget-object v4, Landroid/os/UserHandle;->CURRENT_OR_SELF:Lan → [invoke] android.content.Context.sendBroadcastAsUser()",216
com.sec.android.diagmonagent,framework,com.samsung.android.core.CoreSaLogger,"<com.samsung.android.core.CoreSaLogger: void lambda$sendSaLoggingBroadcast$0(java.lang.String,java.lang.String,long,java.lang.String,android.content.Context)>",string_compare;early_return,"[invoke] android.content.Intent.setPackage() → [other] const/high16 v2, 0x4000000 → [invoke] android.content.Intent.addFlags() → [other] sget-object v2, Landroid/os/UserHandle;->CURRENT_OR_SELF:Lan → [invoke] android.content.Context.sendBroadcastAsUser()",291
com.sec.android.diagmonagent,framework,com.samsung.android.core.CoreSaLogger,"<com.samsung.android.core.CoreSaLogger: void lambda$sendSaLoggingBroadcastForSetting$1(java.lang.String,java.lang.String,java.lang.String,android.content.Context)>",string_compare;early_return,"[invoke] android.content.Intent.setPackage() → [other] const/high16 v3, 0x4000000 → [invoke] android.content.Intent.addFlags() → [other] sget-object v3, Landroid/os/UserHandle;->CURRENT_OR_SELF:Lan → [invoke] android.content.Context.sendBroadcastAsUser()",212
com.android.contacts,framework,com.samsung.android.app.SemDualAppManager,"<com.samsung.android.app.SemDualAppManager: boolean shouldAddUserId(android.net.Uri,int)>",string_compare;early_return,"[invoke] java.lang.String.equals() → [other] move-result v3 → [branch] if-nez v3, :cond_30 → [reassigned] v3 overwritten",79
com.android.calendar,framework,com.samsung.android.app.SemDualAppManager,"<com.samsung.android.app.SemDualAppManager: boolean shouldAddUserId(android.net.Uri,int)>",string_compare;early_return,"[invoke] java.lang.String.equals() → [other] move-result v3 → [branch] if-nez v3, :cond_30 → [reassigned] v3 overwritten",79
com.samsung.android.bixbytouch,framework,com.samsung.android.widget.SemPressGestureDetector$5,<com.samsung.android.widget.SemPressGestureDetector$5: void run()>,early_return,[invoke] com.samsung.android.widget.SemPressGestureDetector.-$$Nest$m,55
com.samsung.android.bixbytouch,framework,com.samsung.android.widget.SemPressGestureDetector$4,<com.samsung.android.widget.SemPressGestureDetector$4: void run()>,early_return,[invoke] com.samsung.android.widget.SemPressGestureDetector.-$$Nest$s → [invoke] com.samsung.android.widget.SemPressGestureDetector.-$$Nest$f,203
com.samsung.android,framework,com.samsung.android.sume.core.plugin.PluginStore,<com.samsung.android.sume.core.plugin.PluginStore: boolean lambda$getPluginName$2(java.lang.String)>,early_return,[invoke] java.lang.String.startsWith() → [other] move-result v0 → [other] return v0,13
com.samsung.android.sume.nn.service,framework,com.samsung.android.sume.nn.SumeNNClient$Builder,<com.samsung.android.sume.nn.SumeNNClient$Builder: com.samsung.android.sume.nn.SumeNNClient build()>,,"[invoke] android.content.pm.PackageManager.getPackageInfo() → [other] iget-object v1, p0, Lcom/samsung/android/sume/nn/SumeNNClien → [branch] if-eqz v1, :cond_54 → [reassigned] v1 overwritten",223
com.samsung.android.sume.nn.service,framework,com.samsung.android.sume.nn.SumeNNClient,<com.samsung.android.sume.nn.SumeNNClient: void init()>,early_return,"[invoke] android.content.Intent.setClassName() → [other] iget-object v2, p0, Lcom/samsung/android/sume/nn/SumeNNClien → [invoke] android.content.Context.startService() → [other] iget-object v2, p0, Lcom/samsung/android/sume/nn/SumeNNClien → [invoke] android.content.Context.bindService()",49
com.samsung.android.sume.nn.service,framework,com.samsung.android.sume.nn.SumeNN$Builder,<com.samsung.android.sume.nn.SumeNN$Builder: com.samsung.android.sume.nn.SumeNN build()>,,"[invoke] android.content.pm.PackageManager.getPackageInfo() → [other] iget-object v1, p0, Lcom/samsung/android/sume/nn/SumeNN$Buil → [branch] if-eqz v1, :cond_54 → [reassigned] v1 overwritten",248
com.samsung.android.sume.nn.service,framework,com.samsung.android.sume.nn.SumeNN,<com.samsung.android.sume.nn.SumeNN: void init()>,early_return,"[invoke] android.content.Intent.setClassName() → [other] iget-object v2, p0, Lcom/samsung/android/sume/nn/SumeNN;->co → [invoke] android.content.Context.startService() → [other] iget-object v2, p0, Lcom/samsung/android/sume/nn/SumeNN;->co → [invoke] android.content.Context.bindService()",49
com.samsung.android.sume.nn.service,framework,com.samsung.android.sume.solution.service.NNDirector,<com.samsung.android.sume.solution.service.NNDirector: void <init>(com.samsung.android.sume.core.service.ServiceProxySupplier)>,early_return,"[field_store] com.samsung.android.sume.solution.service.NNDirector.default → [field_store] aput-object v0, v3, v4 → [reassigned] v0 overwritten",80
com.samsung.android.server.iris,framework,com.samsung.android.camera.iris.SemIrisManager,<com.samsung.android.camera.iris.SemIrisManager: java.lang.String getAcquiredString(int)>,,[invoke] android.content.pm.PackageManager.getResourcesForApplication → [reassigned] v1 overwritten,197
com.samsung.android.server.iris,framework,com.samsung.android.camera.iris.SemIrisManager,<com.samsung.android.camera.iris.SemIrisManager: java.lang.String getErrorString(int)>,,[invoke] android.content.pm.PackageManager.getResourcesForApplication → [reassigned] v1 overwritten,426
com.samsung.android.server.iris,framework,com.samsung.android.camera.iris.SemIrisManager,<com.samsung.android.camera.iris.SemIrisManager: void startIrisService()>,early_return,"[invoke] android.content.ComponentName.<init>() → [other] sget-object v2, Landroid/os/UserHandle;->CURRENT_OR_SELF:Lan → [invoke] android.content.Context.startServiceAsUser() → [reassigned] v2 overwritten",69
com.samsung.android.location,framework,com.samsung.android.location.SLocationLoader,"<com.samsung.android.location.SLocationLoader: java.lang.Class getClassFromLib(android.content.Context,java.lang.String)>",,[invoke] android.content.Context.createPackageContext() → [reassigned] v0 overwritten,31
com.samsung.android.app.aodservice,framework,com.samsung.android.aod.AODManager,"<com.samsung.android.aod.AODManager: void updateAODTspRect(int,int,int,int)>",early_return,[invoke] com.samsung.android.aod.IAODManager.updateAODTspRect(),76
com.samsung.android.dsms,framework,com.samsung.android.jdsms.Sender,<com.samsung.android.jdsms.Sender: void sendMessage(com.samsung.android.jdsms.DsmsMessage)>,early_return,[invoke] android.os.Bundle.putString() → [reassigned] v2 overwritten,145
com.sec.android.diagmonagent,framework,com.samsung.android.jdsms.Sender,<com.samsung.android.jdsms.Sender: void sendMessage(com.samsung.android.jdsms.DsmsMessage)>,early_return,"[invoke] android.content.Intent.setPackage() → [other] iget-object v3, p0, Lcom/samsung/android/jdsms/Sender;->mCon → [invoke] android.content.Context.sendBroadcastAsUser() → [reassigned] v3 overwritten",145
com.samsung.android.dsms,framework,com.samsung.android.jdsms.DsmsInfoCache$DsmsInfoServiceClient,<com.samsung.android.jdsms.DsmsInfoCache$DsmsInfoServiceClient: boolean bind()>,early_return,[invoke] android.content.Intent.setPackage() → [reassigned] v2 overwritten,74
com.google.android.youtube,framework,com.samsung.android.content.smartclip.SmartClipDataCropperImpl,"<com.samsung.android.content.smartclip.SmartClipDataCropperImpl: int extractDefaultSmartClipData(android.view.View,com.samsung.android.content.smartclip.SemSmartClipCroppedArea,com.samsung.android.content.smartclip.SmartClipDataElementImpl)>",string_compare;early_return,[invoke] java.lang.String.equals() → [reassigned] v4 overwritten,209
com.google.android.youtube,framework,com.samsung.android.content.smartclip.SemSmartClipDataRepository,<com.samsung.android.content.smartclip.SemSmartClipDataRepository: boolean determineContentType()>,string_compare;early_return,[invoke] java.lang.String.equals() → [reassigned] v12 overwritten,381
com.skt.t_smart_charge,framework,com.samsung.android.globalactions.util.TSafeLockUtil,<com.samsung.android.globalactions.util.TSafeLockUtil: boolean isTSafeLock()>,early_return,[invoke] android.content.pm.PackageManager.getApplicationInfo() → [reassigned] v4 overwritten,95
com.ws.dm,framework,com.samsung.android.globalactions.util.SystemController,<com.samsung.android.globalactions.util.SystemController: void startATTForceUpdate()>,early_return,"[invoke] android.content.Intent.setPackage() → [other] iget-object v1, p0, Lcom/samsung/android/globalactions/util/ → [invoke] android.content.Context.sendBroadcast()",29
com.samsung.android.app.bikemode,framework,com.samsung.android.globalactions.util.PackageManagerWrapper,<com.samsung.android.globalactions.util.PackageManagerWrapper: void <init>(android.content.Context)>,early_return,[field_store] com.samsung.android.globalactions.util.PackageManagerWrapper → [reassigned] v0 overwritten,42
com.sec.android.app.kidshome,framework,com.samsung.android.globalactions.util.PackageManagerWrapper,<com.samsung.android.globalactions.util.PackageManagerWrapper: void <init>(android.content.Context)>,early_return,[field_store] com.samsung.android.globalactions.util.PackageManagerWrapper → [reassigned] v0 overwritten,42
com.ws.dm,framework,com.samsung.android.globalactions.util.PackageManagerWrapper,<com.samsung.android.globalactions.util.PackageManagerWrapper: void <init>(android.content.Context)>,early_return,[field_store] com.samsung.android.globalactions.util.PackageManagerWrapper → [reassigned] v0 overwritten,42
com.ws.dm,framework,com.samsung.android.globalactions.util.PackageManagerWrapper,<com.samsung.android.globalactions.util.PackageManagerWrapper: boolean isATTFOTAPackageAvailable()>,early_return,[invoke] com.samsung.android.globalactions.util.PackageManagerWrapper → [reassigned] v0 overwritten,25
com.sec.android.app.kidshome,framework,com.samsung.android.globalactions.util.PackageManagerWrapper,<com.samsung.android.globalactions.util.PackageManagerWrapper: boolean isKidsHomeMode()>,early_return,"[invoke] android.content.ComponentName.<init>() → [other] new-instance v1, Landroid/content/Intent; → [invoke] android.content.Intent.<init>() → [other] .local v1, ""intent"":Landroid/content/Intent; → [invoke] android.content.Intent.addCategory()",57
com.att.iqi,framework,com.samsung.android.game.GmsLog,<com.samsung.android.game.GmsLog: java.lang.String replaceForbiddenString(java.lang.String)>,,[invoke] java.lang.String.replace() → [reassigned] v0 overwritten,24
com.sec.imsservice,framework,com.samsung.android.ims.options.SemCapabilityManager,<com.samsung.android.ims.options.SemCapabilityManager: void connect()>,early_return,"[invoke] android.content.Intent.setClassName() → [other] iget-object v1, p0, Lcom/samsung/android/ims/options/SemCapa → [invoke] com.samsung.android.ims.extensions.SemContextExt.bindService",79
com.samsung.android.service.airviewdictionary,framework,com.samsung.android.infoextraction.SemInfoExtractionManager,<com.samsung.android.infoextraction.SemInfoExtractionManager: boolean bindInfoExtractionService()>,early_return,"[invoke] android.content.Intent.setPackage() → [other] iget-object v2, p0, Lcom/samsung/android/infoextraction/SemI → [invoke] android.content.Context.bindService() → [other] sget-object v2, Lcom/samsung/android/infoextraction/SemInfoE → [invoke] android.util.Log.d()",67
com.samsung.android.service.airviewdictionary,framework,com.samsung.android.infoextraction.SemInfoExtractionManager,<com.samsung.android.infoextraction.SemInfoExtractionManager: void hideLinkPreview()>,early_return,[invoke] android.content.Intent.setPackage() → [reassigned] v1 overwritten,65
com.samsung.android.service.airviewdictionary,framework,com.samsung.android.infoextraction.SemInfoExtractionManager,"<com.samsung.android.infoextraction.SemInfoExtractionManager: void showLinkPreview(java.lang.String,android.graphics.Rect)>",early_return,[invoke] android.content.Intent.setPackage() → [reassigned] v1 overwritten,97
com.samsung.android.app.appsedge,framework,com.samsung.android.multiwindow.MultiWindowUtils,"<com.samsung.android.multiwindow.MultiWindowUtils: android.content.Intent getEdgeAllAppsActivityIntent(android.content.ComponentName,int,int)>",,[invoke] android.content.ComponentName.<init>(),46
com.sec.android.app.launcher,framework,com.samsung.android.multiwindow.MultiWindowUtils,<com.samsung.android.multiwindow.MultiWindowUtils: boolean isDefaultLauncher(android.content.Context)>,string_compare;early_return,[invoke] java.lang.String.equals() → [other] move-result v2 → [other] return v2,63
com.sec.android.app.desktoplauncher,framework,com.samsung.android.multiwindow.DecorCaptionCompatWindow,<com.samsung.android.multiwindow.DecorCaptionCompatWindow: boolean existsDexLabsActivity(android.app.Activity)>,early_return,"[invoke] android.content.ComponentName.<init>() → [other] move-result v3 → [other] if-lez v3, :cond_29",63
com.samsung.android.app.telephonyui,framework,com.samsung.android.service.SemService.SemServiceManager$1,<com.samsung.android.service.SemService.SemServiceManager$1: void run()>,string_compare;early_return,"[invoke] android.content.Intent.setPackage() → [other] iget-object v3, v1, Lcom/samsung/android/service/SemService/ → [invoke] com.samsung.android.service.SemService.SemServiceManager.-$$ → [reassigned] v3 overwritten",5701
com.samsung.android.knox.containeragent,framework,com.samsung.android.knox.SemPersonaManager,<com.samsung.android.knox.SemPersonaManager: void <clinit>()>,string_compare;early_return;system_property_read,"[other] filled-new-array {v1, v2}, [Ljava/lang/String; → [field_store] aput-object v1, v2, v3 → [reassigned] v1 overwritten",963
com.sec.hearingadjust,framework,com.samsung.android.knox.SemPersonaManager,<com.samsung.android.knox.SemPersonaManager: void <clinit>()>,string_compare;early_return;system_property_read,"[other] filled-new-array {v1, v2}, [Ljava/lang/String; → [reassigned] v2 overwritten",963
com.android.mms,framework,com.samsung.android.knox.SemPersonaManager,<com.samsung.android.knox.SemPersonaManager: void <clinit>()>,string_compare;early_return;system_property_read,[invoke] com.samsung.android.knox.SemPersonaManager.getFloatingPackag → [reassigned] v4 overwritten,963
com.android.settings,framework,com.samsung.android.knox.SemPersonaManager,<com.samsung.android.knox.SemPersonaManager: void <clinit>()>,string_compare;early_return;system_property_read,"[field_store] aput-object v4, v2, v3 → [reassigned] v4 overwritten",963
com.sec.knox.knoxsetupwizardclient,framework,com.samsung.android.knox.SemPersonaManager,<com.samsung.android.knox.SemPersonaManager: void <clinit>()>,string_compare;early_return;system_property_read,"[field_store] aput-object v4, v2, v3 → [reassigned] v4 overwritten",963
com.sec.chaton,framework,com.samsung.android.knox.SemPersonaManager,<com.samsung.android.knox.SemPersonaManager: void <clinit>()>,string_compare;early_return;system_property_read,"[field_store] aput-object v4, v2, v3 → [reassigned] v4 overwritten",963
com.sec.pcw,framework,com.samsung.android.knox.SemPersonaManager,<com.samsung.android.knox.SemPersonaManager: void <clinit>()>,string_compare;early_return;system_property_read,"[field_store] aput-object v4, v2, v3 → [reassigned] v4 overwritten",963
com.samsung.android.knox.containercore,framework,com.samsung.android.knox.SemPersonaManager,<com.samsung.android.knox.SemPersonaManager: void <clinit>()>,string_compare;early_return;system_property_read,"[field_store] aput-object v3, v2, v1 → [reassigned] v3 overwritten",963
com.sec.watchon.phone,framework,com.samsung.android.knox.SemPersonaManager,<com.samsung.android.knox.SemPersonaManager: void <clinit>()>,string_compare;early_return;system_property_read,"[field_store] aput-object v3, v2, v1 → [reassigned] v3 overwritten",963
com.sec.android.automotive.drivelink,framework,com.samsung.android.knox.SemPersonaManager,<com.samsung.android.knox.SemPersonaManager: void <clinit>()>,string_compare;early_return;system_property_read,"[field_store] aput-object v3, v2, v1 → [reassigned] v3 overwritten",963
com.sec.android.app.shealth,framework,com.samsung.android.knox.SemPersonaManager,<com.samsung.android.knox.SemPersonaManager: void <clinit>()>,string_compare;early_return;system_property_read,"[field_store] aput-object v3, v2, v1 → [reassigned] v3 overwritten",963
com.sec.android.app.voicenote,framework,com.samsung.android.knox.SemPersonaManager,<com.samsung.android.knox.SemPersonaManager: void <clinit>()>,string_compare;early_return;system_property_read,"[field_store] aput-object v3, v2, v1 → [reassigned] v3 overwritten",963
com.sec.android.app.kidshome,framework,com.samsung.android.knox.SemPersonaManager,<com.samsung.android.knox.SemPersonaManager: void <clinit>()>,string_compare;early_return;system_property_read,"[field_store] aput-object v3, v2, v1 → [reassigned] v3 overwritten",963
com.sec.knox.app.container,framework,com.samsung.android.knox.SemPersonaManager,<com.samsung.android.knox.SemPersonaManager: void <clinit>()>,string_compare;early_return;system_property_read,"[field_store] aput-object v3, v2, v1 → [reassigned] v3 overwritten",963
com.sec.knox.containeragent,framework,com.samsung.android.knox.SemPersonaManager,<com.samsung.android.knox.SemPersonaManager: void <clinit>()>,string_compare;early_return;system_property_read,"[field_store] aput-object v3, v2, v1 → [reassigned] v3 overwritten",963
com.sec.android.app.samsungapps,framework,com.samsung.android.knox.SemPersonaManager,<com.samsung.android.knox.SemPersonaManager: void <clinit>()>,string_compare;early_return;system_property_read,"[field_store] aput-object v3, v2, v1 → [other] const-string/jumbo v3, ""tv.peel.smartremote"" → [field_store] aput-object v3, v2, v1 → [reassigned] v3 overwritten",963
tv.peel.smartremote,framework,com.samsung.android.knox.SemPersonaManager,<com.samsung.android.knox.SemPersonaManager: void <clinit>()>,string_compare;early_return;system_property_read,"[field_store] aput-object v3, v2, v1 → [reassigned] v3 overwritten",963
com.skt.prod.phonebook,framework,com.samsung.android.knox.SemPersonaManager,<com.samsung.android.knox.SemPersonaManager: void <clinit>()>,string_compare;early_return;system_property_read,"[field_store] aput-object v3, v2, v1 → [field_store] aput-object v3, v2, v1 → [reassigned] v3 overwritten",963
com.sec.enterprise.knox.express,framework,com.samsung.android.knox.SemPersonaManager,<com.samsung.android.knox.SemPersonaManager: void <clinit>()>,string_compare;early_return;system_property_read,"[field_store] aput-object v4, v2, v1 → [invoke] android.content.ComponentName.<init>() → [invoke] android.content.ComponentName.<init>()",963
com.google.android.apps.walletnfcrel,framework,com.samsung.android.knox.SemPersonaManager,<com.samsung.android.knox.SemPersonaManager: void <clinit>()>,string_compare;early_return;system_property_read,"[field_store] aput-object v5, v2, v1 → [reassigned] v5 overwritten",963
com.samsung.android.voc,framework,com.samsung.android.knox.SemPersonaManager,<com.samsung.android.knox.SemPersonaManager: void <clinit>()>,string_compare;early_return;system_property_read,"[field_store] aput-object v5, v2, v1 → [reassigned] v5 overwritten",963
com.skt.tservice,framework,com.samsung.android.knox.SemPersonaManager,<com.samsung.android.knox.SemPersonaManager: void <clinit>()>,string_compare;early_return;system_property_read,"[field_store] aput-object v5, v2, v1 → [reassigned] v5 overwritten",963
com.sktelecom.minit,framework,com.samsung.android.knox.SemPersonaManager,<com.samsung.android.knox.SemPersonaManager: void <clinit>()>,string_compare;early_return;system_property_read,"[field_store] aput-object v5, v2, v1 → [reassigned] v5 overwritten",963
com.skt.prod.dialer,framework,com.samsung.android.knox.SemPersonaManager,<com.samsung.android.knox.SemPersonaManager: void <clinit>()>,string_compare;early_return;system_property_read,"[field_store] aput-object v5, v2, v1 → [reassigned] v5 overwritten",963
com.skt.skaf.OA00050017,framework,com.samsung.android.knox.SemPersonaManager,<com.samsung.android.knox.SemPersonaManager: void <clinit>()>,string_compare;early_return;system_property_read,"[field_store] aput-object v5, v2, v1 → [reassigned] v5 overwritten",963
com.skt.skaf.A000Z00040,framework,com.samsung.android.knox.SemPersonaManager,<com.samsung.android.knox.SemPersonaManager: void <clinit>()>,string_compare;early_return;system_property_read,"[field_store] aput-object v5, v2, v1 → [reassigned] v5 overwritten",963
com.skt.skaf.OA00026910,framework,com.samsung.android.knox.SemPersonaManager,<com.samsung.android.knox.SemPersonaManager: void <clinit>()>,string_compare;early_return;system_property_read,"[field_store] aput-object v5, v2, v1 → [reassigned] v5 overwritten",963
com.skt.smartbill,framework,com.samsung.android.knox.SemPersonaManager,<com.samsung.android.knox.SemPersonaManager: void <clinit>()>,string_compare;early_return;system_property_read,"[field_store] aput-object v3, v2, v1 → [reassigned] v3 overwritten",963
com.skt.tbagplus,framework,com.samsung.android.knox.SemPersonaManager,<com.samsung.android.knox.SemPersonaManager: void <clinit>()>,string_compare;early_return;system_property_read,"[field_store] aput-object v3, v2, v1 → [reassigned] v3 overwritten",963
com.sktelecom.tguard,framework,com.samsung.android.knox.SemPersonaManager,<com.samsung.android.knox.SemPersonaManager: void <clinit>()>,string_compare;early_return;system_property_read,"[field_store] aput-object v3, v2, v1 → [reassigned] v3 overwritten",963
com.skt.tdatacoupon,framework,com.samsung.android.knox.SemPersonaManager,<com.samsung.android.knox.SemPersonaManager: void <clinit>()>,string_compare;early_return;system_property_read,"[field_store] aput-object v3, v2, v1 → [reassigned] v3 overwritten",963
com.skb.btvmobile,framework,com.samsung.android.knox.SemPersonaManager,<com.samsung.android.knox.SemPersonaManager: void <clinit>()>,string_compare;early_return;system_property_read,"[field_store] aput-object v3, v2, v1 → [reassigned] v3 overwritten",963
com.iloen.melon,framework,com.samsung.android.knox.SemPersonaManager,<com.samsung.android.knox.SemPersonaManager: void <clinit>()>,string_compare;early_return;system_property_read,"[field_store] aput-object v3, v2, v1 → [reassigned] v3 overwritten",963
com.nate.android.portalmini,framework,com.samsung.android.knox.SemPersonaManager,<com.samsung.android.knox.SemPersonaManager: void <clinit>()>,string_compare;early_return;system_property_read,"[field_store] aput-object v3, v2, v1 → [reassigned] v3 overwritten",963
com.skmc.okcashbag.home_google,framework,com.samsung.android.knox.SemPersonaManager,<com.samsung.android.knox.SemPersonaManager: void <clinit>()>,string_compare;early_return;system_property_read,"[field_store] aput-object v3, v2, v1 → [reassigned] v3 overwritten",963
com.elevenst.deals,framework,com.samsung.android.knox.SemPersonaManager,<com.samsung.android.knox.SemPersonaManager: void <clinit>()>,string_compare;early_return;system_property_read,"[field_store] aput-object v3, v2, v1 → [reassigned] v3 overwritten",963
com.moent.vas,framework,com.samsung.android.knox.SemPersonaManager,<com.samsung.android.knox.SemPersonaManager: void <clinit>()>,string_compare;early_return;system_property_read,"[field_store] aput-object v3, v2, v1 → [reassigned] v3 overwritten",963
com.skmnc.gifticon,framework,com.samsung.android.knox.SemPersonaManager,<com.samsung.android.knox.SemPersonaManager: void <clinit>()>,string_compare;early_return;system_property_read,"[field_store] aput-object v3, v2, v1 → [reassigned] v3 overwritten",963
com.skt.tmaphot,framework,com.samsung.android.knox.SemPersonaManager,<com.samsung.android.knox.SemPersonaManager: void <clinit>()>,string_compare;early_return;system_property_read,"[field_store] aput-object v3, v2, v1 → [reassigned] v3 overwritten",963
com.skplanet.mbuzzer,framework,com.samsung.android.knox.SemPersonaManager,<com.samsung.android.knox.SemPersonaManager: void <clinit>()>,string_compare;early_return;system_property_read,"[field_store] aput-object v3, v2, v1 → [reassigned] v3 overwritten",963
com.skt.tgift,framework,com.samsung.android.knox.SemPersonaManager,<com.samsung.android.knox.SemPersonaManager: void <clinit>()>,string_compare;early_return;system_property_read,"[field_store] aput-object v3, v2, v1 → [reassigned] v3 overwritten",963
com.cyworld.camera,framework,com.samsung.android.knox.SemPersonaManager,<com.samsung.android.knox.SemPersonaManager: void <clinit>()>,string_compare;early_return;system_property_read,"[field_store] aput-object v3, v2, v1 → [reassigned] v3 overwritten",963
com.kt.android.showtouch,framework,com.samsung.android.knox.SemPersonaManager,<com.samsung.android.knox.SemPersonaManager: void <clinit>()>,string_compare;early_return;system_property_read,"[field_store] aput-object v3, v2, v1 → [reassigned] v3 overwritten",963
com.ktshow.cs,framework,com.samsung.android.knox.SemPersonaManager,<com.samsung.android.knox.SemPersonaManager: void <clinit>()>,string_compare;early_return;system_property_read,"[field_store] aput-object v3, v2, v1 → [reassigned] v3 overwritten",963
com.kth.kshop,framework,com.samsung.android.knox.SemPersonaManager,<com.samsung.android.knox.SemPersonaManager: void <clinit>()>,string_compare;early_return;system_property_read,"[field_store] aput-object v3, v2, v1 → [reassigned] v3 overwritten",963
com.estsoft.alyac,framework,com.samsung.android.knox.SemPersonaManager,<com.samsung.android.knox.SemPersonaManager: void <clinit>()>,string_compare;early_return;system_property_read,"[field_store] aput-object v3, v2, v1 → [field_store] aput-object v3, v2, v1 → [reassigned] v3 overwritten",963
com.kt.accessory,framework,com.samsung.android.knox.SemPersonaManager,<com.samsung.android.knox.SemPersonaManager: void <clinit>()>,string_compare;early_return;system_property_read,"[field_store] aput-object v5, v2, v1 → [reassigned] v5 overwritten",963
com.olleh.android.oc2,framework,com.samsung.android.knox.SemPersonaManager,<com.samsung.android.knox.SemPersonaManager: void <clinit>()>,string_compare;early_return;system_property_read,"[field_store] aput-object v5, v2, v1 → [reassigned] v5 overwritten",963
com.kt.ollehfamilybox,framework,com.samsung.android.knox.SemPersonaManager,<com.samsung.android.knox.SemPersonaManager: void <clinit>()>,string_compare;early_return;system_property_read,"[field_store] aput-object v5, v2, v1 → [reassigned] v5 overwritten",963
com.kt.otv,framework,com.samsung.android.knox.SemPersonaManager,<com.samsung.android.knox.SemPersonaManager: void <clinit>()>,string_compare;early_return;system_property_read,"[field_store] aput-object v5, v2, v1 → [reassigned] v5 overwritten",963
com.olleh.webtoon,framework,com.samsung.android.knox.SemPersonaManager,<com.samsung.android.knox.SemPersonaManager: void <clinit>()>,string_compare;early_return;system_property_read,"[field_store] aput-object v5, v2, v1 → [reassigned] v5 overwritten",963
com.kt.shodoc,framework,com.samsung.android.knox.SemPersonaManager,<com.samsung.android.knox.SemPersonaManager: void <clinit>()>,string_compare;early_return;system_property_read,"[field_store] aput-object v5, v2, v1 → [reassigned] v5 overwritten",963
com.ktmusic.geniemusic,framework,com.samsung.android.knox.SemPersonaManager,<com.samsung.android.knox.SemPersonaManager: void <clinit>()>,string_compare;early_return;system_property_read,"[field_store] aput-object v5, v2, v1 → [reassigned] v5 overwritten",963
com.ktcs.whowho,framework,com.samsung.android.knox.SemPersonaManager,<com.samsung.android.knox.SemPersonaManager: void <clinit>()>,string_compare;early_return;system_property_read,"[field_store] aput-object v5, v2, v1 → [reassigned] v5 overwritten",963
com.kt.apptong,framework,com.samsung.android.knox.SemPersonaManager,<com.samsung.android.knox.SemPersonaManager: void <clinit>()>,string_compare;early_return;system_property_read,"[field_store] aput-object v5, v2, v1 → [reassigned] v5 overwritten",963
com.mtelo.ktAPP,framework,com.samsung.android.knox.SemPersonaManager,<com.samsung.android.knox.SemPersonaManager: void <clinit>()>,string_compare;early_return;system_property_read,"[field_store] aput-object v5, v2, v1 → [reassigned] v5 overwritten",963
com.kt.bellringolleh,framework,com.samsung.android.knox.SemPersonaManager,<com.samsung.android.knox.SemPersonaManager: void <clinit>()>,string_compare;early_return;system_property_read,"[field_store] aput-object v5, v2, v1 → [reassigned] v5 overwritten",963
com.kt.aljjapackplus,framework,com.samsung.android.knox.SemPersonaManager,<com.samsung.android.knox.SemPersonaManager: void <clinit>()>,string_compare;early_return;system_property_read,"[field_store] aput-object v5, v2, v1 → [reassigned] v5 overwritten",963
com.uplus.onphone,framework,com.samsung.android.knox.SemPersonaManager,<com.samsung.android.knox.SemPersonaManager: void <clinit>()>,string_compare;early_return;system_property_read,"[field_store] aput-object v5, v2, v1 → [reassigned] v5 overwritten",963
com.lguplus.mobile.cs,framework,com.samsung.android.knox.SemPersonaManager,<com.samsung.android.knox.SemPersonaManager: void <clinit>()>,string_compare;early_return;system_property_read,"[field_store] aput-object v5, v2, v1 → [reassigned] v5 overwritten",963
com.mnet.app,framework,com.samsung.android.knox.SemPersonaManager,<com.samsung.android.knox.SemPersonaManager: void <clinit>()>,string_compare;early_return;system_property_read,"[field_store] aput-object v5, v2, v1 → [reassigned] v5 overwritten",963
com.lguplus.navi,framework,com.samsung.android.knox.SemPersonaManager,<com.samsung.android.knox.SemPersonaManager: void <clinit>()>,string_compare;early_return;system_property_read,"[field_store] aput-object v5, v2, v1 → [reassigned] v5 overwritten",963
com.lguplus.paynow,framework,com.samsung.android.knox.SemPersonaManager,<com.samsung.android.knox.SemPersonaManager: void <clinit>()>,string_compare;early_return;system_property_read,"[field_store] aput-object v5, v2, v1 → [reassigned] v5 overwritten",963
com.uplus.movielte,framework,com.samsung.android.knox.SemPersonaManager,<com.samsung.android.knox.SemPersonaManager: void <clinit>()>,string_compare;early_return;system_property_read,"[field_store] aput-object v5, v2, v1 → [reassigned] v5 overwritten",963
com.lguplus.ltealive,framework,com.samsung.android.knox.SemPersonaManager,<com.samsung.android.knox.SemPersonaManager: void <clinit>()>,string_compare;early_return;system_property_read,"[field_store] aput-object v3, v2, v1 → [reassigned] v3 overwritten",963
com.uplus.ipagent,framework,com.samsung.android.knox.SemPersonaManager,<com.samsung.android.knox.SemPersonaManager: void <clinit>()>,string_compare;early_return;system_property_read,"[field_store] aput-object v3, v2, v1 → [reassigned] v3 overwritten",963
com.lguplus.homeiot,framework,com.samsung.android.knox.SemPersonaManager,<com.samsung.android.knox.SemPersonaManager: void <clinit>()>,string_compare;early_return;system_property_read,"[field_store] aput-object v3, v2, v1 → [reassigned] v3 overwritten",963
com.uplus.baseballhdtv,framework,com.samsung.android.knox.SemPersonaManager,<com.samsung.android.knox.SemPersonaManager: void <clinit>()>,string_compare;early_return;system_property_read,"[field_store] aput-object v3, v2, v1 → [reassigned] v3 overwritten",963
com.lgt.tmoney,framework,com.samsung.android.knox.SemPersonaManager,<com.samsung.android.knox.SemPersonaManager: void <clinit>()>,string_compare;early_return;system_property_read,"[field_store] aput-object v3, v2, v1 → [reassigned] v3 overwritten",963
com.lguplus.smartotp,framework,com.samsung.android.knox.SemPersonaManager,<com.samsung.android.knox.SemPersonaManager: void <clinit>()>,string_compare;early_return;system_property_read,"[field_store] aput-object v3, v2, v1 → [reassigned] v3 overwritten",963
net.daum.android.map,framework,com.samsung.android.knox.SemPersonaManager,<com.samsung.android.knox.SemPersonaManager: void <clinit>()>,string_compare;early_return;system_property_read,"[field_store] aput-object v3, v2, v1 → [reassigned] v3 overwritten",963
com.navitime.local.naviwalk,framework,com.samsung.android.knox.SemPersonaManager,<com.samsung.android.knox.SemPersonaManager: void <clinit>()>,string_compare;early_return;system_property_read,"[field_store] aput-object v3, v2, v1 → [reassigned] v3 overwritten",963
jp.id_credit_sp.android,framework,com.samsung.android.knox.SemPersonaManager,<com.samsung.android.knox.SemPersonaManager: void <clinit>()>,string_compare;early_return;system_property_read,"[field_store] aput-object v3, v2, v1 → [reassigned] v3 overwritten",963
com.nttdocomo.android.dpoint,framework,com.samsung.android.knox.SemPersonaManager,<com.samsung.android.knox.SemPersonaManager: void <clinit>()>,string_compare;early_return;system_property_read,"[field_store] aput-object v3, v2, v1 → [reassigned] v3 overwritten",963
com.nttdocomo.android.voicetranslation,framework,com.samsung.android.knox.SemPersonaManager,<com.samsung.android.knox.SemPersonaManager: void <clinit>()>,string_compare;early_return;system_property_read,"[field_store] aput-object v3, v2, v1 → [reassigned] v3 overwritten",963
com.nttdocomo.android.moneyrecord,framework,com.samsung.android.knox.SemPersonaManager,<com.samsung.android.knox.SemPersonaManager: void <clinit>()>,string_compare;early_return;system_property_read,"[field_store] aput-object v3, v2, v1 → [reassigned] v3 overwritten",963
com.kddi.android.videopass,framework,com.samsung.android.knox.SemPersonaManager,<com.samsung.android.knox.SemPersonaManager: void <clinit>()>,string_compare;early_return;system_property_read,"[field_store] aput-object v3, v2, v1 → [reassigned] v3 overwritten",963
com.nttdocomo.android.photocollection,framework,com.samsung.android.knox.SemPersonaManager,<com.samsung.android.knox.SemPersonaManager: void <clinit>()>,string_compare;early_return;system_property_read,"[field_store] aput-object v3, v2, v1 → [reassigned] v3 overwritten",963
com.android.systemui,framework,com.samsung.android.knox.SemPersonaManager,<com.samsung.android.knox.SemPersonaManager: void <clinit>()>,string_compare;early_return;system_property_read,"[field_store] aput-object v3, v2, v1 → [reassigned] v3 overwritten",963
com.oculus.horizon,framework,com.samsung.android.knox.SemPersonaManager,<com.samsung.android.knox.SemPersonaManager: void <clinit>()>,string_compare;early_return;system_property_read,"[field_store] aput-object v3, v2, v1 → [field_store] aput-object v3, v2, v1 → [reassigned] v3 overwritten",963
com.samsung.android.app.watchmanager,framework,com.samsung.android.knox.SemPersonaManager,<com.samsung.android.knox.SemPersonaManager: void <clinit>()>,string_compare;early_return;system_property_read,"[field_store] aput-object v5, v2, v1 → [reassigned] v5 overwritten",963
com.samsung.android.spay,framework,com.samsung.android.knox.SemPersonaManager,<com.samsung.android.knox.SemPersonaManager: void <clinit>()>,string_compare;early_return;system_property_read,"[field_store] aput-object v5, v2, v1 → [reassigned] v5 overwritten",963
com.sec.android.easyMover,framework,com.samsung.android.knox.SemPersonaManager,<com.samsung.android.knox.SemPersonaManager: void <clinit>()>,string_compare;early_return;system_property_read,"[field_store] aput-object v5, v2, v1 → [reassigned] v5 overwritten",963
com.samsung.android.wms,framework,com.samsung.android.knox.SemPersonaManager,<com.samsung.android.knox.SemPersonaManager: void <clinit>()>,string_compare;early_return;system_property_read,"[field_store] aput-object v5, v2, v1 → [reassigned] v5 overwritten",963
com.samsung.android.gear360manager,framework,com.samsung.android.knox.SemPersonaManager,<com.samsung.android.knox.SemPersonaManager: void <clinit>()>,string_compare;early_return;system_property_read,"[field_store] aput-object v5, v2, v1 → [reassigned] v5 overwritten",963
com.samsung.android.samsunggear360manager,framework,com.samsung.android.knox.SemPersonaManager,<com.samsung.android.knox.SemPersonaManager: void <clinit>()>,string_compare;early_return;system_property_read,"[field_store] aput-object v5, v2, v1 → [reassigned] v5 overwritten",963
com.samsung.android.video360,framework,com.samsung.android.knox.SemPersonaManager,<com.samsung.android.knox.SemPersonaManager: void <clinit>()>,string_compare;early_return;system_property_read,"[field_store] aput-object v5, v2, v1 → [reassigned] v5 overwritten",963
com.samsung.android.app.vrsetupwizard,framework,com.samsung.android.knox.SemPersonaManager,<com.samsung.android.knox.SemPersonaManager: void <clinit>()>,string_compare;early_return;system_property_read,"[field_store] aput-object v5, v2, v1 → [reassigned] v5 overwritten",963
com.samsung.android.game.gamehome,framework,com.samsung.android.knox.SemPersonaManager,<com.samsung.android.knox.SemPersonaManager: void <clinit>()>,string_compare;early_return;system_property_read,"[field_store] aput-object v3, v2, v1 → [reassigned] v3 overwritten",963
com.samsung.android.globalroaming,framework,com.samsung.android.knox.SemPersonaManager,<com.samsung.android.knox.SemPersonaManager: void <clinit>()>,string_compare;early_return;system_property_read,"[field_store] aput-object v3, v2, v1 → [reassigned] v3 overwritten",963
com.samsung.android.visionintelligence,framework,com.samsung.android.knox.SemPersonaManager,<com.samsung.android.knox.SemPersonaManager: void <clinit>()>,string_compare;early_return;system_property_read,"[field_store] aput-object v3, v2, v1 → [reassigned] v3 overwritten",963
com.samsung.android.oneconnect,framework,com.samsung.android.knox.SemPersonaManager,<com.samsung.android.knox.SemPersonaManager: void <clinit>()>,string_compare;early_return;system_property_read,"[field_store] aput-object v3, v2, v1 → [reassigned] v3 overwritten",963
com.samsung.android.knox.analytics.uploader,framework,com.samsung.android.knox.SemPersonaManager,<com.samsung.android.knox.SemPersonaManager: void <clinit>()>,string_compare;early_return;system_property_read,"[field_store] aput-object v3, v2, v1 → [reassigned] v3 overwritten",963
com.android.chrome,framework,com.samsung.android.knox.SemPersonaManager,<com.samsung.android.knox.SemPersonaManager: void <clinit>()>,string_compare;early_return;system_property_read,"[other] filled-new-array/range {v5 .. v42}, [Ljava/lang/String; → [reassigned] v5 overwritten",963
com.google.android.apps.plus,framework,com.samsung.android.knox.SemPersonaManager,<com.samsung.android.knox.SemPersonaManager: void <clinit>()>,string_compare;early_return;system_property_read,[reassigned] v7 overwritten,963
com.google.android.apps.docs,framework,com.samsung.android.knox.SemPersonaManager,<com.samsung.android.knox.SemPersonaManager: void <clinit>()>,string_compare;early_return;system_property_read,[reassigned] v8 overwritten,963
com.google.android.gm,framework,com.samsung.android.knox.SemPersonaManager,<com.samsung.android.knox.SemPersonaManager: void <clinit>()>,string_compare;early_return;system_property_read,[reassigned] v9 overwritten,963
com.google.android.googlequicksearchbox,framework,com.samsung.android.knox.SemPersonaManager,<com.samsung.android.knox.SemPersonaManager: void <clinit>()>,string_compare;early_return;system_property_read,[reassigned] v10 overwritten,963
com.google.android.talk,framework,com.samsung.android.knox.SemPersonaManager,<com.samsung.android.knox.SemPersonaManager: void <clinit>()>,string_compare;early_return;system_property_read,,963
com.google.android.apps.maps,framework,com.samsung.android.knox.SemPersonaManager,<com.samsung.android.knox.SemPersonaManager: void <clinit>()>,string_compare;early_return;system_property_read,,963
com.google.android.apps.books,framework,com.samsung.android.knox.SemPersonaManager,<com.samsung.android.knox.SemPersonaManager: void <clinit>()>,string_compare;early_return;system_property_read,,963
com.google.android.play.games,framework,com.samsung.android.knox.SemPersonaManager,<com.samsung.android.knox.SemPersonaManager: void <clinit>()>,string_compare;early_return;system_property_read,,963
com.google.android.music,framework,com.samsung.android.knox.SemPersonaManager,<com.samsung.android.knox.SemPersonaManager: void <clinit>()>,string_compare;early_return;system_property_read,,963
com.google.android.videos,framework,com.samsung.android.knox.SemPersonaManager,<com.samsung.android.knox.SemPersonaManager: void <clinit>()>,string_compare;early_return;system_property_read,,963
com.google.android.apps.magazines,framework,com.samsung.android.knox.SemPersonaManager,<com.samsung.android.knox.SemPersonaManager: void <clinit>()>,string_compare;early_return;system_property_read,,963
com.google.android.youtube,framework,com.samsung.android.knox.SemPersonaManager,<com.samsung.android.knox.SemPersonaManager: void <clinit>()>,string_compare;early_return;system_property_read,,963
com.samsung.android.app.memo,framework,com.samsung.android.knox.SemPersonaManager,<com.samsung.android.knox.SemPersonaManager: void <clinit>()>,string_compare;early_return;system_property_read,,963
com.infraware.polarisoffice5,framework,com.samsung.android.knox.SemPersonaManager,<com.samsung.android.knox.SemPersonaManager: void <clinit>()>,string_compare;early_return;system_property_read,,963
com.microsoft.office.excel,framework,com.samsung.android.knox.SemPersonaManager,<com.samsung.android.knox.SemPersonaManager: void <clinit>()>,string_compare;early_return;system_property_read,,963
com.microsoft.office.powerpoint,framework,com.samsung.android.knox.SemPersonaManager,<com.samsung.android.knox.SemPersonaManager: void <clinit>()>,string_compare;early_return;system_property_read,,963
com.microsoft.office.word,framework,com.samsung.android.knox.SemPersonaManager,<com.samsung.android.knox.SemPersonaManager: void <clinit>()>,string_compare;early_return;system_property_read,,963
com.hancom.office.editor,framework,com.samsung.android.knox.SemPersonaManager,<com.samsung.android.knox.SemPersonaManager: void <clinit>()>,string_compare;early_return;system_property_read,,963
com.tencent.mm,framework,com.samsung.android.knox.SemPersonaManager,<com.samsung.android.knox.SemPersonaManager: void <clinit>()>,string_compare;early_return;system_property_read,,963
com.facebook.katana,framework,com.samsung.android.knox.SemPersonaManager,<com.samsung.android.knox.SemPersonaManager: void <clinit>()>,string_compare;early_return;system_property_read,,963
com.facebook.orca,framework,com.samsung.android.knox.SemPersonaManager,<com.samsung.android.knox.SemPersonaManager: void <clinit>()>,string_compare;early_return;system_property_read,,963
com.instagram.android,framework,com.samsung.android.knox.SemPersonaManager,<com.samsung.android.knox.SemPersonaManager: void <clinit>()>,string_compare;early_return;system_property_read,,963
com.skype.raider,framework,com.samsung.android.knox.SemPersonaManager,<com.samsung.android.knox.SemPersonaManager: void <clinit>()>,string_compare;early_return;system_property_read,,963
com.microsoft.office.onenote,framework,com.samsung.android.knox.SemPersonaManager,<com.samsung.android.knox.SemPersonaManager: void <clinit>()>,string_compare;early_return;system_property_read,,963
com.microsoft.skydrive,framework,com.samsung.android.knox.SemPersonaManager,<com.samsung.android.knox.SemPersonaManager: void <clinit>()>,string_compare;early_return;system_property_read,,963
com.samsung.android.contacts,framework,com.samsung.android.knox.SemPersonaManager,<com.samsung.android.knox.SemPersonaManager: void <clinit>()>,string_compare;early_return;system_property_read,,963
com.sec.android.app.myfiles,framework,com.samsung.android.knox.SemPersonaManager,<com.samsung.android.knox.SemPersonaManager: void <clinit>()>,string_compare;early_return;system_property_read,,963
com.sec.android.gallery3d,framework,com.samsung.android.knox.SemPersonaManager,<com.samsung.android.knox.SemPersonaManager: void <clinit>()>,string_compare;early_return;system_property_read,,963
com.samsung.android.app.notes,framework,com.samsung.android.knox.SemPersonaManager,<com.samsung.android.knox.SemPersonaManager: void <clinit>()>,string_compare;early_return;system_property_read,,963
com.samsung.android.calendar,framework,com.samsung.android.knox.SemPersonaManager,<com.samsung.android.knox.SemPersonaManager: void <clinit>()>,string_compare;early_return;system_property_read,,963
com.samsung.android.email.provider,framework,com.samsung.android.knox.SemPersonaManager,<com.samsung.android.knox.SemPersonaManager: void <clinit>()>,string_compare;early_return;system_property_read,,963
com.sec.android.app.camera,framework,com.samsung.android.knox.SemPersonaManager,<com.samsung.android.knox.SemPersonaManager: void <clinit>()>,string_compare;early_return;system_property_read,,963
com.sec.android.app.sbrowser,framework,com.samsung.android.knox.SemPersonaManager,<com.samsung.android.knox.SemPersonaManager: void <clinit>()>,string_compare;early_return;system_property_read,"[other] filled-new-array/range {v5 .. v42}, [Ljava/lang/String;",963
com.samsung.knox.securefolder,framework,com.samsung.android.knox.SemPersonaManager,<com.samsung.android.knox.SemPersonaManager: void <clinit>()>,string_compare;early_return;system_property_read,"[other] filled-new-array {v1, v2}, [Ljava/lang/String; → [other] new-instance v2, Ljava/util/ArrayList; → [invoke] java.util.ArrayList.<init>() → [field_store] com.samsung.android.knox.SemPersonaManager.EXCLUDE_FROM_SHAR → [other] new-instance v2, Landroid/content/ComponentName;",963
com.sec.knox.bluetooth,framework,com.samsung.android.knox.SemPersonaManager,<com.samsung.android.knox.SemPersonaManager: void <clinit>()>,string_compare;early_return;system_property_read,[invoke] android.content.ComponentName.<init>() → [reassigned] v3 overwritten,963
com.samsung.android.app.simplesharing,framework,com.samsung.android.knox.SemPersonaManager,<com.samsung.android.knox.SemPersonaManager: void <clinit>()>,string_compare;early_return;system_property_read,[invoke] android.content.ComponentName.<init>() → [reassigned] v2 overwritten,963
com.samsung.android.knox.containercore,framework,com.samsung.android.knox.SemPersonaManager,<com.samsung.android.knox.SemPersonaManager: android.content.Intent createLockdownIntent(int)>,,[invoke] android.content.Intent.setPackage(),30
com.samsung.android.knox.containeragent,framework,com.samsung.android.knox.SemPersonaManager,<com.samsung.android.knox.SemPersonaManager: android.content.Intent createSwitchProfileIntent(int)>,,"[invoke] android.content.Intent.setPackage() → [other] const v1, 0x10804000 → [invoke] android.content.Intent.setFlags()",30
com.samsung.android.knox.containeragent,framework,com.samsung.android.knox.SemPersonaManager,<com.samsung.android.knox.SemPersonaManager: android.content.ComponentName getAgentAdminReceiver()>,,[invoke] android.content.ComponentName.<init>(),14
com.samsung.knox.securefolder,framework,com.samsung.android.knox.SemPersonaManager,"<com.samsung.android.knox.SemPersonaManager: android.util.Pair getCustomBadgeForCustomContainer(android.os.UserHandle,int,android.content.Context)>",,"[other] .local v0, ""SECURE_FOLDER_PACKAGE"":Ljava/lang/String; → [other] .end local v0    # ""SECURE_FOLDER_PACKAGE"":Ljava/lang/String → [other] move-result v0 → [invoke] com.samsung.android.knox.SemPersonaManager.isKnoxId() → [other] move-result v0",105
com.samsung.android.knox.containercore,framework,com.samsung.android.knox.SemPersonaManager,<com.samsung.android.knox.SemPersonaManager: android.content.ComponentName getKnoxAdminReceiver()>,,[invoke] android.content.ComponentName.<init>(),14
com.samsung.android.knox.containercore,framework,com.samsung.android.knox.SemPersonaManager,<com.samsung.android.knox.SemPersonaManager: java.lang.String getKnoxCorePackageName()>,,[other] return-object v0,8
com.samsung.knox.securefolder,framework,com.samsung.android.knox.SemPersonaManager,<com.samsung.android.knox.SemPersonaManager: byte[] getKnoxIcon(int)>,,[invoke] com.samsung.android.knox.SemPersonaManager.getKnoxIcon() → [reassigned] v2 overwritten,132
com.samsung.android.knox.containeragent,framework,com.samsung.android.knox.SemPersonaManager,<com.samsung.android.knox.SemPersonaManager: byte[] getKnoxIcon(int)>,,[invoke] com.samsung.android.knox.SemPersonaManager.getKnoxIcon(),132
com.samsung.knox.securefolder,framework,com.samsung.android.knox.SemPersonaManager,"<com.samsung.android.knox.SemPersonaManager: byte[] getKnoxIcon(java.lang.String,java.lang.String,int)>",string_compare,"[invoke] java.lang.String.equals() → [other] move-result v0 → [branch] if-eqz v0, :cond_1b → [other] const-string/jumbo v0, ""switcher.B2CStoreFilesActivity"" → [invoke] java.lang.String.contains()",69
com.sec.android.app.desktoplauncher,framework,com.samsung.android.knox.SemPersonaManager,"<com.samsung.android.knox.SemPersonaManager: java.lang.String getPersonaName(android.content.Context,int)>",string_compare,[invoke] java.lang.String.equals() → [reassigned] v1 overwritten,74
com.sec.android.app.launcher,framework,com.samsung.android.knox.SemPersonaManager,"<com.samsung.android.knox.SemPersonaManager: java.lang.String getPersonaName(android.content.Context,int)>",string_compare,[invoke] java.lang.String.equals() → [reassigned] v1 overwritten,74
com.samsung.android.knox.containeragent,framework,com.samsung.android.knox.SemPersonaManager,"<com.samsung.android.knox.SemPersonaManager: boolean isKnoxIcon(java.lang.String,java.lang.String)>",string_compare;early_return,"[invoke] java.lang.String.equals() → [other] move-result v0 → [branch] if-eqz v0, :cond_a → [reassigned] v0 overwritten",85
com.samsung.knox.securefolder,framework,com.samsung.android.knox.SemPersonaManager,"<com.samsung.android.knox.SemPersonaManager: boolean isKnoxIcon(java.lang.String,java.lang.String)>",string_compare;early_return,"[invoke] java.lang.String.equals() → [other] move-result v0 → [branch] if-eqz v0, :cond_1e → [other] const-string/jumbo v0, ""switcher.B2CStoreFilesActivity"" → [invoke] java.lang.String.contains()",85
com.samsung.knox.securefolder,framework,com.samsung.android.knox.SemPersonaManager,<com.samsung.android.knox.SemPersonaManager: boolean isSecureFolderMetaDataEnabled()>,early_return,"[invoke] android.content.pm.PackageManager.getApplicationInfo() → [other] iget-object v2, v1, Landroid/content/pm/ApplicationInfo;->me → [other] .local v2, ""b"":Landroid/os/Bundle; → [branch] if-eqz v2, :cond_1f → [invoke] android.os.Bundle.getBoolean()",68
com.samsung.knox.securefolder,framework,com.samsung.android.knox.SemPersonaManager,"<com.samsung.android.knox.SemPersonaManager: java.lang.String getContainerName(int,android.content.Context)>",,[invoke] android.content.pm.PackageManager.getPackageInfo() → [reassigned] v4 overwritten,187
com.samsung.android.da.daagent,framework,com.samsung.android.knox.SemPersonaManager,"<com.samsung.android.knox.SemPersonaManager: java.lang.String getContainerName(int,android.content.Context)>",,[invoke] android.content.pm.PackageManager.getPackageInfo(),187
com.samsung.android.knox.attestation,framework,com.samsung.android.knox.tima.attestation.EnhancedAttestationPolicy,<com.samsung.android.knox.tima.attestation.EnhancedAttestationPolicy: boolean bindService()>,early_return,[invoke] android.content.Intent.setClassName() → [reassigned] v2 overwritten,177
com.samsung.android.photoremasterservice,framework,com.samsung.android.photoremasterservice.ProgressUpdateClient,<com.samsung.android.photoremasterservice.ProgressUpdateClient: void bind()>,early_return,"[invoke] android.content.Intent.setClassName() → [other] iget-object v1, p0, Lcom/samsung/android/photoremasterservic → [invoke] android.content.Context.bindService() → [reassigned] v1 overwritten",111
com.samsung.android.photoremasterservice,framework,com.samsung.android.photoremasterservice.PhotoRemasterServiceClient,<com.samsung.android.photoremasterservice.PhotoRemasterServiceClient: void bind()>,early_return,[invoke] android.content.Intent.setClassName() → [reassigned] v1 overwritten,116
com.monotype.android.font.samsungone,framework,com.samsung.android.fontutil.TypefaceFinder,"<com.samsung.android.fontutil.TypefaceFinder: void parseTypefaceXml(java.lang.String,java.io.InputStream,java.lang.String)>",string_compare;early_return,"[invoke] java.lang.String.equals() → [other] move-result v5 → [branch] if-eqz v5, :cond_2e → [reassigned] v5 overwritten",125
com.monotype.android.font.droidserifitalic,framework,com.samsung.android.fontutil.TypefaceFinder,"<com.samsung.android.fontutil.TypefaceFinder: void getSansEntries(android.content.Context,android.content.pm.PackageManager,java.util.ArrayList,java.util.ArrayList,java.util.ArrayList)>",string_compare;early_return,"[invoke] java.lang.String.contains() → [other] move-result v12 → [branch] if-eqz v12, :cond_99 → [other] move-result v12 → [branch] if-eqz v12, :cond_af",553
com.monotype.android.font.cooljazz,framework,com.samsung.android.fontutil.TypefaceFinder,"<com.samsung.android.fontutil.TypefaceFinder: void getSansEntries(android.content.Context,android.content.pm.PackageManager,java.util.ArrayList,java.util.ArrayList,java.util.ArrayList)>",string_compare;early_return,"[invoke] java.lang.String.contains() → [other] move-result v12 → [branch] if-eqz v12, :cond_af → [other] move-object/from16 v12, v20 → [reassigned] v12 overwritten",553
com.monotype.android.font.foundation,framework,com.samsung.android.fontutil.TypefaceFinder,"<com.samsung.android.fontutil.TypefaceFinder: void getSansEntries(android.content.Context,android.content.pm.PackageManager,java.util.ArrayList,java.util.ArrayList,java.util.ArrayList)>",string_compare;early_return,"[invoke] java.lang.String.equals() → [other] move-result v12 → [branch] if-eqz v12, :cond_f0 → [other] move-object/from16 v12, v20 → [reassigned] v12 overwritten",553
com.monotype.android.font.samsungone,framework,com.samsung.android.fontutil.TypefaceFinder,"<com.samsung.android.fontutil.TypefaceFinder: void getSansEntries(android.content.Context,android.content.pm.PackageManager,java.util.ArrayList,java.util.ArrayList,java.util.ArrayList)>",string_compare;early_return,"[invoke] java.lang.String.equals() → [other] move-result v12 → [branch] if-eqz v12, :cond_116 → [other] move-object/from16 v12, v20 → [reassigned] v12 overwritten",553
com.monotype.android.font.droidserifitalic,framework,com.samsung.android.fontutil.FlipFontOptimizer,<com.samsung.android.fontutil.FlipFontOptimizer: java.util.ArrayList getFontsVector()>,,"[invoke] java.lang.String.startsWith() → [other] move-result v12 → [branch] if-nez v12, :cond_62 → [reassigned] v12 overwritten",224
com.android.settings,framework,com.samsung.android.fontutil.FlipFontOptimizer,"<com.samsung.android.fontutil.FlipFontOptimizer: void savePreferences(java.lang.String,int)>",early_return,[invoke] android.content.Context.createPackageContext() → [reassigned] v3 overwritten,156
com.android.settings,framework,com.samsung.android.fontutil.FlipFontOptimizer,"<com.samsung.android.fontutil.FlipFontOptimizer: void setFlipfont(android.content.Context,java.lang.String)>",string_compare;early_return,"[invoke] java.lang.String.compareTo() → [other] move-result v1 → [branch] if-eqz v1, :cond_239 → [reassigned] v1 overwritten",739
com.sec.android.app.SecSetupWizard,framework,com.samsung.android.fontutil.FlipFontOptimizer,"<com.samsung.android.fontutil.FlipFontOptimizer: void setFlipfont(android.content.Context,java.lang.String)>",string_compare;early_return,"[invoke] java.lang.String.compareTo() → [other] move-result v1 → [branch] if-eqz v1, :cond_239 → [reassigned] v1 overwritten",739
com.samsung.music,framework,com.samsung.android.fontutil.FlipFontOptimizer,"<com.samsung.android.fontutil.FlipFontOptimizer: void setFlipfont(android.content.Context,java.lang.String)>",string_compare;early_return,"[invoke] java.lang.String.compareTo() → [other] move-result v1 → [branch] if-eqz v1, :cond_239 → [reassigned] v1 overwritten",739
com.sec.android.app.music,framework,com.samsung.android.fontutil.FlipFontOptimizer,"<com.samsung.android.fontutil.FlipFontOptimizer: void setFlipfont(android.content.Context,java.lang.String)>",string_compare;early_return,"[invoke] java.lang.String.compareTo() → [other] move-result v1 → [branch] if-eqz v1, :cond_239 → [reassigned] v1 overwritten",739
com.infraware.polarisoffice4,framework,com.samsung.android.fontutil.FlipFontOptimizer,"<com.samsung.android.fontutil.FlipFontOptimizer: void setFlipfont(android.content.Context,java.lang.String)>",string_compare;early_return,"[invoke] java.lang.String.compareTo() → [other] move-result v1 → [branch] if-eqz v1, :cond_236 → [reassigned] v1 overwritten",739
com.infraware.polarisviewer4,framework,com.samsung.android.fontutil.FlipFontOptimizer,"<com.samsung.android.fontutil.FlipFontOptimizer: void setFlipfont(android.content.Context,java.lang.String)>",string_compare;early_return,"[invoke] java.lang.String.compareTo() → [other] move-result v1 → [branch] if-eqz v1, :cond_236 → [reassigned] v1 overwritten",739
com.infraware.polarisoffice5tablet,framework,com.samsung.android.fontutil.FlipFontOptimizer,"<com.samsung.android.fontutil.FlipFontOptimizer: void setFlipfont(android.content.Context,java.lang.String)>",string_compare;early_return,"[invoke] java.lang.String.compareTo() → [other] move-result v1 → [branch] if-eqz v1, :cond_236 → [reassigned] v1 overwritten",739
com.infraware.polarisoffice5,framework,com.samsung.android.fontutil.FlipFontOptimizer,"<com.samsung.android.fontutil.FlipFontOptimizer: void setFlipfont(android.content.Context,java.lang.String)>",string_compare;early_return,"[invoke] java.lang.String.compareTo() → [other] move-result v1 → [branch] if-eqz v1, :cond_236 → [reassigned] v1 overwritten",739
com.infraware.polarisviewer5,framework,com.samsung.android.fontutil.FlipFontOptimizer,"<com.samsung.android.fontutil.FlipFontOptimizer: void setFlipfont(android.content.Context,java.lang.String)>",string_compare;early_return,"[invoke] java.lang.String.compareTo() → [other] move-result v1 → [branch] if-eqz v1, :cond_236 → [reassigned] v1 overwritten",739
com.sec.android.app.camera,framework,com.samsung.android.fontutil.FlipFontOptimizer,"<com.samsung.android.fontutil.FlipFontOptimizer: void setFlipfont(android.content.Context,java.lang.String)>",string_compare;early_return,"[invoke] java.lang.String.compareTo() → [other] move-result v1 → [branch] if-nez v1, :cond_232 → [reassigned] v1 overwritten",739
com.samsung.android.allshare.service.mediashare,framework,com.samsung.android.allshare.ServiceConnector$ProfileConstData,<com.samsung.android.allshare.ServiceConnector$ProfileConstData: void <init>(java.lang.String)>,string_compare;early_return,"[invoke] java.lang.String.equals() → [other] move-result v4 → [branch] if-eqz v4, :cond_5a → [reassigned] v4 overwritten",179
com.samsung.android.allshare.service.fileshare,framework,com.samsung.android.allshare.ServiceConnector$ProfileConstData,<com.samsung.android.allshare.ServiceConnector$ProfileConstData: void <init>(java.lang.String)>,string_compare;early_return,"[invoke] java.lang.String.equals() → [other] move-result v4 → [branch] if-eqz v4, :cond_86",179
com.samsung.android.allshare.service.mediashare,framework,com.samsung.android.allshare.ServiceConnector$AllShareConnector,<com.samsung.android.allshare.ServiceConnector$AllShareConnector: boolean bindAllShareService()>,early_return,[invoke] java.lang.String.startsWith() → [invoke] android.content.Intent.setPackage() → [reassigned] v5 overwritten,175
com.samsung.android.allshare.service.fileshare,framework,com.samsung.android.allshare.ServiceConnector$AllShareConnector,<com.samsung.android.allshare.ServiceConnector$AllShareConnector: boolean bindAllShareService()>,early_return,"[invoke] java.lang.String.startsWith() → [invoke] android.content.Intent.setPackage() → [other] new-instance v5, Ljava/lang/StringBuilder; → [invoke] java.lang.StringBuilder.<init>() → [invoke] java.lang.StringBuilder.append()",175
com.samsung.android.allshare.service.mediashare,framework,com.samsung.android.allshare.ServiceConnector$AllShareConnector,<com.samsung.android.allshare.ServiceConnector$AllShareConnector: boolean startAllShareLauncher()>,early_return,[invoke] java.lang.String.startsWith() → [invoke] android.content.Intent.setPackage() → [reassigned] v5 overwritten,203
com.samsung.android.allshare.service.fileshare,framework,com.samsung.android.allshare.ServiceConnector$AllShareConnector,<com.samsung.android.allshare.ServiceConnector$AllShareConnector: boolean startAllShareLauncher()>,early_return,"[invoke] java.lang.String.startsWith() → [invoke] android.content.Intent.setPackage() → [other] iget-object v5, p0, Lcom/samsung/android/allshare/ServiceCon → [invoke] java.lang.StringBuilder.append() → [reassigned] v5 overwritten",203
com.samsung.android.allshare.service.mediashare,framework,com.samsung.android.allshare.ServiceConnector$2,"<com.samsung.android.allshare.ServiceConnector$2: com.samsung.android.allshare.ServiceProvider createServiceProvierImpl(android.content.Context,com.samsung.android.allshare.ServiceConnector$AllShareConnector,java.lang.String)>",string_compare,[invoke] com.samsung.android.allshare.ServiceConnector$ProfileConstDa → [reassigned] v1 overwritten,69
com.samsung.android.allshare.service.fileshare,framework,com.samsung.android.allshare.ServiceConnector$2,"<com.samsung.android.allshare.ServiceConnector$2: com.samsung.android.allshare.ServiceProvider createServiceProvierImpl(android.content.Context,com.samsung.android.allshare.ServiceConnector$AllShareConnector,java.lang.String)>",string_compare,[invoke] com.samsung.android.allshare.ServiceConnector$ProfileConstDa,69
com.samsung.android.nearby.mediaserver,framework,com.samsung.android.allshare.extension.DeviceChecker,"<com.samsung.android.allshare.extension.DeviceChecker: boolean isMyLocalProvider(android.content.Context,java.lang.String)>",early_return,[invoke] android.content.Context.createPackageContext() → [reassigned] v1 overwritten,115
com.android.settings,framework,com.samsung.android.share.SemShareMoreAppsFragment,<com.samsung.android.share.SemShareMoreAppsFragment: boolean onOptionsItemSelected(android.view.MenuItem)>,early_return,"[invoke] android.content.ComponentName.<init>() → [other] new-instance v2, Lorg/json/JSONArray; → [invoke] org.json.JSONArray.<init>() → [other] .local v2, ""appListArray"":Lorg/json/JSONArray; → [invoke] com.samsung.android.share.SemShareMoreAppsFragment.semAddJSO",302
com.samsung.android.oneconnect,framework,com.samsung.android.share.SemShareCommon,<com.samsung.android.share.SemShareCommon: boolean getQuickConnectSupportState()>,early_return,[invoke] android.content.pm.PackageManager.getApplicationInfo() → [reassigned] v3 overwritten,64
com.android.contacts,framework,com.samsung.android.share.SemShareCommon,<com.samsung.android.share.SemShareCommon: boolean isIntentUriDataIValidCheck(android.content.Intent)>,string_compare;early_return,"[other] move-result v2 → [branch] if-eqz v2, :cond_2a → [invoke] java.lang.String.equals() → [invoke] java.lang.String.equals() → [reassigned] v2 overwritten",176
com.samsung.android.oneconnect,framework,com.samsung.android.share.SemShareCommon,<com.samsung.android.share.SemShareCommon: int getSamsungConnectVersion()>,early_return,[invoke] android.content.pm.PackageManager.getPackageInfo(),49
com.sec.android.diagmonagent,framework,com.samsung.android.share.SemShareLogging,<com.samsung.android.share.SemShareLogging: boolean checkDMASupport()>,early_return,"[invoke] android.content.pm.PackageManager.getPackageInfo() → [other] iget v2, v1, Landroid/content/pm/PackageInfo;->versionCode:I → [other] if-lt v2, v3, :cond_15 → [reassigned] v2 overwritten",51
com.sec.android.diagmonagent,framework,com.samsung.android.share.SemShareLogging,"<com.samsung.android.share.SemShareLogging: void insertLog(java.lang.String,java.lang.String)>",early_return,[invoke] android.content.Intent.setPackage() → [invoke] android.content.ContentValues.put() → [reassigned] v2 overwritten,159
com.samsung.android.providers.context,framework,com.samsung.android.share.SemShareLogging,"<com.samsung.android.share.SemShareLogging: void insertLog(java.lang.String,java.lang.String)>",early_return,[invoke] android.content.Intent.setPackage(),159
com.sec.android.diagmonagent,framework,com.samsung.android.share.SemShareLogging,"<com.samsung.android.share.SemShareLogging: void insertLogWithDimension(java.lang.String,java.util.HashMap)>",early_return,[invoke] android.content.Intent.setPackage(),126
com.android.vpndialogs,framework,com.android.internal.net.VpnConfig,<com.android.internal.net.VpnConfig: android.app.PendingIntent getIntentForStatusPanel(android.content.Context)>,,"[invoke] android.content.Intent.setClassName() → [other] const/high16 v1, 0x50800000 → [invoke] android.content.Intent.addFlags() → [reassigned] v1 overwritten",41
com.android.vpndialogs,framework,com.android.internal.net.VpnConfig,"<com.android.internal.net.VpnConfig: android.app.PendingIntent getIntentForStatusPanelAsUser(android.content.Context,int)>",,"[invoke] android.content.Intent.setClassName() → [other] const/high16 v1, 0x50800000 → [invoke] android.content.Intent.addFlags() → [reassigned] v1 overwritten",44
com.android.providers.settings,framework,com.android.internal.app.LocalePicker,<com.android.internal.app.LocalePicker: void updateLocales(android.os.LocaleList)>,early_return,[invoke] android.app.backup.BackupManager.dataChanged(),67
com.sec.android.easyMover,framework,com.android.internal.app.MaintenanceModeBackupActivity,"<com.android.internal.app.MaintenanceModeBackupActivity: void lambda$setContentView$3$com-android-internal-app-MaintenanceModeBackupActivity(android.widget.AdapterView,android.view.View,int,long)>",early_return,[invoke] com.android.internal.app.MaintenanceModeUtils.isPackageInsta → [reassigned] v2 overwritten,102
com.samsung.android.app.sharelive,framework,com.android.internal.app.ChooserActivity$ChooserTargetServiceConnection,"<com.android.internal.app.ChooserActivity$ChooserTargetServiceConnection: void onServiceConnected(android.content.ComponentName,android.os.IBinder)>",string_compare;early_return,"[invoke] java.lang.String.equals() → [other] move-result v1 → [branch] if-eqz v1, :cond_c9 → [reassigned] v1 overwritten",334
com.sec.android.easyMover.Agent,framework,com.android.internal.app.MaintenanceModeUtils,<com.android.internal.app.MaintenanceModeUtils: void <clinit>()>,early_return,[invoke] android.content.ComponentName.<init>(),16
com.samsung.android.scloud,framework,com.android.internal.app.MaintenanceModeUtils,<com.android.internal.app.MaintenanceModeUtils: boolean isCloudBackupSupported(android.content.Context)>,string_compare;early_return,"[invoke] com.android.internal.app.MaintenanceModeUtils.isPackageInsta → [other] move-result v0 → [branch] if-nez v0, :cond_11 → [reassigned] v0 overwritten",52
com.samsung.android.lool,framework,com.android.internal.app.MaintenanceModeUtils,"<com.android.internal.app.MaintenanceModeUtils: void sendLoggingDataToSA(android.content.Context,java.lang.String,java.lang.String)>",early_return,[invoke] android.os.Bundle.putString() → [reassigned] v2 overwritten,137
com.sec.android.diagmonagent,framework,com.android.internal.app.MaintenanceModeUtils,"<com.android.internal.app.MaintenanceModeUtils: void sendLoggingDataToSA(android.content.Context,java.lang.String,java.lang.String)>",early_return,[invoke] android.content.Intent.setPackage() → [reassigned] v2 overwritten,137
com.samsung.android.scloud,framework,com.android.internal.app.MaintenanceModeUtils,"<com.android.internal.app.MaintenanceModeUtils: void startActivityToBackup(android.content.Context,java.lang.String)>",string_compare;early_return,[invoke] android.content.Intent.setPackage() → [reassigned] v1 overwritten,185
com.samsung.android.privateshare,framework,com.android.internal.app.ChooserListAdapter,"<com.android.internal.app.ChooserListAdapter: void addServiceResults(com.android.internal.app.chooser.DisplayResolveInfo,java.util.List,int,java.util.Map)>",string_compare;early_return,"[invoke] java.lang.String.equals() → [invoke] java.lang.String.equals() → [other] move-object/from16 v30, v7 → [other] move-object/from16 v7, v23 → [invoke] com.android.internal.app.chooser.SelectableTargetInfo.<init>",1268
com.google.android.gms,framework,com.android.internal.app.ChooserActivity,<com.android.internal.app.ChooserActivity: android.content.ComponentName getNearbyShareInternalComponent()>,,[invoke] android.content.ComponentName.<init>(),14
com.samsung.android.smartsuggestions,framework,com.android.internal.app.ChooserActivity,<com.android.internal.app.ChooserActivity: boolean isSmartShareSupported(android.content.Context)>,early_return,[invoke] com.android.internal.app.ChooserActivity.isPackageEnabled() → [invoke] android.content.pm.PackageManager.getPackageInfo() → [reassigned] v1 overwritten,166
com.samsung.android.app.sharelive,framework,com.android.internal.app.ChooserActivity,"<com.android.internal.app.ChooserActivity: void semCheckToShowCreateTipPoup(com.android.internal.app.ChooserListAdapter,com.android.internal.app.ChooserActivity$ItemViewHolder,int)>",string_compare;early_return,"[invoke] java.lang.String.equals() → [other] new-instance v1, Lcom/android/internal/app/ChooserActivity$2 → [invoke] com.android.internal.app.ChooserActivity$23.<init>() → [invoke] android.view.ViewTreeObserver.addOnGlobalLayoutListener() → [branch] if-eq v0, v1, :cond_87",219
com.samsung.android.privateshare,framework,com.android.internal.app.ChooserActivity,"<com.android.internal.app.ChooserActivity: void semCheckToShowCreateTipPoup(com.android.internal.app.ChooserListAdapter,com.android.internal.app.ChooserActivity$ItemViewHolder,int)>",string_compare;early_return,"[invoke] java.lang.String.equals() → [other] new-instance v1, Lcom/android/internal/app/ChooserActivity$2 → [invoke] com.android.internal.app.ChooserActivity$24.<init>() → [invoke] android.view.ViewTreeObserver.addOnGlobalLayoutListener()",219
com.samsung.android.app.sharelive,framework,com.android.internal.app.ChooserActivity,<com.android.internal.app.ChooserActivity: boolean semIsChinaFlavor(android.content.Context)>,early_return,"[invoke] android.content.pm.PackageManager.getApplicationInfo() → [other] iget-object v2, v1, Landroid/content/pm/ApplicationInfo;->me → [invoke] android.os.Bundle.getBoolean() → [other] move-result v2 → [other] move v0, v2",55
com.samsung.android.privateshare,framework,com.android.internal.app.ChooserActivity,"<com.android.internal.app.ChooserActivity: void semShareEnhancedImage(com.android.internal.app.chooser.TargetInfo,com.android.internal.app.ChooserListAdapter,int)>",allowlist_check;string_compare;early_return,[invoke] java.lang.String.equals() → [reassigned] v2 overwritten,1262
com.samsung.android.privateshare,framework,com.android.internal.app.ChooserActivity,<com.android.internal.app.ChooserActivity: com.android.internal.app.chooser.DisplayResolveInfo getPrivateShareTargetInfo(android.content.Intent)>,,[invoke] android.content.ComponentName.<init>() → [reassigned] v2 overwritten,241
com.samsung.android.app.simplesharing,framework,com.android.internal.app.ChooserActivity,<com.android.internal.app.ChooserActivity: com.android.internal.app.chooser.DisplayResolveInfo semCreateTempLinkShareButtonResolveInfo()>,,[invoke] android.content.pm.PackageManager.getApplicationInfo() → [reassigned] v3 overwritten,65
com.samsung.android.app.homestar,framework,com.android.internal.app.ChooserActivity,<com.android.internal.app.ChooserActivity: com.android.internal.app.chooser.DisplayResolveInfo semSStarCreateSeeAllAppsResolveInfo()>,,[invoke] android.content.ComponentName.<init>() → [reassigned] v4 overwritten,104
com.samsung.android.forest,framework,com.android.internal.app.SuspendedAppActivity,<com.android.internal.app.SuspendedAppActivity: boolean isDigitalWellbingPackage(java.lang.String)>,string_compare;early_return,[invoke] java.lang.String.equals() → [other] move-result v0 → [other] return v0,13
com.android.settings,framework,com.android.internal.app.BlockedAppStreamingActivity,<com.android.internal.app.BlockedAppStreamingActivity: void onCreate(android.os.Bundle)>,string_compare;early_return,"[invoke] android.text.TextUtils.equals() → [other] const v7, 0x10401d5 → [invoke] com.android.internal.app.BlockedAppStreamingActivity.getStri → [invoke] com.android.internal.app.BlockedAppStreamingActivity.getStri → [other] const v7, 0x10401b8",265
com.android.systemui,framework,com.android.internal.util.DumpUtils,<com.android.internal.util.DumpUtils: void <clinit>()>,early_return,[invoke] android.content.ComponentName.<init>() → [reassigned] v2 overwritten,24
com.google.android.providers.media.module,framework,com.android.internal.util.DumpUtils,<com.android.internal.util.DumpUtils: boolean isSecMediaPackage(java.lang.String)>,string_compare;early_return,"[invoke] java.lang.String.equals() → [other] move-result v0 → [branch] if-nez v0, :cond_22 → [reassigned] v0 overwritten",55
com.samsung.android.providers.media,framework,com.android.internal.util.DumpUtils,<com.android.internal.util.DumpUtils: boolean isSecMediaPackage(java.lang.String)>,string_compare;early_return,"[invoke] java.lang.String.equals() → [other] move-result v0 → [branch] if-nez v0, :cond_22 → [reassigned] v0 overwritten",55
com.sec.android.app.myfiles,framework,com.android.internal.util.DumpUtils,<com.android.internal.util.DumpUtils: boolean isSecMediaPackage(java.lang.String)>,string_compare;early_return,"[invoke] java.lang.String.equals() → [other] move-result v0 → [branch] if-nez v0, :cond_22 → [reassigned] v0 overwritten",55
com.sec.android.gallery3d,framework,com.android.internal.util.DumpUtils,<com.android.internal.util.DumpUtils: boolean isSecMediaPackage(java.lang.String)>,string_compare;early_return,"[invoke] java.lang.String.equals() → [other] move-result v0 → [branch] if-eqz v0, :cond_24 → [reassigned] v0 overwritten",55
com.android.mms,framework,com.android.internal.telephony.SmsApplication$DefaultMessageAppConfig,<com.android.internal.telephony.SmsApplication$DefaultMessageAppConfig: java.lang.String getMessagePackageName(android.content.Context)>,,[invoke] com.samsung.android.feature.SemFloatingFeature.getString(),32
com.android.mms,framework,com.android.internal.telephony.SmsApplication$DefaultMessageAppConfig,<com.android.internal.telephony.SmsApplication$DefaultMessageAppConfig: java.lang.String getMessagePackageName(android.content.Context)>,,[other] return-object v0,32
com.google.android.apps.messaging,framework,com.android.internal.telephony.SmsApplication$DefaultMessageAppConfig,<com.android.internal.telephony.SmsApplication$DefaultMessageAppConfig: boolean isAMInstalled()>,early_return,[invoke] android.content.pm.PackageManager.getApplicationInfo() → [reassigned] v2 overwritten,38
com.nttdocomo.android.msg,framework,com.android.internal.telephony.SmsApplication$DefaultMessageAppConfig,<com.android.internal.telephony.SmsApplication$DefaultMessageAppConfig: void setSMorOperatorMessageApp()>,string_compare;early_return,"[invoke] com.android.internal.telephony.SmsApplication$DefaultMessage → [other] const-string/jumbo v3, ""jp.softbank.mb.mail"" → [invoke] com.android.internal.telephony.SmsApplication$DefaultMessage → [other] const-string/jumbo v3, ""setDefaultApplication messageAppName → [invoke] java.lang.StringBuilder.append()",208
com.nttdocomo.android.msg,framework,com.android.internal.telephony.SmsApplication$DefaultMessageAppConfig,<com.android.internal.telephony.SmsApplication$DefaultMessageAppConfig: void setSMorOperatorMessageApp()>,string_compare;early_return,"[other] const-string/jumbo v6, ""jp.softbank.mb.mail"" → [invoke] com.android.internal.telephony.SmsApplication$DefaultMessage → [invoke] java.lang.StringBuilder.append() → [invoke] com.android.internal.telephony.SmsApplication.setDefaultAppl → [other] .end local v6    # ""messageAppName"":Ljava/lang/String;",208
com.google.android.apps.messaging,framework,com.android.internal.telephony.SmsApplication$DefaultMessageAppConfig,<com.android.internal.telephony.SmsApplication$DefaultMessageAppConfig: void setDefaultMsgApp()>,string_compare;early_return,[invoke] com.android.internal.telephony.SmsApplication.setDefaultAppl → [reassigned] v8 overwritten,229
com.samsung.accessibility,framework,com.android.internal.accessibility.util.AccessibilityUtils,"<com.android.internal.accessibility.util.AccessibilityUtils: void updateProfile(android.content.Context,java.lang.String)>",early_return,[invoke] android.content.Intent.setClassName() → [reassigned] v1 overwritten,33
com.samsung.accessibility,framework,com.android.internal.accessibility.dialog.AccessibilitySamsungShortcutChooserActivity,<com.android.internal.accessibility.dialog.AccessibilitySamsungShortcutChooserActivity: void onEditShorcutClicked()>,early_return,[invoke] android.content.Intent.setClassName() → [invoke] android.content.Intent.setClassName() → [invoke] android.content.Intent.setClassName(),74
com.samsung.android.messaging,framework,com.android.internal.policy.PhoneFallbackEventHandler,"<com.android.internal.policy.PhoneFallbackEventHandler: boolean onKeyDown(int,android.view.KeyEvent)>",early_return,[invoke] android.content.Intent.setClassName() → [reassigned] v7 overwritten,822
com.sec.android.app.fm,framework,com.android.server.FMRadioService$10,"<com.android.server.FMRadioService$10: void onReceive(android.content.Context,android.content.Intent)>",string_compare;early_return,"[invoke] java.lang.String.equals() → [other] move-result v5 → [branch] if-nez v5, :cond_4b → [reassigned] v5 overwritten",173
jp.radiko.plusfm.player,framework,com.android.server.FMRadioService$10,"<com.android.server.FMRadioService$10: void onReceive(android.content.Context,android.content.Intent)>",string_compare;early_return,"[invoke] java.lang.String.equals() → [other] move-result v5 → [branch] if-nez v5, :cond_4b → [reassigned] v5 overwritten",173
com.sec.android.app.fm,framework,com.android.server.FMRadioService,<com.android.server.FMRadioService: void inDirectModeBroadcast()>,early_return,"[invoke] android.content.Intent.setClassName() → [other] iget-object v1, p0, Lcom/android/server/FMRadioService;->mCo → [invoke] android.content.Context.sendBroadcast()",34
com.sec.android.app.fm,framework,com.android.server.FMRadioService,"<com.android.server.FMRadioService: boolean offInternal(int,boolean)>",early_return,"[invoke] android.hardware.input.InputManager.semSetWakeKeyDynamically → [other] new-instance v3, Ljava/lang/StringBuilder; → [invoke] java.lang.StringBuilder.<init>() → [invoke] java.lang.StringBuilder.append() → [reassigned] v3 overwritten",665
com.sec.android.app.fm,framework,com.android.server.FMRadioService,<com.android.server.FMRadioService: boolean on(boolean)>,string_compare;early_return,"[invoke] java.lang.String.equals() → [other] move-result v5 → [branch] if-nez v5, :cond_5a → [other] iget-object v5, p0, Lcom/android/server/FMRadioService;->mCo → [invoke] android.content.Context.getPackageManager()",1546
com.sec.android.app.fm,framework,com.android.server.FMRadioService,<com.android.server.FMRadioService: boolean on(boolean)>,string_compare;early_return,"[invoke] android.hardware.input.InputManager.semSetWakeKeyDynamically → [other] new-instance v6, Ljava/lang/StringBuilder; → [invoke] java.lang.StringBuilder.<init>() → [invoke] java.lang.StringBuilder.append() → [reassigned] v6 overwritten",1546
com.sec.android.app.fm,framework,com.android.server.FMRadioService,<com.android.server.FMRadioService: boolean on(boolean)>,string_compare;early_return,"[invoke] android.hardware.input.InputManager.semSetWakeKeyDynamically → [other] new-instance v6, Ljava/lang/StringBuilder; → [invoke] java.lang.StringBuilder.<init>() → [invoke] java.lang.StringBuilder.append() → [reassigned] v6 overwritten",1546
com.sec.android.app.fm,framework,com.android.server.FMRadioService,<com.android.server.FMRadioService: void sendFMOFFBroadcast()>,early_return,"[invoke] android.content.Intent.setClassName() → [other] const/high16 v1, 0x40000000    # 2.0f → [invoke] android.content.Intent.setFlags() → [other] iget-object v1, p0, Lcom/android/server/FMRadioService;->mCo → [invoke] android.content.Context.sendBroadcast()",36
com.sec.android.app.fm,framework,com.android.server.FMRadioService,<com.android.server.FMRadioService: void sendFMONBroadcast(java.lang.Object)>,early_return,"[invoke] android.content.Intent.setClassName() → [other] new-instance v1, Ljava/lang/StringBuilder; → [invoke] java.lang.StringBuilder.<init>() → [invoke] java.lang.StringBuilder.append() → [reassigned] v1 overwritten",88
com.sec.android.diagmonagent,framework,com.android.server.FMRadioService,"<com.android.server.FMRadioService: void sendInfoSamsungAnalytics(java.lang.String,java.lang.String)>",early_return,[invoke] android.content.Intent.setPackage() → [reassigned] v3 overwritten,188
com.skms.android.agent,framework,com.android.server.SkpmATCmd,<com.android.server.SkpmATCmd: boolean bindSkpmService()>,early_return,[invoke] android.content.Intent.setPackage() → [reassigned] v3 overwritten,72
com.sec.android.app.fm,framework,com.android.server.PlayerExternalChipsetBesRichwave,<com.android.server.PlayerExternalChipsetBesRichwave: boolean openConnection()>,early_return;permission_grant,[invoke] android.hardware.usb.UsbManager.grantPermission(),102
com.samsung.android.game.gos,gamemanager,com.samsung.android.game.GameManagerService$DisplayListener,<com.samsung.android.game.GameManagerService$DisplayListener: void sendVrrSettingChangedToGos()>,early_return,[invoke] android.content.Intent.setPackage() → [reassigned] v2 overwritten,72
com.samsung.android.game.gos,gamemanager,com.samsung.android.game.GosNotifyThread$2,"<com.samsung.android.game.GosNotifyThread$2: void onReceive(android.content.Context,android.content.Intent)>",early_return,[invoke] android.content.Intent.setPackage() → [reassigned] v3 overwritten,125
com.samsung.android.game.gos,gamemanager,com.samsung.android.game.GameManagerService,<com.samsung.android.game.GameManagerService: void <init>(android.content.Context)>,early_return,[invoke] com.samsung.android.game.Util.isPkgEnabled() → [reassigned] v4 overwritten,373
com.samsung.android.game.gamehome,gamemanager,com.samsung.android.game.GameManagerService,<com.samsung.android.game.GameManagerService: void <init>(android.content.Context)>,early_return,[invoke] com.samsung.android.game.Util.isPkgEnabled() → [reassigned] v4 overwritten,373
com.samsung.android.game.gametools,gamemanager,com.samsung.android.game.GameManagerService,<com.samsung.android.game.GameManagerService: void <init>(android.content.Context)>,early_return,"[invoke] com.samsung.android.game.Util.isPkgInstalled() → [other] iget-object v3, p0, Lcom/samsung/android/game/GameManagerSer → [branch] if-eqz v3, :cond_f1 → [invoke] android.hardware.display.DisplayManager.getDisplay() → [reassigned] v3 overwritten",373
com.samsung.android.game.gos,gamemanager,com.samsung.android.game.GameManagerService,<com.samsung.android.game.GameManagerService: boolean bindService()>,early_return,"[invoke] android.content.Intent.setPackage() → [other] iget-object v1, p0, Lcom/samsung/android/game/GameManagerSer → [invoke] android.content.Context.bindServiceAsUser() → [other] move-result v1 → [other] .local v1, ""isServiceBinded"":Z",161
com.samsung.android.game.gos,gamemanager,com.samsung.android.game.GameManagerService,<com.samsung.android.game.GameManagerService: void checkPkgEnabledState(java.lang.String)>,early_return,[invoke] com.samsung.android.game.Util.isPkgEnabled() → [reassigned] v2 overwritten,112
com.samsung.android.game.gamehome,gamemanager,com.samsung.android.game.GameManagerService,<com.samsung.android.game.GameManagerService: void checkPkgEnabledState(java.lang.String)>,early_return,"[invoke] com.samsung.android.game.Util.isPkgEnabled() → [other] iget-boolean v2, p0, Lcom/samsung/android/game/GameManagerSe → [invoke] com.samsung.android.game.FgCheckThread.setPkgEnabledState()",112
com.samsung.android.game.gametools,gamemanager,com.samsung.android.game.GameManagerService,<com.samsung.android.game.GameManagerService: void checkPkgEnabledState(java.lang.String)>,early_return,"[invoke] com.samsung.android.game.Util.isPkgInstalled() → [other] iget-object v1, p0, Lcom/samsung/android/game/GameManagerSer → [invoke] com.samsung.android.game.FgCheckThread.setPkgEnabledState() → [reassigned] v1 overwritten",112
com.samsung.android.game.gos,gamemanager,com.samsung.android.game.GameManagerService,<com.samsung.android.game.GameManagerService: void dumpGosState(java.io.PrintWriter)>,early_return,[invoke] android.content.pm.PackageManager.getPackageInfo() → [reassigned] v12 overwritten,487
com.sec.android.sdhms,gamemanager,com.samsung.android.game.GameManagerService,<com.samsung.android.game.GameManagerService: void sendPackageDataToSdhms(com.samsung.android.game.SemPackageConfiguration[])>,early_return,"[other] .local v1, ""sdhmsPkgName"":Ljava/lang/String; → [other] .end local v1    # ""sdhmsPkgName"":Ljava/lang/String; → [other] new-instance v1, Ljava/lang/StringBuilder; → [invoke] java.lang.StringBuilder.<init>() → [invoke] java.lang.StringBuilder.append()",110
com.sec.android.sdhms,gamemanager,com.samsung.android.game.GameManagerService,<com.samsung.android.game.GameManagerService: void sendPackageDataToSdhms(com.samsung.android.game.SemPackageConfiguration[])>,early_return,[invoke] android.content.Intent.setPackage() → [reassigned] v2 overwritten,110
com.samsung.android.game.gametools,gamemanager,com.samsung.android.game.GameManagerService,<com.samsung.android.game.GameManagerService: void onUserSwitched(int)>,early_return,[invoke] android.app.SemStatusBarManager.setNavigationBarShortcut() → [invoke] android.app.SemStatusBarManager.setNavigationBarShortcut(),120
com.samsung.android.game.gametools,gamemanager,com.samsung.android.game.FgCheckThread,"<com.samsung.android.game.FgCheckThread: void notifyFocusInOut(com.samsung.android.game.PkgWithUserId,int,boolean)>",string_compare;early_return,[invoke] android.content.Intent.setPackage() → [reassigned] v0 overwritten,1497
com.samsung.android.game.gamehome,gamemanager,com.samsung.android.game.FgCheckThread,"<com.samsung.android.game.FgCheckThread: void notifyFocusInOut(com.samsung.android.game.PkgWithUserId,int,boolean)>",string_compare;early_return,[invoke] android.content.Intent.setPackage() → [reassigned] v0 overwritten,1497
com.samsung.android.game.gos,gamemanager,com.samsung.android.game.FgCheckThread,"<com.samsung.android.game.FgCheckThread: void notifyFocusInOut(com.samsung.android.game.PkgWithUserId,int,boolean)>",string_compare;early_return,[invoke] android.content.Intent.setPackage() → [reassigned] v0 overwritten,1497
com.samsung.android.game.gos,gamemanager,com.samsung.android.game.GosNotifyThread$1,<com.samsung.android.game.GosNotifyThread$1: void sendVrrSettingChangedToGos()>,early_return,[invoke] android.content.Intent.setPackage() → [reassigned] v2 overwritten,72
com.samsung.android.game.gamehome,gamemanager,com.samsung.android.game.GameManagerService$DisplayListener$DisplayNotifyRunnable,<com.samsung.android.game.GameManagerService$DisplayListener$DisplayNotifyRunnable: void sendResolutionChangedToGameLauncher()>,early_return,[invoke] android.content.Intent.setPackage() → [reassigned] v2 overwritten,74
com.samsung.android.game.gos,gamemanager,com.samsung.android.game.GameManagerService$DisplayListener$DisplayNotifyRunnable,<com.samsung.android.game.GameManagerService$DisplayListener$DisplayNotifyRunnable: void sendResolutionChangedToGos()>,early_return,[invoke] android.content.Intent.setPackage() → [reassigned] v2 overwritten,74
com.samsung.android.perf_z,gamemanager,com.samsung.android.game.GosNotifyThread,<com.samsung.android.game.GosNotifyThread: boolean isUninstallEventMonitoredPkgName(java.lang.String)>,early_return,"[other] filled-new-array {v0, v2}, [Ljava/lang/String; → [reassigned] v0 overwritten",63
com.samsung.android.plugin.dailylimits,gamemanager,com.samsung.android.game.GosNotifyThread,<com.samsung.android.game.GosNotifyThread: boolean isUninstallEventMonitoredPkgName(java.lang.String)>,early_return,"[other] filled-new-array {v0, v2}, [Ljava/lang/String; → [other] array-length v2, v0 → [other] if-ge v4, v2, :cond_23",63
com.samsung.android.game.gos,gamemanager,com.samsung.android.game.GosNotifyThread,<com.samsung.android.game.GosNotifyThread: void notifyGosEnabledToGos()>,early_return,[invoke] android.content.Intent.setPackage() → [reassigned] v2 overwritten,87
com.samsung.android.game.gos,gamemanager,com.samsung.android.game.GosNotifyThread,"<com.samsung.android.game.GosNotifyThread: void notifyPackageChangedToGos(int,java.lang.String,int)>",early_return,[invoke] android.content.Intent.setPackage() → [reassigned] v2 overwritten,223
com.samsung.android.game.gos,gamemanager,com.samsung.android.game.GosNotifyThread,<com.samsung.android.game.GosNotifyThread: void notifyUserSwitchedToGos()>,early_return,[invoke] android.content.Intent.setPackage() → [reassigned] v2 overwritten,156
com.samsung.android.game.gos,gamemanager,com.samsung.android.game.GosNotifyThread,<com.samsung.android.game.GosNotifyThread: void notifyWifiConnectedToGos()>,early_return,[invoke] android.content.Intent.setPackage() → [reassigned] v2 overwritten,87
com.samsung.android.game.gamehome,gamemanager,com.samsung.android.game.GameManagerService$PkgUpdateReceiver,"<com.samsung.android.game.GameManagerService$PkgUpdateReceiver: void onPackageAdded(java.lang.String,android.os.UserHandle)>",string_compare;early_return,"[invoke] java.lang.String.equals() → [other] move-result v1 → [branch] if-eqz v1, :cond_71 → [reassigned] v1 overwritten",185
com.samsung.android.game.gametools,gamemanager,com.samsung.android.game.GameManagerService$PkgUpdateReceiver,"<com.samsung.android.game.GameManagerService$PkgUpdateReceiver: void onPackageAdded(java.lang.String,android.os.UserHandle)>",string_compare;early_return,"[invoke] java.lang.String.equals() → [other] move-result v1 → [branch] if-eqz v1, :cond_86 → [reassigned] v1 overwritten",185
com.samsung.android.game.gos,gamemanager,com.samsung.android.game.GameManagerService$PkgUpdateReceiver,"<com.samsung.android.game.GameManagerService$PkgUpdateReceiver: void onPackageAdded(java.lang.String,android.os.UserHandle)>",string_compare;early_return,"[invoke] java.lang.String.equals() → [other] move-result v1 → [branch] if-eqz v1, :cond_9a → [reassigned] v1 overwritten",185
com.samsung.android.game.gos,gamemanager,com.samsung.android.game.GameManagerService$PkgUpdateReceiver,"<com.samsung.android.game.GameManagerService$PkgUpdateReceiver: void onPackageRemoved(java.lang.String,android.os.UserHandle)>",string_compare;early_return,"[invoke] java.lang.String.equals() → [other] iget-object v0, p0, Lcom/samsung/android/game/GameManagerSer → [invoke] com.samsung.android.game.GameManagerService.access$200() → [reassigned] v0 overwritten",230
com.samsung.android.game.gamehome,gamemanager,com.samsung.android.game.GameManagerService$PkgUpdateReceiver,"<com.samsung.android.game.GameManagerService$PkgUpdateReceiver: void onPackageRemoved(java.lang.String,android.os.UserHandle)>",string_compare;early_return,"[invoke] java.lang.String.equals() → [other] move-result v2 → [branch] if-eqz v2, :cond_99 → [reassigned] v2 overwritten",230
com.samsung.android.game.gametools,gamemanager,com.samsung.android.game.GameManagerService$PkgUpdateReceiver,"<com.samsung.android.game.GameManagerService$PkgUpdateReceiver: void onPackageRemoved(java.lang.String,android.os.UserHandle)>",string_compare;early_return,"[invoke] java.lang.String.equals() → [other] move-result v2 → [branch] if-eqz v2, :cond_ae",230
com.samsung.android.game.gamehome,gamemanager,com.samsung.android.game.GameManagerService$PkgUpdateReceiver,"<com.samsung.android.game.GameManagerService$PkgUpdateReceiver: void onPackageReplaced(java.lang.String,android.os.UserHandle)>",string_compare;early_return,"[invoke] java.lang.String.equals() → [other] move-result v0 → [branch] if-eqz v0, :cond_5f → [other] iget-object v0, p0, Lcom/samsung/android/game/GameManagerSer → [invoke] com.samsung.android.game.GameManagerService.access$900()",110
com.samsung.android.game.gos,gamemanager,com.samsung.android.game.AlarmReceiver$Task,<com.samsung.android.game.AlarmReceiver$Task: java.lang.Void doInBackground(android.content.Context[])>,,"[invoke] com.samsung.android.game.Util.isPkgEnabled() → [other] move-result v7 → [other] .local v7, ""gosEnabled"":Z → [branch] if-eqz v7, :cond_7e → [other] .end local v7    # ""gosEnabled"":Z",546
com.samsung.android.game.gamehome,gamemanager,com.samsung.android.game.GameManagerService$SecFamilyPkgChangeReceiver,"<com.samsung.android.game.GameManagerService$SecFamilyPkgChangeReceiver: void onReceive(android.content.Context,android.content.Intent)>",string_compare;early_return,"[invoke] java.lang.String.equals() → [other] move-result v2 → [branch] if-eqz v2, :cond_5f → [other] iget-object v2, p0, Lcom/samsung/android/game/GameManagerSer → [invoke] com.samsung.android.game.GameManagerService.access$900()",205
com.samsung.android.game.gos,gamemanager,com.samsung.android.game.GameManagerService$SecFamilyPkgChangeReceiver,"<com.samsung.android.game.GameManagerService$SecFamilyPkgChangeReceiver: void onReceive(android.content.Context,android.content.Intent)>",string_compare;early_return,"[invoke] java.lang.String.equals() → [other] move-result v2 → [branch] if-eqz v2, :cond_a8 → [other] iget-object v2, p0, Lcom/samsung/android/game/GameManagerSer → [invoke] com.samsung.android.game.GameManagerService.access$900()",205
com.samsung.android.game.gos,gamemanager,com.samsung.android.game.network.RequestHeader,<com.samsung.android.game.network.RequestHeader: void <init>(android.content.Context)>,early_return,"[invoke] com.samsung.android.game.Util.getPackageVersionCode() → [other] move-result-wide v4 → [other] .local v4, ""gosVersion"":J → [invoke] java.lang.String.valueOf() → [invoke] java.lang.StringBuilder.append()",439
com.sec.android.app.launcher,gamesdk,com.samsung.android.gamesdk.core.LifeCycleManager,"<com.samsung.android.gamesdk.core.LifeCycleManager: boolean checkFocusedPackageName(java.lang.String,int)>",early_return,[invoke] java.util.Objects.equals() → [reassigned] v3 overwritten,220
com.att.iqi,gamesdk,com.samsung.android.gamesdk.subsystem.Logger,<com.samsung.android.gamesdk.subsystem.Logger: java.lang.String replaceForbiddenString(java.lang.String)>,,[invoke] java.lang.String.replace() → [reassigned] v0 overwritten,24
com.samsung.android.lool,hcm,a.a,<a.a: void <clinit>()>,early_return,[invoke] com.samsung.android.feature.SemFloatingFeature.getString(),19
com.samsung.android.providers.context,hqm,a.f,<a.f: boolean M(android.content.Intent)>,early_return,"[invoke] android.content.Intent.setPackage() → [other] sget-object v0, La/f;->v:Landroid/content/Context; → [invoke] android.content.Context.sendBroadcast()",39
com.samsung.android.dqagent,hqm,a.f,<a.f: boolean N(android.content.Intent)>,early_return,"[invoke] android.content.ComponentName.<init>() → [invoke] android.content.Intent.setPackage() → [other] sget-object v2, Landroid/os/UserHandle;->CURRENT:Landroid/os → [invoke] android.content.Context.sendBroadcastAsUser()",53
com.samsung.android.dqagent,hqm,c.k,<c.k: void <clinit>()>,early_return,[field_store] c.k.Y → [reassigned] v0 overwritten,107
com.samsung.rms.retailagent.global,hqm,c.k,<c.k: void <clinit>()>,early_return,[field_store] c.k.d0 → [reassigned] v0 overwritten,107
io.ismconnect.att.devicealive,hqm,c.k,<c.k: void <clinit>()>,early_return,"[field_store] c.k.e0 → [other] new-instance v0, Ljava/util/ArrayList; → [invoke] java.util.ArrayList.<init>() → [field_store] c.k.f0 → [other] new-instance v0, Landroid/os/HqmStatsImpl;",107
com.samsung.android.dqagent,hqm,com.samsung.android.hqm.HqmManagerService,<com.samsung.android.hqm.HqmManagerService: void q()>,early_return,"[invoke] android.content.ComponentName.<init>() → [invoke] android.content.Intent.setPackage() → [other] sget-object v0, Lcom/samsung/android/hqm/HqmManagerService;- → [branch] if-eqz v0, :cond_28 → [invoke] android.content.Context.sendBroadcast()",40
com.samsung.android.dqagent,hqm,com.samsung.android.hqm.HqmManagerService,<com.samsung.android.hqm.HqmManagerService: void r()>,early_return,"[invoke] android.content.ComponentName.<init>() → [invoke] android.content.Intent.setPackage() → [other] sget-object v1, Landroid/os/UserHandle;->CURRENT:Landroid/os → [invoke] android.content.Context.sendBroadcastAsUser()",130
com.android.systemui,hqm,b.k,<b.k: void <clinit>()>,early_return,"[other] filled-new-array {v0, v1}, [Ljava/lang/String; → [reassigned] v1 overwritten",35
com.sec.imsservice,imsmanager,com.sec.ims.options.CapabilityManager,<com.sec.ims.options.CapabilityManager: void connect()>,early_return,"[invoke] android.content.Intent.setClassName() → [other] iget-object v1, p0, Lcom/sec/ims/options/CapabilityManager;- → [invoke] com.sec.ims.extensions.ContextExt.bindServiceAsUser()",79
com.samsung.android.knox.kpecore,knoxsdk,com.samsung.android.knox.EnterpriseDeviceManager,"<com.samsung.android.knox.EnterpriseDeviceManager: com.samsung.android.knox.EnterpriseDeviceManager getInstance(android.content.Context,int)>",string_compare,"[invoke] java.lang.String.equals() → [other] new-instance v1, Lcom/samsung/android/knox/EnterpriseDeviceM → [invoke] com.samsung.android.knox.EnterpriseDeviceManager.<init>() → [field_store] com.samsung.android.knox.EnterpriseDeviceManager.sEnterprise → [reassigned] v1 overwritten",106
com.samsung.android.knox.kpecore,knoxsdk,com.samsung.android.knox.EnterpriseDeviceManager,"<com.samsung.android.knox.EnterpriseDeviceManager: com.samsung.android.knox.EnterpriseDeviceManager getParentInstance(android.content.Context,int)>",string_compare,"[invoke] java.lang.String.equals() → [other] new-instance v1, Lcom/samsung/android/knox/EnterpriseDeviceM → [invoke] com.samsung.android.knox.EnterpriseDeviceManager.<init>() → [field_store] com.samsung.android.knox.EnterpriseDeviceManager.mParentInst → [other] return-object v1",71
com.android.email,knoxsdk,com.samsung.android.knox.EnterpriseDeviceAdminInfo,"<com.samsung.android.knox.EnterpriseDeviceAdminInfo: void <init>(android.content.Context,android.content.pm.ResolveInfo)>",string_compare;early_return,[invoke] java.lang.String.equals(),55
com.android.settings,knoxsdk,com.samsung.android.knox.EdmConstants$1,<com.samsung.android.knox.EdmConstants$1: void <init>()>,early_return,[invoke] java.util.HashMap.put() → [reassigned] v0 overwritten,660
com.android.settings.intelligence,knoxsdk,com.samsung.android.knox.EdmConstants$1,<com.samsung.android.knox.EdmConstants$1: void <init>()>,early_return,[invoke] java.util.HashMap.put() → [reassigned] v0 overwritten,660
com.samsung.accessibility,knoxsdk,com.samsung.android.knox.EdmConstants$1,<com.samsung.android.knox.EdmConstants$1: void <init>()>,early_return,[invoke] java.util.HashMap.put() → [reassigned] v0 overwritten,660
com.samsung.android.honeyboard,knoxsdk,com.samsung.android.knox.EdmConstants$1,<com.samsung.android.knox.EdmConstants$1: void <init>()>,early_return,[invoke] java.util.HashMap.put() → [reassigned] v0 overwritten,660
com.samsung.android.server.wifi.mobilewips.client,knoxsdk,com.samsung.android.knox.EdmConstants$1,<com.samsung.android.knox.EdmConstants$1: void <init>()>,early_return,[invoke] java.util.HashMap.put() → [reassigned] v0 overwritten,660
com.samsung.android.server.wifi.mobilewips,knoxsdk,com.samsung.android.knox.EdmConstants$1,<com.samsung.android.knox.EdmConstants$1: void <init>()>,early_return,[invoke] java.util.HashMap.put() → [reassigned] v0 overwritten,660
com.sec.android.inputmethod,knoxsdk,com.samsung.android.knox.EdmConstants$1,<com.samsung.android.knox.EdmConstants$1: void <init>()>,early_return,[invoke] java.util.HashMap.put() → [reassigned] v0 overwritten,660
com.samsung.android.app.telephonyui,knoxsdk,com.samsung.android.knox.EdmConstants$1,<com.samsung.android.knox.EdmConstants$1: void <init>()>,early_return,[invoke] java.util.HashMap.put() → [reassigned] v0 overwritten,660
com.samsung.android.app.smartcapture,knoxsdk,com.samsung.android.knox.EdmConstants$1,<com.samsung.android.knox.EdmConstants$1: void <init>()>,early_return,[invoke] java.util.HashMap.put() → [reassigned] v0 overwritten,660
com.android.systemui,knoxsdk,com.samsung.android.knox.EdmConstants$1,<com.samsung.android.knox.EdmConstants$1: void <init>()>,early_return,[invoke] java.util.HashMap.put() → [reassigned] v0 overwritten,660
com.samsung.android.SettingsReceiver,knoxsdk,com.samsung.android.knox.EdmConstants$1,<com.samsung.android.knox.EdmConstants$1: void <init>()>,early_return,[invoke] java.util.HashMap.put() → [reassigned] v0 overwritten,660
com.sec.android.app.desktoplauncher,knoxsdk,com.samsung.android.knox.EdmConstants$1,<com.samsung.android.knox.EdmConstants$1: void <init>()>,early_return,[invoke] java.util.HashMap.put() → [reassigned] v0 overwritten,660
com.sec.android.app.launcher,knoxsdk,com.samsung.android.knox.EdmConstants$1,<com.samsung.android.knox.EdmConstants$1: void <init>()>,early_return,[invoke] java.util.HashMap.put() → [reassigned] v0 overwritten,660
com.sec.android.desktopcommunity,knoxsdk,com.samsung.android.knox.EdmConstants$1,<com.samsung.android.knox.EdmConstants$1: void <init>()>,early_return,[invoke] java.util.HashMap.put() → [reassigned] v0 overwritten,660
com.sec.android.desktopmode.uiservice,knoxsdk,com.samsung.android.knox.EdmConstants$1,<com.samsung.android.knox.EdmConstants$1: void <init>()>,early_return,[invoke] java.util.HashMap.put() → [reassigned] v0 overwritten,660
com.samsung.android.knox.kam,knoxsdk,com.samsung.android.knox.EdmConstants$1,<com.samsung.android.knox.EdmConstants$1: void <init>()>,early_return,[invoke] java.util.HashMap.put() → [reassigned] v0 overwritten,660
com.samsung.android.knox.kam.demo,knoxsdk,com.samsung.android.knox.EdmConstants$1,<com.samsung.android.knox.EdmConstants$1: void <init>()>,early_return,[invoke] java.util.HashMap.put() → [reassigned] v0 overwritten,660
com.samsung.android.knox.kpu,knoxsdk,com.samsung.android.knox.EdmConstants$2,<com.samsung.android.knox.EdmConstants$2: void <init>()>,early_return,[invoke] java.util.ArrayList.add() → [reassigned] v0 overwritten,568
com.sec.enterprise.knox.cloudmdm.smdms,knoxsdk,com.samsung.android.knox.EdmConstants$2,<com.samsung.android.knox.EdmConstants$2: void <init>()>,early_return,[invoke] java.util.ArrayList.add() → [reassigned] v0 overwritten,568
com.samsung.android.knox.kpecore,knoxsdk,com.samsung.android.knox.EdmConstants$2,<com.samsung.android.knox.EdmConstants$2: void <init>()>,early_return,[invoke] java.util.ArrayList.add() → [reassigned] v0 overwritten,568
com.samsung.android.app.smartscan,knoxsdk,com.samsung.android.knox.EdmConstants$2,<com.samsung.android.knox.EdmConstants$2: void <init>()>,early_return,[invoke] java.util.ArrayList.add(),568
com.android.settings,knoxsdk,com.samsung.android.knox.net.vpn.GenericVpnPolicy,"<com.samsung.android.knox.net.vpn.GenericVpnPolicy: com.samsung.android.knox.net.vpn.GenericVpnPolicy getInstance(android.content.Context,com.samsung.android.knox.net.vpn.KnoxVpnContext)>",allowlist_check;string_compare,"[invoke] java.lang.String.equals() → [other] move-result v5 → [branch] if-nez v5, :cond_77 → [reassigned] v5 overwritten",545
com.android.vpndialogs,knoxsdk,com.samsung.android.knox.net.vpn.GenericVpnPolicy,"<com.samsung.android.knox.net.vpn.GenericVpnPolicy: int activateVpnProfile(java.lang.String,boolean)>",early_return,"[invoke] android.content.Intent.setClassName() → [other] const/high16 p2, 0x50800000 → [invoke] android.content.Intent.addFlags() → [other] sget-object p2, Lcom/samsung/android/knox/net/vpn/GenericVpn → [branch] if-eqz p2, :cond_8d",500
com.samsung.android.knox.pushmanager,knoxsdk,com.samsung.android.knox.kpm.KnoxPushService,<com.samsung.android.knox.kpm.KnoxPushService: boolean bindService()>,early_return,[invoke] android.content.Intent.setClassName() → [reassigned] v2 overwritten,678
com.google.android.gms,knoxsdk,com.samsung.android.knox.kpm.KnoxPushService,<com.samsung.android.knox.kpm.KnoxPushService: boolean isGMSCoreEnabled()>,early_return,"[invoke] com.samsung.android.knox.kpm.KnoxPushService.hasPackage() → [other] new-instance v0, Ljava/lang/StringBuilder; → [invoke] java.lang.StringBuilder.<init>() → [invoke] java.lang.StringBuilder.append() → [invoke] java.lang.StringBuilder.append()",570
com.samsung.android.app.kfa,knoxsdk,com.samsung.android.knox.ex.knoxAI.KnoxAiManagerInternal,<com.samsung.android.knox.ex.knoxAI.KnoxAiManagerInternal: boolean bindKFAServiceInstance()>,early_return,[invoke] android.content.Intent.setPackage() → [reassigned] v1 overwritten,598
com.samsung.accessibility,knoxsdk,com.samsung.android.knox.appconfig.ApplicationRestrictionsManager$1,<com.samsung.android.knox.appconfig.ApplicationRestrictionsManager$1: void <init>()>,early_return,[invoke] java.util.ArrayList.add() → [reassigned] v0 overwritten,576
com.samsung.android.honeyboard,knoxsdk,com.samsung.android.knox.appconfig.ApplicationRestrictionsManager$1,<com.samsung.android.knox.appconfig.ApplicationRestrictionsManager$1: void <init>()>,early_return,[invoke] java.util.ArrayList.add() → [reassigned] v0 overwritten,576
com.samsung.android.server.wifi.mobilewips.client,knoxsdk,com.samsung.android.knox.appconfig.ApplicationRestrictionsManager$1,<com.samsung.android.knox.appconfig.ApplicationRestrictionsManager$1: void <init>()>,early_return,[invoke] java.util.ArrayList.add() → [reassigned] v0 overwritten,576
com.samsung.android.server.wifi.mobilewips,knoxsdk,com.samsung.android.knox.appconfig.ApplicationRestrictionsManager$1,<com.samsung.android.knox.appconfig.ApplicationRestrictionsManager$1: void <init>()>,early_return,[invoke] java.util.ArrayList.add() → [reassigned] v0 overwritten,576
com.sec.android.inputmethod,knoxsdk,com.samsung.android.knox.appconfig.ApplicationRestrictionsManager$1,<com.samsung.android.knox.appconfig.ApplicationRestrictionsManager$1: void <init>()>,early_return,[invoke] java.util.ArrayList.add() → [reassigned] v0 overwritten,576
com.samsung.android.app.telephonyui,knoxsdk,com.samsung.android.knox.appconfig.ApplicationRestrictionsManager$1,<com.samsung.android.knox.appconfig.ApplicationRestrictionsManager$1: void <init>()>,early_return,[invoke] java.util.ArrayList.add() → [reassigned] v0 overwritten,576
com.samsung.android.app.smartcapture,knoxsdk,com.samsung.android.knox.appconfig.ApplicationRestrictionsManager$1,<com.samsung.android.knox.appconfig.ApplicationRestrictionsManager$1: void <init>()>,early_return,[invoke] java.util.ArrayList.add(),576
com.samsung.android.knox.kpecore,knoxsdk,com.samsung.android.knox.appconfig.ApplicationRestrictionsManager,"<com.samsung.android.knox.appconfig.ApplicationRestrictionsManager: com.samsung.android.knox.appconfig.ApplicationRestrictionsManager getInstance(android.content.Context,int)>",string_compare,[invoke] java.lang.String.equals(),60
com.android.settings,knoxsdk,com.samsung.android.knox.appconfig.ApplicationRestrictionsManager,<com.samsung.android.knox.appconfig.ApplicationRestrictionsManager: boolean isSettingPolicyApplied()>,early_return,[invoke] com.samsung.android.knox.appconfig.ApplicationRestrictionsMa,567
com.samsung.android.knox.kpecore,knoxsdk,com.samsung.android.knox.appconfig.ApplicationRestrictionsManager,"<com.samsung.android.knox.appconfig.ApplicationRestrictionsManager: android.os.Bundle setApplicationRestrictions(java.lang.String,java.lang.String,android.os.Bundle,int)>",string_compare,"[invoke] java.lang.String.equals() → [other] iget-object v1, p0, Lcom/samsung/android/knox/appconfig/Appl",114
com.samsung.android.knox.attestation,knoxsdk,com.samsung.android.knox.integrity.EnhancedAttestationPolicy,<com.samsung.android.knox.integrity.EnhancedAttestationPolicy: boolean bindService()>,early_return,[invoke] android.content.Intent.setClassName() → [reassigned] v2 overwritten,682
com.sec.android.kiosk,knoxsdk,com.samsung.android.knox.kiosk.KioskMode,<com.samsung.android.knox.kiosk.KioskMode: void enableKioskMode()>,early_return,[invoke] com.samsung.android.knox.kiosk.IKioskMode.enableKioskMode() → [reassigned] v2 overwritten,91
com.sec.android.kiosk,knoxsdk,com.samsung.android.knox.kiosk.KioskMode$1,<com.samsung.android.knox.kiosk.KioskMode$1: void run()>,early_return,[invoke] com.samsung.android.knox.kiosk.IKioskMode.enableKioskMode(),1152
com.android.browser,knoxsdk,com.samsung.android.knox.application.ApplicationPolicy,<com.samsung.android.knox.application.ApplicationPolicy: void disableAndroidBrowser()>,early_return,[invoke] com.samsung.android.knox.application.ApplicationPolicy.setAp → [reassigned] v0 overwritten,578
com.android.chrome,knoxsdk,com.samsung.android.knox.application.ApplicationPolicy,<com.samsung.android.knox.application.ApplicationPolicy: void disableAndroidBrowser()>,early_return,[invoke] com.samsung.android.knox.application.ApplicationPolicy.setAp → [reassigned] v0 overwritten,578
com.sec.android.app.sbrowser,knoxsdk,com.samsung.android.knox.application.ApplicationPolicy,<com.samsung.android.knox.application.ApplicationPolicy: void disableAndroidBrowser()>,early_return,[invoke] com.samsung.android.knox.application.ApplicationPolicy.setAp → [reassigned] v0 overwritten,578
com.android.browser.provider,knoxsdk,com.samsung.android.knox.application.ApplicationPolicy,<com.samsung.android.knox.application.ApplicationPolicy: void disableAndroidBrowser()>,early_return,[invoke] com.samsung.android.knox.application.ApplicationPolicy.setAp → [reassigned] v0 overwritten,578
com.android.voicedialer,knoxsdk,com.samsung.android.knox.application.ApplicationPolicy,<com.samsung.android.knox.application.ApplicationPolicy: void disableVoiceDialer()>,early_return,[invoke] com.samsung.android.knox.application.ApplicationPolicy.setAp → [reassigned] v0 overwritten,572
com.vlingo.midas,knoxsdk,com.samsung.android.knox.application.ApplicationPolicy,<com.samsung.android.knox.application.ApplicationPolicy: void disableVoiceDialer()>,early_return,[invoke] com.samsung.android.knox.application.ApplicationPolicy.setAp → [reassigned] v0 overwritten,572
com.google.android.googlequicksearchbox,knoxsdk,com.samsung.android.knox.application.ApplicationPolicy,<com.samsung.android.knox.application.ApplicationPolicy: void disableVoiceDialer()>,early_return,[invoke] com.samsung.android.knox.application.ApplicationPolicy.setAp → [reassigned] v0 overwritten,572
com.samsung.voiceserviceplatform,knoxsdk,com.samsung.android.knox.application.ApplicationPolicy,<com.samsung.android.knox.application.ApplicationPolicy: void disableVoiceDialer()>,early_return,[invoke] com.samsung.android.knox.application.ApplicationPolicy.setAp,572
com.google.android.youtube,knoxsdk,com.samsung.android.knox.application.ApplicationPolicy,<com.samsung.android.knox.application.ApplicationPolicy: void disableYouTube()>,early_return,[invoke] com.samsung.android.knox.application.ApplicationPolicy.setAp,556
com.android.browser,knoxsdk,com.samsung.android.knox.application.ApplicationPolicy,<com.samsung.android.knox.application.ApplicationPolicy: void enableAndroidBrowser()>,early_return,[invoke] com.samsung.android.knox.application.ApplicationPolicy.setAp → [reassigned] v0 overwritten,578
com.android.chrome,knoxsdk,com.samsung.android.knox.application.ApplicationPolicy,<com.samsung.android.knox.application.ApplicationPolicy: void enableAndroidBrowser()>,early_return,[invoke] com.samsung.android.knox.application.ApplicationPolicy.setAp → [reassigned] v0 overwritten,578
com.sec.android.app.sbrowser,knoxsdk,com.samsung.android.knox.application.ApplicationPolicy,<com.samsung.android.knox.application.ApplicationPolicy: void enableAndroidBrowser()>,early_return,[invoke] com.samsung.android.knox.application.ApplicationPolicy.setAp → [reassigned] v0 overwritten,578
com.android.browser.provider,knoxsdk,com.samsung.android.knox.application.ApplicationPolicy,<com.samsung.android.knox.application.ApplicationPolicy: void enableAndroidBrowser()>,early_return,[invoke] com.samsung.android.knox.application.ApplicationPolicy.setAp → [reassigned] v0 overwritten,578
com.android.voicedialer,knoxsdk,com.samsung.android.knox.application.ApplicationPolicy,<com.samsung.android.knox.application.ApplicationPolicy: void enableVoiceDialer()>,early_return,[invoke] com.samsung.android.knox.application.ApplicationPolicy.setAp → [reassigned] v0 overwritten,572
com.vlingo.midas,knoxsdk,com.samsung.android.knox.application.ApplicationPolicy,<com.samsung.android.knox.application.ApplicationPolicy: void enableVoiceDialer()>,early_return,[invoke] com.samsung.android.knox.application.ApplicationPolicy.setAp → [reassigned] v0 overwritten,572
com.google.android.googlequicksearchbox,knoxsdk,com.samsung.android.knox.application.ApplicationPolicy,<com.samsung.android.knox.application.ApplicationPolicy: void enableVoiceDialer()>,early_return,[invoke] com.samsung.android.knox.application.ApplicationPolicy.setAp → [reassigned] v0 overwritten,572
com.samsung.voiceserviceplatform,knoxsdk,com.samsung.android.knox.application.ApplicationPolicy,<com.samsung.android.knox.application.ApplicationPolicy: void enableVoiceDialer()>,early_return,[invoke] com.samsung.android.knox.application.ApplicationPolicy.setAp,572
com.google.android.youtube,knoxsdk,com.samsung.android.knox.application.ApplicationPolicy,<com.samsung.android.knox.application.ApplicationPolicy: void enableYouTube()>,early_return,[invoke] com.samsung.android.knox.application.ApplicationPolicy.setAp,556
com.samsung.android.knox.kpecore,knoxsdk,com.samsung.android.knox.custom.CustomDeviceManager,"<com.samsung.android.knox.custom.CustomDeviceManager: com.samsung.android.knox.custom.CustomDeviceManager getInstance(android.content.Context,int)>",string_compare,"[invoke] java.lang.String.equals() → [other] sget-object v1, Landroid/os/UserHandle;->SYSTEM:Landroid/os/ → [invoke] android.os.UserHandle.equals() → [other] move-result v1 → [invoke] com.samsung.android.knox.ContextInfo.<init>()",120
com.samsung.android.hostmanager,knoxsdk,com.samsung.android.knox.custom.PrivateCustomDeviceManager,<com.samsung.android.knox.custom.PrivateCustomDeviceManager: void <clinit>()>,early_return,"[other] filled-new-array {v0, v1, v2}, [Ljava/lang/String; → [reassigned] v0 overwritten",564
com.samsung.android.wms,knoxsdk,com.samsung.android.knox.custom.PrivateCustomDeviceManager,<com.samsung.android.knox.custom.PrivateCustomDeviceManager: void <clinit>()>,early_return,"[other] filled-new-array {v0, v1, v2}, [Ljava/lang/String;",564
com.samsung.android.mcfserver,mcfsdk,com.samsung.android.mcf.McfContext,<com.samsung.android.mcf.McfContext: boolean a(com.samsung.android.mcf.McfContext$EventListener)>,early_return,[invoke] android.content.ComponentName.<init>() → [reassigned] v6 overwritten,102
com.samsung.android.mcfserver,mcfsdk,com.samsung.android.mcf.McfAdapter,<com.samsung.android.mcf.McfAdapter: long getServiceVersionCode(android.content.Context)>,,"[invoke] android.content.pm.PackageManager.getPackageInfo() → [other] sget v1, Landroid/os/Build$VERSION;->SDK_INT:I → [other] if-lt v1, v2, :cond_31 → [other] move-result-wide v1 → [invoke] java.lang.StringBuilder.append()",95
com.samsung.android.mcfserver,mcfsdk,com.samsung.android.mcf.common.Utils,<com.samsung.android.mcf.common.Utils: long getMcfVersionCode(android.content.Context)>,,"[invoke] android.content.pm.PackageManager.getPackageInfo() → [other] move-result-wide v0 → [other] return-wide v0 → [other] new-instance v0, Ljava/lang/StringBuilder; → [invoke] java.lang.StringBuilder.<init>()",55
com.samsung.android.mcfserver,mcfsdk,com.samsung.android.mcf.common.Utils,<com.samsung.android.mcf.common.Utils: java.util.ArrayList getServerDeniedPermissions(android.content.Context)>,,"[invoke] android.content.pm.PackageManager.checkPermission() → [other] move-result v7 → [branch] if-eqz v7, :cond_3f → [other] new-instance v7, Ljava/lang/StringBuilder; → [invoke] java.lang.StringBuilder.<init>()",86
com.samsung.android.mcfserver,mcfsdk,com.samsung.android.mcf.common.Utils,"<com.samsung.android.mcf.common.Utils: boolean hasNoPermission(android.content.Context,java.lang.String)>",early_return,"[invoke] android.content.pm.PackageManager.checkPermission() → [other] move-result p0 → [branch] if-eqz p0, :cond_41 → [other] new-instance p0, Ljava/lang/StringBuilder; → [invoke] java.lang.StringBuilder.<init>()",78
com.samsung.android.mcfserver,mcfsdk,com.samsung.android.mcf.common.Utils,<com.samsung.android.mcf.common.Utils: boolean isMcfInstalled(android.content.Context)>,early_return,"[invoke] android.content.pm.PackageManager.getPackageInfo() → [other] new-instance v1, Ljava/lang/StringBuilder; → [invoke] java.lang.StringBuilder.<init>() → [invoke] java.lang.StringBuilder.append() → [reassigned] v1 overwritten",54
com.mediatek.gnssdebugreport,mediatek-framework,com.mediatek.gnssdebugreport.GnssDebugReportManager,"<com.mediatek.gnssdebugreport.GnssDebugReportManager: boolean bindService(android.content.Context,android.content.ServiceConnection)>",early_return,[invoke] android.content.Intent.setClassName() → [reassigned] v1 overwritten,27
com.google.android.youtube,motionrecognitionservice,com.samsung.android.gesture.AutoRotationHandler,<com.samsung.android.gesture.AutoRotationHandler: void <init>(android.content.Context)>,early_return,"[other] filled-new-array/range {v4 .. v30}, [Ljava/lang/String; → [other] new-instance v4, Ljava/util/HashSet; → [invoke] java.util.HashSet.<init>() → [field_store] com.samsung.android.gesture.AutoRotationHandler.SET_LANDSCAP → [reassigned] v4 overwritten",244
com.sec.android.app.camera,motionrecognitionservice,com.samsung.android.gesture.AutoRotationHandler,<com.samsung.android.gesture.AutoRotationHandler: void <init>(android.content.Context)>,early_return,,244
com.sec.android.gallery3d,motionrecognitionservice,com.samsung.android.gesture.AutoRotationHandler,<com.samsung.android.gesture.AutoRotationHandler: void <init>(android.content.Context)>,early_return,,244
com.netflix.mediaclient,motionrecognitionservice,com.samsung.android.gesture.AutoRotationHandler,<com.samsung.android.gesture.AutoRotationHandler: void <init>(android.content.Context)>,early_return,,244
net.cj.cjhv.gs.tving,motionrecognitionservice,com.samsung.android.gesture.AutoRotationHandler,<com.samsung.android.gesture.AutoRotationHandler: void <init>(android.content.Context)>,early_return,,244
com.frograms.wplay,motionrecognitionservice,com.samsung.android.gesture.AutoRotationHandler,<com.samsung.android.gesture.AutoRotationHandler: void <init>(android.content.Context)>,early_return,,244
com.disney.disneyplus,motionrecognitionservice,com.samsung.android.gesture.AutoRotationHandler,<com.samsung.android.gesture.AutoRotationHandler: void <init>(android.content.Context)>,early_return,,244
com.nhn.android.nmap,motionrecognitionservice,com.samsung.android.gesture.AutoRotationHandler,<com.samsung.android.gesture.AutoRotationHandler: void <init>(android.content.Context)>,early_return,,244
com.google.android.apps.maps,motionrecognitionservice,com.samsung.android.gesture.AutoRotationHandler,<com.samsung.android.gesture.AutoRotationHandler: void <init>(android.content.Context)>,early_return,,244
com.skt.tmap.ku,motionrecognitionservice,com.samsung.android.gesture.AutoRotationHandler,<com.samsung.android.gesture.AutoRotationHandler: void <init>(android.content.Context)>,early_return,,244
com.tmapforkia.android,motionrecognitionservice,com.samsung.android.gesture.AutoRotationHandler,<com.samsung.android.gesture.AutoRotationHandler: void <init>(android.content.Context)>,early_return,,244
net.daum.android.map,motionrecognitionservice,com.samsung.android.gesture.AutoRotationHandler,<com.samsung.android.gesture.AutoRotationHandler: void <init>(android.content.Context)>,early_return,,244
com.lguplus.navi,motionrecognitionservice,com.samsung.android.gesture.AutoRotationHandler,<com.samsung.android.gesture.AutoRotationHandler: void <init>(android.content.Context)>,early_return,,244
com.kakao.taxi,motionrecognitionservice,com.samsung.android.gesture.AutoRotationHandler,<com.samsung.android.gesture.AutoRotationHandler: void <init>(android.content.Context)>,early_return,,244
io.mvlchain.tada,motionrecognitionservice,com.samsung.android.gesture.AutoRotationHandler,<com.samsung.android.gesture.AutoRotationHandler: void <init>(android.content.Context)>,early_return,,244
kr.co.vcnc.tada,motionrecognitionservice,com.samsung.android.gesture.AutoRotationHandler,<com.samsung.android.gesture.AutoRotationHandler: void <init>(android.content.Context)>,early_return,,244
com.autonavi.minimap,motionrecognitionservice,com.samsung.android.gesture.AutoRotationHandler,<com.samsung.android.gesture.AutoRotationHandler: void <init>(android.content.Context)>,early_return,,244
com.baidu.BaiduMap,motionrecognitionservice,com.samsung.android.gesture.AutoRotationHandler,<com.samsung.android.gesture.AutoRotationHandler: void <init>(android.content.Context)>,early_return,,244
com.tencent.map,motionrecognitionservice,com.samsung.android.gesture.AutoRotationHandler,<com.samsung.android.gesture.AutoRotationHandler: void <init>(android.content.Context)>,early_return,,244
com.samsung.android.video,motionrecognitionservice,com.samsung.android.gesture.AutoRotationHandler,<com.samsung.android.gesture.AutoRotationHandler: void <init>(android.content.Context)>,early_return,"[other] filled-new-array/range {v4 .. v30}, [Ljava/lang/String;",244
com.samsung.adaptivebrightnessgo,motionrecognitionservice,com.samsung.android.gesture.AdaptiveBrightnessController$2,<com.samsung.android.gesture.AdaptiveBrightnessController$2: void run()>,early_return,[invoke] android.content.ComponentName.<init>() → [reassigned] v3 overwritten,89
com.android.incallui,motionrecognitionservice,com.samsung.android.gesture.MotionRecognitionService,<com.samsung.android.gesture.MotionRecognitionService: java.lang.String getInCallUiPackageName()>,string_compare,[other] return-object v0,31
com.samsung.android.providers.context,motionrecognitionservice,com.samsung.android.gesture.MotionRecognitionPalmMotion,"<com.samsung.android.gesture.MotionRecognitionPalmMotion: void insertLog(android.content.Context,java.lang.String)>",string_compare;early_return,[invoke] android.content.Intent.setPackage(),83
com.samsung.android.providers.context,motionrecognitionservice,com.samsung.android.gesture.MotionRecognitionSensorChecker,<com.samsung.android.gesture.MotionRecognitionSensorChecker: void insertLog(java.lang.String)>,early_return,"[invoke] android.content.Intent.setPackage() → [other] iget-object v4, p0, Lcom/samsung/android/gesture/MotionRecog → [invoke] android.content.Context.sendBroadcast()",76
com.android.phone,motionrecognitionservice,com.samsung.android.gesture.MotionRecognitionService$Listener,<com.samsung.android.gesture.MotionRecognitionService$Listener: java.lang.String getTopActivityPackageName()>,string_compare,"[invoke] java.lang.String.equals() → [other] move-result v4 → [branch] if-nez v4, :cond_44",111
com.android.se,org.simalliance.openmobileapi,org.simalliance.openmobileapi.SEService,"<org.simalliance.openmobileapi.SEService: void <init>(android.content.Context,org.simalliance.openmobileapi.SEService$CallBack)>",early_return,"[invoke] android.content.Intent.setClassName() → [other] iget-object v1, p0, Lorg/simalliance/openmobileapi/SEService → [invoke] android.content.Context.bindService() → [other] move-result v1 → [other] .local v1, ""bindingSuccessful"":Z",101
com.sec.imsservice,rcsopenapi,com.gsma.services.rcs.contact.ContactService,<com.gsma.services.rcs.contact.ContactService: void connect()>,early_return,"[invoke] android.content.Intent.setPackage() → [other] iget-object v3, p0, Lcom/gsma/services/rcs/contact/ContactSe → [invoke] android.content.Context.getApplicationContext() → [reassigned] v3 overwritten",114
com.sec.imsservice,rcsopenapi,com.gsma.services.rcs.sharing.video.VideoSharingService,<com.gsma.services.rcs.sharing.video.VideoSharingService: void connect()>,early_return,"[invoke] android.content.Intent.setPackage() → [other] iget-object v3, p0, Lcom/gsma/services/rcs/sharing/video/Vid → [invoke] android.content.Context.getApplicationContext() → [reassigned] v3 overwritten",114
com.sec.imsservice,rcsopenapi,com.gsma.services.rcs.sharing.geoloc.GeolocSharingService,<com.gsma.services.rcs.sharing.geoloc.GeolocSharingService: void connect()>,early_return,"[invoke] android.content.Intent.setPackage() → [other] iget-object v3, p0, Lcom/gsma/services/rcs/sharing/geoloc/Ge → [invoke] android.content.Context.getApplicationContext() → [reassigned] v3 overwritten",114
com.sec.imsservice,rcsopenapi,com.gsma.services.rcs.sharing.image.ImageSharingService,<com.gsma.services.rcs.sharing.image.ImageSharingService: void connect()>,early_return,"[invoke] android.content.Intent.setPackage() → [other] iget-object v3, p0, Lcom/gsma/services/rcs/sharing/image/Ima → [invoke] android.content.Context.getApplicationContext() → [reassigned] v3 overwritten",114
com.sec.imsservice,rcsopenapi,com.gsma.services.rcs.extension.MultimediaSessionService,<com.gsma.services.rcs.extension.MultimediaSessionService: void connect()>,early_return,"[invoke] android.content.Intent.setPackage() → [other] iget-object v4, p0, Lcom/gsma/services/rcs/extension/Multime → [invoke] android.content.Context.getApplicationContext() → [reassigned] v4 overwritten",112
com.sec.imsservice,rcsopenapi,com.gsma.services.rcs.chat.ChatService,<com.gsma.services.rcs.chat.ChatService: void connect()>,early_return,"[invoke] android.content.Intent.setPackage() → [other] iget-object v3, p0, Lcom/gsma/services/rcs/chat/ChatService; → [invoke] android.content.Context.getApplicationContext() → [reassigned] v3 overwritten",114
com.sec.imsservice,rcsopenapi,com.gsma.services.rcs.capability.CapabilityService,<com.gsma.services.rcs.capability.CapabilityService: void connect()>,early_return,"[invoke] android.content.Intent.setPackage() → [other] iget-object v3, p0, Lcom/gsma/services/rcs/capability/Capabi → [invoke] android.content.Context.getApplicationContext() → [reassigned] v3 overwritten",114
com.sec.imsservice,rcsopenapi,com.gsma.services.rcs.filetransfer.FileTransferService,<com.gsma.services.rcs.filetransfer.FileTransferService: void connect()>,early_return,"[invoke] android.content.Intent.setPackage() → [other] iget-object v3, p0, Lcom/gsma/services/rcs/filetransfer/File → [invoke] android.content.Context.getApplicationContext() → [reassigned] v3 overwritten",114
com.sec.imsservice,rcsopenapi,com.gsma.services.rcs.history.HistoryService,<com.gsma.services.rcs.history.HistoryService: void connect()>,early_return,"[invoke] android.content.Intent.setPackage() → [other] iget-object v3, p0, Lcom/gsma/services/rcs/history/HistorySe → [invoke] android.content.Context.getApplicationContext() → [reassigned] v3 overwritten",114
com.sec.imsservice,rcsopenapi,com.gsma.services.rcs.upload.FileUploadService,<com.gsma.services.rcs.upload.FileUploadService: void connect()>,early_return,"[invoke] android.content.Intent.setPackage() → [other] iget-object v3, p0, Lcom/gsma/services/rcs/upload/FileUpload → [invoke] android.content.Context.getApplicationContext() → [reassigned] v3 overwritten",113
com.sec.phone,sec_platform_library,com.samsung.android.sec_platform_library.FactoryPhone,<com.samsung.android.sec_platform_library.FactoryPhone: void connectToRilService()>,early_return,"[invoke] android.content.Intent.setClassName() → [other] iget-object v4, p0, Lcom/samsung/android/sec_platform_librar → [invoke] android.content.Context.semBindServiceAsUser()",118
com.sec.phone,sec_platform_library,com.samsung.android.sec_platform_library.FactoryPhone,<com.samsung.android.sec_platform_library.FactoryPhone: void connectToRilService(android.content.BroadcastReceiver)>,early_return,"[invoke] android.content.Intent.setClassName() → [other] iget-object v1, p0, Lcom/samsung/android/sec_platform_librar → [invoke] android.content.BroadcastReceiver.peekService() → [reassigned] v1 overwritten",64
com.google.android.setupwizard,semwifi-service,com.samsung.android.server.wifi.SemApeController,<com.samsung.android.server.wifi.SemApeController: void initBlockedPackages()>,early_return,[invoke] java.util.HashSet.add() → [reassigned] v1 overwritten,54
com.google.android.gms,semwifi-service,com.samsung.android.server.wifi.SemApeController,<com.samsung.android.server.wifi.SemApeController: void initBlockedPackages()>,early_return,[invoke] java.util.HashSet.add() → [reassigned] v1 overwritten,54
com.android.settings,semwifi-service,com.samsung.android.server.wifi.SemApeController,<com.samsung.android.server.wifi.SemApeController: void initBlockedPackages()>,early_return,[invoke] java.util.HashSet.add() → [reassigned] v1 overwritten,54
com.android.vending,semwifi-service,com.samsung.android.server.wifi.SemApeController,<com.samsung.android.server.wifi.SemApeController: void initBlockedPackages()>,early_return,[invoke] java.util.HashSet.add() → [reassigned] v1 overwritten,54
com.sec.android.app.SecSetupWizard,semwifi-service,com.samsung.android.server.wifi.SemApeController,<com.samsung.android.server.wifi.SemApeController: void initBlockedPackages()>,early_return,[invoke] java.util.HashSet.add() → [reassigned] v1 overwritten,54
com.sec.android.app.launcher,semwifi-service,com.samsung.android.server.wifi.SemApeController,<com.samsung.android.server.wifi.SemApeController: void initBlockedPackages()>,early_return,[invoke] java.util.HashSet.add(),54
com.samsung.android.smartmirroring,semwifi-service,com.samsung.android.server.wifi.SemApeController,<com.samsung.android.server.wifi.SemApeController: void initBlockedPackages()>,early_return,[invoke] java.util.HashSet.add(),54
com.samsung.android.tencentwifisecurity,semwifi-service,com.samsung.android.server.wifi.SemWifiServiceImpl$7,"<com.samsung.android.server.wifi.SemWifiServiceImpl$7: void onReceive(android.content.Context,android.content.Intent)>",early_return,"[invoke] android.content.Intent.setPackage() → [other] sget-object p2, Landroid/os/UserHandle;->ALL:Landroid/os/Use → [invoke] android.content.Context.sendBroadcastAsUser()",22
com.samsung.android.oneconnect,semwifi-service,com.samsung.android.server.wifi.SemEasySetupWifiManager$EasySetupHandler,<com.samsung.android.server.wifi.SemEasySetupWifiManager$EasySetupHandler: void handleMessage(android.os.Message)>,string_compare;early_return,"[invoke] java.lang.String.equals() → [other] move-result v0 → [branch] if-eqz v0, :cond_e0 → [other] iget-object v0, p0, Lcom/samsung/android/server/wifi/SemEasy → [invoke] com.samsung.android.server.wifi.SemEasySetupWifiManager.-$$N",262
com.samsung.android.wcmurlsnetworkstack,semwifi-service,com.samsung.android.server.wifi.SemWifiConnectivityMonitor,"<com.samsung.android.server.wifi.SemWifiConnectivityMonitor: void <init>(android.content.Context,com.samsung.android.server.wifi.SemWifiInjector,com.samsung.android.server.wifi.ISemInterfaceNameProvider,com.samsung.android.server.wifi.tcp.SemWifiSwitchForIndividualAppsService)>",string_compare;early_return,[field_store] com.samsung.android.server.wifi.SemWifiConnectivityMonitor.S → [reassigned] v10 overwritten,1156
com.samsung.android.oneconnect,semwifi-service,com.samsung.android.server.wifi.SemWifiConnectivityMonitor,"<com.samsung.android.server.wifi.SemWifiConnectivityMonitor: void <init>(android.content.Context,com.samsung.android.server.wifi.SemWifiInjector,com.samsung.android.server.wifi.ISemInterfaceNameProvider,com.samsung.android.server.wifi.tcp.SemWifiSwitchForIndividualAppsService)>",string_compare;early_return,"[other] filled-new-array {v10, v11, v12, v13}, [Ljava/lang/String; → [reassigned] v10 overwritten",1156
com.samsung.android.app.mirrorlink,semwifi-service,com.samsung.android.server.wifi.SemWifiConnectivityMonitor,"<com.samsung.android.server.wifi.SemWifiConnectivityMonitor: void <init>(android.content.Context,com.samsung.android.server.wifi.SemWifiInjector,com.samsung.android.server.wifi.ISemInterfaceNameProvider,com.samsung.android.server.wifi.tcp.SemWifiSwitchForIndividualAppsService)>",string_compare;early_return,"[other] filled-new-array {v10, v11, v12, v13}, [Ljava/lang/String; → [reassigned] v11 overwritten",1156
com.google.android.gms,semwifi-service,com.samsung.android.server.wifi.SemWifiConnectivityMonitor,"<com.samsung.android.server.wifi.SemWifiConnectivityMonitor: void <init>(android.content.Context,com.samsung.android.server.wifi.SemWifiInjector,com.samsung.android.server.wifi.ISemInterfaceNameProvider,com.samsung.android.server.wifi.tcp.SemWifiSwitchForIndividualAppsService)>",string_compare;early_return,"[other] filled-new-array {v10, v11, v12, v13}, [Ljava/lang/String; → [reassigned] v12 overwritten",1156
com.google.android.projection.gearhead,semwifi-service,com.samsung.android.server.wifi.SemWifiConnectivityMonitor,"<com.samsung.android.server.wifi.SemWifiConnectivityMonitor: void <init>(android.content.Context,com.samsung.android.server.wifi.SemWifiInjector,com.samsung.android.server.wifi.ISemInterfaceNameProvider,com.samsung.android.server.wifi.tcp.SemWifiSwitchForIndividualAppsService)>",string_compare;early_return,"[other] filled-new-array {v10, v11, v12, v13}, [Ljava/lang/String; → [reassigned] v13 overwritten",1156
com.android.systemui,semwifi-service,com.samsung.android.server.wifi.SemWifiConnectivityMonitor,"<com.samsung.android.server.wifi.SemWifiConnectivityMonitor: void <init>(android.content.Context,com.samsung.android.server.wifi.SemWifiInjector,com.samsung.android.server.wifi.ISemInterfaceNameProvider,com.samsung.android.server.wifi.tcp.SemWifiSwitchForIndividualAppsService)>",string_compare;early_return,"[other] filled-new-array/range {v11 .. v21}, [Ljava/lang/String; → [other] new-instance v11, Lcom/samsung/android/server/wifi/SemWifiCo → [invoke] com.samsung.android.server.wifi.SemWifiConnectivityMonitor$3 → [field_store] com.samsung.android.server.wifi.SemWifiConnectivityMonitor.m → [invoke] com.samsung.android.server.wifi.util.ScanPool.registerScanRe",1156
com.samsung.android.app.aodservice,semwifi-service,com.samsung.android.server.wifi.SemWifiConnectivityMonitor,"<com.samsung.android.server.wifi.SemWifiConnectivityMonitor: void <init>(android.content.Context,com.samsung.android.server.wifi.SemWifiInjector,com.samsung.android.server.wifi.ISemInterfaceNameProvider,com.samsung.android.server.wifi.tcp.SemWifiSwitchForIndividualAppsService)>",string_compare;early_return,,1156
com.sec.android.cover.ledcover,semwifi-service,com.samsung.android.server.wifi.SemWifiConnectivityMonitor,"<com.samsung.android.server.wifi.SemWifiConnectivityMonitor: void <init>(android.content.Context,com.samsung.android.server.wifi.SemWifiInjector,com.samsung.android.server.wifi.ISemInterfaceNameProvider,com.samsung.android.server.wifi.tcp.SemWifiSwitchForIndividualAppsService)>",string_compare;early_return,,1156
com.samsung.android.app.routines,semwifi-service,com.samsung.android.server.wifi.SemWifiConnectivityMonitor,"<com.samsung.android.server.wifi.SemWifiConnectivityMonitor: void <init>(android.content.Context,com.samsung.android.server.wifi.SemWifiInjector,com.samsung.android.server.wifi.ISemInterfaceNameProvider,com.samsung.android.server.wifi.tcp.SemWifiSwitchForIndividualAppsService)>",string_compare;early_return,,1156
com.android.systemui,semwifi-service,com.samsung.android.server.wifi.SemWifiConnectivityMonitor,"<com.samsung.android.server.wifi.SemWifiConnectivityMonitor: void <init>(android.content.Context,com.samsung.android.server.wifi.SemWifiInjector,com.samsung.android.server.wifi.ISemInterfaceNameProvider,com.samsung.android.server.wifi.tcp.SemWifiSwitchForIndividualAppsService)>",string_compare;early_return,,1156
com.google.android.apps.carrier.carrierwifi,semwifi-service,com.samsung.android.server.wifi.SemWifiConnectivityMonitor,"<com.samsung.android.server.wifi.SemWifiConnectivityMonitor: void <init>(android.content.Context,com.samsung.android.server.wifi.SemWifiInjector,com.samsung.android.server.wifi.ISemInterfaceNameProvider,com.samsung.android.server.wifi.tcp.SemWifiSwitchForIndividualAppsService)>",string_compare;early_return,"[other] filled-new-array/range {v11 .. v21}, [Ljava/lang/String;",1156
com.smithmicro.netwise.director.comcast.oem,semwifi-service,com.samsung.android.server.wifi.SemWifiConnectivityMonitor,<com.samsung.android.server.wifi.SemWifiConnectivityMonitor: boolean isCaptivePortalExceptionOnly(java.lang.String)>,string_compare;early_return,"[invoke] com.samsung.android.server.wifi.SemWifiConnectivityMonitor.i → [other] move-result v0 → [branch] if-eqz v0, :cond_2e → [other] move-result v0 → [branch] if-eqz v0, :cond_2e",212
com.synchronoss.dcs.att.r2g,semwifi-service,com.samsung.android.server.wifi.SemWifiConnectivityMonitor,"<com.samsung.android.server.wifi.SemWifiConnectivityMonitor: boolean isIgnorableNetwork(java.lang.String,int)>",string_compare;early_return,[invoke] com.samsung.android.server.wifi.SemWifiConnectivityMonitor.i → [reassigned] v4 overwritten,456
com.belgacom.fon,semwifi-service,com.samsung.android.server.wifi.SemWifiConnectivityMonitor,"<com.samsung.android.server.wifi.SemWifiConnectivityMonitor: boolean isIgnorableNetwork(java.lang.String,int)>",string_compare;early_return,[invoke] com.samsung.android.server.wifi.SemWifiConnectivityMonitor.i → [reassigned] v4 overwritten,456
com.chinamobile.cmccwifi,semwifi-service,com.samsung.android.server.wifi.SemWifiConnectivityMonitor,"<com.samsung.android.server.wifi.SemWifiConnectivityMonitor: boolean isIgnorableNetwork(java.lang.String,int)>",string_compare;early_return,[invoke] com.samsung.android.server.wifi.SemWifiConnectivityMonitor.i → [reassigned] v4 overwritten,456
com.kddi.android.au_wifi_connect,semwifi-service,com.samsung.android.server.wifi.SemWifiConnectivityMonitor,"<com.samsung.android.server.wifi.SemWifiConnectivityMonitor: boolean isIgnorableNetwork(java.lang.String,int)>",string_compare;early_return,"[invoke] com.samsung.android.server.wifi.SemWifiConnectivityMonitor.i → [other] move-result p2 → [branch] if-nez p2, :cond_156 → [reassigned] p2 overwritten",456
com.kddi.android.au_wifi_connect2,semwifi-service,com.samsung.android.server.wifi.SemWifiConnectivityMonitor,"<com.samsung.android.server.wifi.SemWifiConnectivityMonitor: boolean isIgnorableNetwork(java.lang.String,int)>",string_compare;early_return,"[invoke] com.samsung.android.server.wifi.SemWifiConnectivityMonitor.i → [other] move-result p2 → [branch] if-eqz p2, :cond_fe → [other] iget-boolean p2, p0, Lcom/samsung/android/server/wifi/SemWif → [branch] if-eqz p2, :cond_105",456
com.samsung.android.smartmirroring,semwifi-service,com.samsung.android.server.wifi.SemApeService,"<com.samsung.android.server.wifi.SemApeService: void <init>(android.content.Context,android.os.HandlerThread,com.samsung.android.server.wifi.SemClientModeManager)>",early_return,[invoke] java.util.List.add() → [reassigned] p0 overwritten,127
com.google.android.gms,semwifi-service,com.samsung.android.server.wifi.SemApeService,"<com.samsung.android.server.wifi.SemApeService: void <init>(android.content.Context,android.os.HandlerThread,com.samsung.android.server.wifi.SemClientModeManager)>",early_return,[invoke] java.util.List.add() → [reassigned] p0 overwritten,127
com.samsung.android.galaxycontinuity,semwifi-service,com.samsung.android.server.wifi.SemApeService,"<com.samsung.android.server.wifi.SemApeService: void <init>(android.content.Context,android.os.HandlerThread,com.samsung.android.server.wifi.SemClientModeManager)>",early_return,[invoke] java.util.List.add() → [reassigned] p0 overwritten,127
com.microsoft.appmanager,semwifi-service,com.samsung.android.server.wifi.SemApeService,"<com.samsung.android.server.wifi.SemApeService: void <init>(android.content.Context,android.os.HandlerThread,com.samsung.android.server.wifi.SemClientModeManager)>",early_return,[invoke] java.util.List.add() → [reassigned] p0 overwritten,127
com.google.android.projection.gearhead,semwifi-service,com.samsung.android.server.wifi.SemClientModeImpl$ConnectedState,<com.samsung.android.server.wifi.SemClientModeImpl$ConnectedState: void enter()>,string_compare;early_return,[invoke] java.lang.String.equals() → [reassigned] v2 overwritten,453
com.sec.android.app.servicemodeapp,semwifi-service,com.samsung.android.server.wifi.SemIWCMonitor$1,"<com.samsung.android.server.wifi.SemIWCMonitor$1: void onForegroundActivitiesChanged(int,int,boolean)>",string_compare;early_return,"[invoke] java.lang.String.equals() → [other] move-result v0 → [branch] if-eqz v0, :cond_22 → [reassigned] v0 overwritten",244
com.microsoft.xcloud,semwifi-service,com.samsung.android.server.wifi.SemWifiOptimizer,"<com.samsung.android.server.wifi.SemWifiOptimizer: void <init>(android.content.Context,com.samsung.android.server.wifi.halclient.SemWifiNative,com.samsung.android.server.wifi.SemWifiConfigManager,com.samsung.android.server.wifi.SemWifiInjector,com.samsung.android.server.wifi.SemWifiTrafficPoller,com.samsung.android.server.wifi.util.ScanPool,android.os.HandlerThread,com.samsung.android.server.wifi.SemWifiServiceDetector)>",early_return,[invoke] java.util.HashMap.put() → [reassigned] p5 overwritten,242
com.sec.android.app.launcher,semwifi-service,com.samsung.android.server.wifi.SemWifiOptimizer$5,"<com.samsung.android.server.wifi.SemWifiOptimizer$5: void noteResumeComponent(android.content.ComponentName,android.content.Intent,int,int)>",allowlist_check;string_compare;early_return,"[invoke] java.lang.String.equals() → [other] iget p2, p4, Landroid/app/ActivityManager$RunningAppProcessI → [other] iput p2, p1, Lcom/samsung/android/server/wifi/SemWifiOptimiz → [other] iget-object p2, p0, Lcom/samsung/android/server/wifi/SemWifi → [invoke] com.samsung.android.server.wifi.SemWifiOptimizer.-$$Nest$fge",289
com.android.systemui,semwifi-service,com.samsung.android.server.wifi.SemIWCMonitor,"<com.samsung.android.server.wifi.SemIWCMonitor: void <init>(android.content.Context,android.os.Looper,com.samsung.android.server.wifi.SemWifiInjector)>",string_compare;early_return;system_property_read,"[other] filled-new-array {v0, v2}, [Ljava/lang/String; → [reassigned] v0 overwritten",952
com.android.settings,semwifi-service,com.samsung.android.server.wifi.SemIWCMonitor,"<com.samsung.android.server.wifi.SemIWCMonitor: void <init>(android.content.Context,android.os.Looper,com.samsung.android.server.wifi.SemWifiInjector)>",string_compare;early_return;system_property_read,"[other] filled-new-array {v0, v2}, [Ljava/lang/String; → [reassigned] v2 overwritten",952
com.android.systemui,semwifi-service,com.samsung.android.server.wifi.ui.PickerDialogController,"<com.samsung.android.server.wifi.ui.PickerDialogController: void <init>(android.content.Context,com.samsung.android.server.wifi.db.WifiControlMonitor)>",early_return,[invoke] java.util.Set.add() → [reassigned] v0 overwritten,35
com.android.settings,semwifi-service,com.samsung.android.server.wifi.ui.PickerDialogController,<com.samsung.android.server.wifi.ui.PickerDialogController: void startPickerDialog()>,early_return,"[invoke] android.content.Intent.setClassName() → [other] const v2, 0x10008000 → [invoke] android.content.Intent.addFlags() → [other] sget-object v2, Landroid/os/UserHandle;->CURRENT:Landroid/os → [invoke] android.content.Context.startActivityAsUser()",48
com.samsung.android.smartsuggestions,semwifi-service,com.samsung.android.server.wifi.ap.SemWifiApUtils$2,<com.samsung.android.server.wifi.ap.SemWifiApUtils$2: void run()>,early_return,[invoke] android.content.Intent.setPackage() → [reassigned] v1 overwritten,40
com.android.settings.intelligence,semwifi-service,com.samsung.android.server.wifi.ap.SemWifiApUtils$2,<com.samsung.android.server.wifi.ap.SemWifiApUtils$2: void run()>,early_return,[invoke] android.content.Intent.setPackage(),40
com.samsung.android.app.mhswrappertmo,semwifi-service,com.samsung.android.server.wifi.ap.SemSoftApManager$5,"<com.samsung.android.server.wifi.ap.SemSoftApManager$5: void onReceive(android.content.Context,android.content.Intent)>",string_compare;early_return,"[invoke] android.content.Intent.setClassName() → [other] iget-object v0, p0, Lcom/samsung/android/server/wifi/ap/SemS → [invoke] com.samsung.android.server.wifi.ap.SemSoftApManager.-$$Nest$ → [reassigned] v0 overwritten",605
com.android.settings,semwifi-service,com.samsung.android.server.wifi.ap.SemWifiApBroadcastReceiver,"<com.samsung.android.server.wifi.ap.SemWifiApBroadcastReceiver: void showHotspotErrorDialog(android.content.Context,int,android.content.Intent)>",early_return,"[invoke] android.content.Intent.setClassName() → [other] const/high16 v0, 0x10000000 → [invoke] android.content.Intent.setFlags() → [reassigned] v0 overwritten",278
com.android.settings,semwifi-service,com.samsung.android.server.wifi.ap.SemWifiApBroadcastReceiver,<com.samsung.android.server.wifi.ap.SemWifiApBroadcastReceiver: ???>,early_return,"[invoke] android.content.Intent.setClassName() → [invoke] android.content.Intent.setPackage() → [invoke] android.content.Intent.setPackage() → [invoke] android.content.Intent.setClassName() → [other] const-wide/16 v14, 0x0",297
com.android.settings,semwifi-service,com.samsung.android.server.wifi.ap.SemWifiApBroadcastReceiver,<com.samsung.android.server.wifi.ap.SemWifiApBroadcastReceiver: ???>,early_return,"[invoke] android.content.Intent.setClassName() → [other] const/high16 v0, 0x10000000 → [invoke] android.content.Intent.setFlags() → [reassigned] v0 overwritten",50
com.osp.app.signin,semwifi-service,com.samsung.android.server.wifi.ap.SemWifiApUtils,<com.samsung.android.server.wifi.ap.SemWifiApUtils: java.lang.String getSamsungAccount(android.content.Context)>,,"[invoke] android.accounts.AccountManager.getAccountsByType() → [other] array-length v0, p0 → [other] if-lez v0, :cond_17 → [reassigned] v0 overwritten",38
com.osp.app.signin,semwifi-service,com.samsung.android.server.wifi.ap.SemWifiApUtils,<com.samsung.android.server.wifi.ap.SemWifiApUtils: int getSamsungAccountCount(android.content.Context)>,early_return,[invoke] android.accounts.AccountManager.getAccountsByType(),24
com.samsung.android.mobileservice,semwifi-service,com.samsung.android.server.wifi.ap.SemWifiApUtils,<com.samsung.android.server.wifi.ap.SemWifiApUtils: boolean isGroupSharingAppDisabled(android.content.Context)>,early_return,"[invoke] com.samsung.android.server.wifi.ap.SemWifiApUtils.isPkgEnabl → [other] sget-object v0, Lcom/samsung/android/server/wifi/ap/SemWifiA → [invoke] android.util.Log.e()",24
com.android.settings,semwifi-service,com.samsung.android.server.wifi.ap.SemWifiApServiceImpl,"<com.samsung.android.server.wifi.ap.SemWifiApServiceImpl: boolean setWifiApEnabled(android.net.wifi.SoftApConfiguration,boolean)>",string_compare;early_return,"[invoke] android.content.Intent.setPackage() → [other] iget-object p2, p0, Lcom/samsung/android/server/wifi/ap/SemW → [invoke] android.content.Context.sendBroadcast() → [reassigned] p2 overwritten",896
com.android.systemui,semwifi-service,com.samsung.android.server.wifi.ap.SemWifiApServiceImpl,"<com.samsung.android.server.wifi.ap.SemWifiApServiceImpl: boolean setWifiApEnabled(android.net.wifi.SoftApConfiguration,boolean)>",string_compare;early_return,[invoke] android.content.Intent.setPackage() → [invoke] java.lang.StringBuilder.append() → [reassigned] p2 overwritten,896
com.android.settings,semwifi-service,com.samsung.android.server.wifi.ap.SemSoftApManager$SemSoftApHandler,<com.samsung.android.server.wifi.ap.SemSoftApManager$SemSoftApHandler: void handleMessage(android.os.Message)>,early_return,"[invoke] android.content.Intent.setClassName() → [other] const/high16 v0, 0x10000000 → [invoke] android.content.Intent.setFlags() → [reassigned] v0 overwritten",318
com.osp.app.signin,semwifi-service,com.samsung.android.server.wifi.ap.SemWifiApConfigStore,<com.samsung.android.server.wifi.ap.SemWifiApConfigStore: boolean isSALoggedIn()>,early_return,[invoke] android.accounts.AccountManager.getAccountsByType(),31
com.android.settings,semwifi-service,com.samsung.android.server.wifi.ap.smarttethering.SemWifiApSmartGattClient,"<com.samsung.android.server.wifi.ap.smarttethering.SemWifiApSmartGattClient: void launchWiFiApWarning(java.lang.String,int)>",allowlist_check;early_return,[invoke] android.content.Intent.setPackage() → [invoke] android.content.Intent.setClassName(),118
com.android.settings,semwifi-service,com.samsung.android.server.wifi.ap.smarttethering.SemWifiApSmartGattClient,<com.samsung.android.server.wifi.ap.smarttethering.SemWifiApSmartGattClient: void launchWiFiApWarningForWifiProfileSharing(java.lang.String)>,early_return,"[invoke] android.content.Intent.setClassName() → [other] const/high16 v1, 0x10000000 → [invoke] android.content.Intent.setFlags() → [reassigned] v1 overwritten",44
com.android.settings,semwifi-service,com.samsung.android.server.wifi.ap.smarttethering.SemWifiApAdvancedAutohotspotService$2,"<com.samsung.android.server.wifi.ap.smarttethering.SemWifiApAdvancedAutohotspotService$2: void noteResumeComponent(android.content.ComponentName,android.content.Intent,int,int)>",string_compare;early_return,[invoke] java.lang.String.equals(),76
com.samsung.android.mobileservice,semwifi-service,com.samsung.android.server.wifi.ap.smarttethering.SemWifiApSmartBleScanner$SemWifiApSmartBleScannerReceiver,"<com.samsung.android.server.wifi.ap.smarttethering.SemWifiApSmartBleScanner$SemWifiApSmartBleScannerReceiver: void onReceive(android.content.Context,android.content.Intent)>",string_compare;early_return;identity_read,[invoke] com.samsung.android.server.wifi.ap.smarttethering.SemWifiApS → [reassigned] v3 overwritten,3065
com.android.settings,semwifi-service,com.samsung.android.server.wifi.ap.smarttethering.SemWifiApAdvancedAutohotspotService$AdvancedAHSHandler,<com.samsung.android.server.wifi.ap.smarttethering.SemWifiApAdvancedAutohotspotService$AdvancedAHSHandler: void handleMessage(android.os.Message)>,string_compare;early_return,"[invoke] android.content.Intent.setClassName() → [other] const/high16 v3, 0x10000000 → [invoke] android.content.Intent.setFlags() → [reassigned] v3 overwritten",3363
com.osp.app.signin,semwifi-service,com.samsung.android.server.wifi.ap.smarttethering.SemWifiApSmartUtil,<com.samsung.android.server.wifi.ap.smarttethering.SemWifiApSmartUtil: ???>,,"[invoke] android.accounts.AccountManager.getAccountsByType() → [other] array-length v2, p0 → [other] if-lez v2, :cond_19 → [reassigned] v2 overwritten",56
com.osp.app.signin,semwifi-service,com.samsung.android.server.wifi.ap.smarttethering.SemWifiApSmartUtil,<com.samsung.android.server.wifi.ap.smarttethering.SemWifiApSmartUtil: ???>,,"[invoke] android.accounts.AccountManager.getAccountsByType() → [other] array-length v1, v0 → [branch] if-eqz v1, :cond_19 → [reassigned] v1 overwritten",66
com.osp.app.signin,semwifi-service,com.samsung.android.server.wifi.ap.smarttethering.SemWifiApSmartUtil,<com.samsung.android.server.wifi.ap.smarttethering.SemWifiApSmartUtil: ???>,early_return,[invoke] android.accounts.AccountManager.getAccountsByType(),45
com.sec.mhs.smarttethering,semwifi-service,com.samsung.android.server.wifi.ap.smarttethering.SemWifiApSmartUtil,"<com.samsung.android.server.wifi.ap.smarttethering.SemWifiApSmartUtil: int startLocalGroupSmartTetheringApk(int,java.lang.String)>",early_return,[invoke] android.content.Intent.setClassName() → [reassigned] v3 overwritten,195
com.osp.app.signin,semwifi-service,com.samsung.android.server.wifi.ap.smarttethering.SemWifiApSmartNetworkCallback,<com.samsung.android.server.wifi.ap.smarttethering.SemWifiApSmartNetworkCallback: boolean isSamsungAccountLoggedOut()>,early_return,[invoke] android.accounts.AccountManager.getAccountsByType(),36
com.android.settings,semwifi-service,com.samsung.android.server.wifi.ap.smarttethering.SemWifiApSmartD2DGattClient$SemWifiApSmartD2DGattClientReceiver,"<com.samsung.android.server.wifi.ap.smarttethering.SemWifiApSmartD2DGattClient$SemWifiApSmartD2DGattClientReceiver: void onReceive(android.content.Context,android.content.Intent)>",string_compare;early_return,"[invoke] android.content.Intent.setClassName() → [other] const/high16 p1, 0x10000000 → [invoke] android.content.Intent.setFlags() → [invoke] java.lang.String.equals() → [other] move-result p1",837
com.android.settings,semwifi-service,com.samsung.android.server.wifi.ap.smarttethering.SemWifiApSmartGattServer$SemWifiApSmartGattServerBroadcastReceiver,"<com.samsung.android.server.wifi.ap.smarttethering.SemWifiApSmartGattServer$SemWifiApSmartGattServerBroadcastReceiver: void onReceive(android.content.Context,android.content.Intent)>",string_compare;early_return,"[invoke] android.content.Intent.setClassName() → [other] const/high16 p1, 0x10000000 → [invoke] android.content.Intent.setFlags() → [reassigned] p1 overwritten",1673
com.sec.mhs.smarttethering,semwifi-service,com.samsung.android.server.wifi.ap.smarttethering.SemWifiApSmartD2DMHS,<com.samsung.android.server.wifi.ap.smarttethering.SemWifiApSmartD2DMHS: ???>,early_return,[invoke] com.samsung.android.server.wifi.ap.smarttethering.SemWifiApS → [reassigned] v1 overwritten,280
com.sec.mhs.smarttethering,semwifi-service,com.samsung.android.server.wifi.ap.smarttethering.SemWifiApSmartMHS,<com.samsung.android.server.wifi.ap.smarttethering.SemWifiApSmartMHS: ???>,early_return,[invoke] com.samsung.android.server.wifi.ap.smarttethering.SemWifiApS → [reassigned] v3 overwritten,483
com.samsung.android.mobileservice,semwifi-service,com.samsung.android.server.wifi.ap.smarttethering.SemWifiApSmartBleScanner$SemWifiApSmartBleScannerAppDisableReceiver,"<com.samsung.android.server.wifi.ap.smarttethering.SemWifiApSmartBleScanner$SemWifiApSmartBleScannerAppDisableReceiver: void onReceive(android.content.Context,android.content.Intent)>",string_compare;early_return,"[invoke] java.lang.String.equals() → [other] move-result v0 → [branch] if-nez v0, :cond_17 → [reassigned] v0 overwritten",235
com.sec.mhs.smarttethering,semwifi-service,com.samsung.android.server.wifi.ap.smarttethering.SemWifiApSmartBleScanner,<com.samsung.android.server.wifi.ap.smarttethering.SemWifiApSmartBleScanner: ???>,early_return,[invoke] com.samsung.android.server.wifi.ap.smarttethering.SemWifiApS → [reassigned] v1 overwritten,255
com.android.settings,semwifi-service,com.samsung.android.server.wifi.ap.smarttethering.SemWifiApSmartGattServer$BleWorkHandler,<com.samsung.android.server.wifi.ap.smarttethering.SemWifiApSmartGattServer$BleWorkHandler: void handleMessage(android.os.Message)>,early_return,[invoke] android.content.Intent.setPackage() → [invoke] android.content.Intent.setClassName() → [invoke] android.content.Intent.setPackage() → [invoke] android.content.Intent.setClassName() → [reassigned] v10 overwritten,2726
com.sec.mhs.smarttethering,semwifi-service,com.samsung.android.server.wifi.ap.smarttethering.SemWifiApSmartD2DClient,<com.samsung.android.server.wifi.ap.smarttethering.SemWifiApSmartD2DClient: ???>,early_return,[invoke] com.samsung.android.server.wifi.ap.smarttethering.SemWifiApS → [reassigned] v1 overwritten,301
com.android.settings,semwifi-service,com.samsung.android.server.wifi.ap.smarttethering.SemWifiApAdvancedAutohotspotService,<com.samsung.android.server.wifi.ap.smarttethering.SemWifiApAdvancedAutohotspotService: void closeWifiApWarningDialogIfOpen()>,early_return,[invoke] android.content.Intent.setPackage() → [reassigned] v1 overwritten,67
com.android.settings,semwifi-service,com.samsung.android.server.wifi.ap.smarttethering.SemWifiApAdvancedAutohotspotService,<com.samsung.android.server.wifi.ap.smarttethering.SemWifiApAdvancedAutohotspotService: void isWifiSettingsIsForeground()>,string_compare;early_return,[invoke] java.lang.String.equals(),31
com.android.settings,semwifi-service,com.samsung.android.server.wifi.ap.smarttethering.SemWifiApAdvancedAutohotspotService,"<com.samsung.android.server.wifi.ap.smarttethering.SemWifiApAdvancedAutohotspotService: void launchWiFiApWarning(java.lang.String,int)>",allowlist_check;early_return,"[invoke] android.content.Intent.setClassName() → [other] const/high16 v0, 0x10000000 → [invoke] android.content.Intent.setFlags() → [reassigned] v0 overwritten",68
com.android.settings,semwifi-service,com.samsung.android.server.wifi.ap.smarttethering.SemWifiApSmartGattClient$SemWifiApSmartGattClientReceiver,"<com.samsung.android.server.wifi.ap.smarttethering.SemWifiApSmartGattClient$SemWifiApSmartGattClientReceiver: void onReceive(android.content.Context,android.content.Intent)>",string_compare;early_return,"[invoke] android.content.Intent.setClassName() → [other] const/high16 p1, 0x10000000 → [invoke] android.content.Intent.setFlags() → [reassigned] p1 overwritten",1744
com.android.settings,semwifi-service,com.samsung.android.server.wifi.ap.smarttethering.SemWifiApSmartGattServer$1,"<com.samsung.android.server.wifi.ap.smarttethering.SemWifiApSmartGattServer$1: void onCharacteristicWriteRequest(android.bluetooth.BluetoothDevice,int,android.bluetooth.BluetoothGattCharacteristic,boolean,boolean,int,byte[])>",allowlist_check;string_compare;early_return,"[invoke] android.content.Intent.setClassName() → [other] const/high16 v7, 0x10000000 → [invoke] android.content.Intent.setFlags() → [reassigned] v7 overwritten",2816
com.sec.mhs.smarttethering,semwifi-service,com.samsung.android.server.wifi.ap.smarttethering.SemWifiApSmartClient,<com.samsung.android.server.wifi.ap.smarttethering.SemWifiApSmartClient: ???>,early_return,[invoke] com.samsung.android.server.wifi.ap.smarttethering.SemWifiApS → [reassigned] v1 overwritten,313
com.android.settings,semwifi-service,com.samsung.android.server.wifi.ap.smarttethering.SemWifiApSmartClient,"<com.samsung.android.server.wifi.ap.smarttethering.SemWifiApSmartClient: void sendScanResultFromScanner(int,android.bluetooth.le.ScanResult)>",allowlist_check;string_compare;early_return,[invoke] android.content.Intent.setPackage() → [reassigned] v9 overwritten,2451
com.android.settings,semwifi-service,com.samsung.android.server.wifi.ap.smarttethering.SemWifiApSmartClient,"<com.samsung.android.server.wifi.ap.smarttethering.SemWifiApSmartClient: void sendScanResultFromScanner(int,android.bluetooth.le.ScanResult)>",allowlist_check;string_compare;early_return,[invoke] android.content.Intent.setPackage() → [reassigned] v9 overwritten,2451
com.osp.app.signin,semwifi-service,com.samsung.android.server.wifi.ap.mcf.SemWifiApContinuityUtil,<com.samsung.android.server.wifi.ap.mcf.SemWifiApContinuityUtil: boolean hasAccount()>,early_return,[invoke] android.accounts.AccountManager.getAccountsByType(),31
com.osp.app.signin,semwifi-service,com.samsung.android.server.wifi.ap.mcf.SemWifiApContinuityUtil,<com.samsung.android.server.wifi.ap.mcf.SemWifiApContinuityUtil: boolean hasSamsungAccountPackage()>,early_return,[invoke] android.content.pm.PackageManager.getApplicationInfo(),29
com.android.settings,semwifi-service,com.samsung.android.server.wifi.autowifi.AutoWifiController,<com.samsung.android.server.wifi.autowifi.AutoWifiController: boolean checkAndDisableWifi()>,string_compare;early_return,[invoke] java.lang.String.equals() → [reassigned] v3 overwritten,93
com.samsung.android.SettingsReceiver,semwifi-service,com.samsung.android.server.wifi.b2b.WifiB2bPolicyManager,<com.samsung.android.server.wifi.b2b.WifiB2bPolicyManager: android.os.Bundle getPolicy()>,,[invoke] com.samsung.android.knox.appconfig.ApplicationRestrictionsMa → [reassigned] v0 overwritten,36
com.sec.android.app.wlantest,semwifi-service,com.samsung.android.server.wifi.b2b.WifiB2bPolicyManager,<com.samsung.android.server.wifi.b2b.WifiB2bPolicyManager: boolean isGrantedPackage(java.lang.String)>,string_compare;early_return,[invoke] java.lang.String.startsWith(),43
com.kakao.talk,semwifi-service,com.samsung.android.server.wifi.tcp.SemWifiTransportLayerUtils,<com.samsung.android.server.wifi.tcp.SemWifiTransportLayerUtils: void <clinit>()>,early_return,,53
com.skype.raider,semwifi-service,com.samsung.android.server.wifi.tcp.SemWifiTransportLayerUtils,<com.samsung.android.server.wifi.tcp.SemWifiTransportLayerUtils: void <clinit>()>,early_return,,53
com.facebook.orca,semwifi-service,com.samsung.android.server.wifi.tcp.SemWifiTransportLayerUtils,<com.samsung.android.server.wifi.tcp.SemWifiTransportLayerUtils: void <clinit>()>,early_return,,53
com.viber.voip,semwifi-service,com.samsung.android.server.wifi.tcp.SemWifiTransportLayerUtils,<com.samsung.android.server.wifi.tcp.SemWifiTransportLayerUtils: void <clinit>()>,early_return,,53
jp.naver.line.android,semwifi-service,com.samsung.android.server.wifi.tcp.SemWifiTransportLayerUtils,<com.samsung.android.server.wifi.tcp.SemWifiTransportLayerUtils: void <clinit>()>,early_return,,53
com.snapchat.android,semwifi-service,com.samsung.android.server.wifi.tcp.SemWifiTransportLayerUtils,<com.samsung.android.server.wifi.tcp.SemWifiTransportLayerUtils: void <clinit>()>,early_return,,53
com.tencent.mm,semwifi-service,com.samsung.android.server.wifi.tcp.SemWifiTransportLayerUtils,<com.samsung.android.server.wifi.tcp.SemWifiTransportLayerUtils: void <clinit>()>,early_return,,53
com.imo.android.imoim,semwifi-service,com.samsung.android.server.wifi.tcp.SemWifiTransportLayerUtils,<com.samsung.android.server.wifi.tcp.SemWifiTransportLayerUtils: void <clinit>()>,early_return,"[other] filled-new-array/range {v1 .. v9}, [Ljava/lang/String;",53
com.android.settings,semwifi-service,com.samsung.android.server.wifi.tcp.SemWifiSwitchForIndividualAppsService$4,"<com.samsung.android.server.wifi.tcp.SemWifiSwitchForIndividualAppsService$4: void onReceive(android.content.Context,android.content.Intent)>",string_compare;early_return,"[invoke] android.content.Intent.setClassName() → [other] const/high16 v1, 0x10800000 → [invoke] android.content.Intent.setFlags() → [reassigned] v1 overwritten",570
com.samsung.android.smartmirroring,semwifi-service,com.samsung.android.server.wifi.p2p.SemWifiP2pServiceImpl,<com.samsung.android.server.wifi.p2p.SemWifiP2pServiceImpl: boolean isAllowedPackageForNextAction(java.lang.String)>,early_return,,40
com.samsung.android.mdx.kit,semwifi-service,com.samsung.android.server.wifi.p2p.SemWifiP2pServiceImpl,<com.samsung.android.server.wifi.p2p.SemWifiP2pServiceImpl: boolean isAllowedPackageForNextAction(java.lang.String)>,early_return,,40
com.android.bluetooth,semwifi-service,com.samsung.android.server.wifi.p2p.SemWifiP2pServiceImpl,<com.samsung.android.server.wifi.p2p.SemWifiP2pServiceImpl: boolean isAllowedPackageForNextAction(java.lang.String)>,early_return,,40
com.samsung.android.mcfserver,semwifi-service,com.samsung.android.server.wifi.p2p.SemWifiP2pServiceImpl,<com.samsung.android.server.wifi.p2p.SemWifiP2pServiceImpl: boolean isAllowedPackageForNextAction(java.lang.String)>,early_return,,40
com.samsung.android.aware.service,semwifi-service,com.samsung.android.server.wifi.p2p.SemWifiP2pServiceImpl$2,"<com.samsung.android.server.wifi.p2p.SemWifiP2pServiceImpl$2: void onReceive(android.content.Context,android.content.Intent)>",early_return,"[invoke] android.content.Intent.setPackage() → [other] const/high16 p1, 0x10000000 → [invoke] android.content.Intent.setFlags() → [other] sget-object p1, Landroid/os/UserHandle;->ALL:Landroid/os/Use → [invoke] android.content.Context.sendBroadcastAsUser()",124
com.android.settings,semwifi-service,com.samsung.android.server.wifi.diagnostics.WifiIssuePattern,<com.samsung.android.server.wifi.diagnostics.WifiIssuePattern: boolean isApiCalledByNonSystemApk(java.lang.String)>,string_compare;early_return,"[invoke] java.lang.String.equals() → [other] move-result p0 → [branch] if-nez p0, :cond_2c → [reassigned] p0 overwritten",61
com.android.systemui,semwifi-service,com.samsung.android.server.wifi.diagnostics.WifiIssuePattern,<com.samsung.android.server.wifi.diagnostics.WifiIssuePattern: boolean isApiCalledByNonSystemApk(java.lang.String)>,string_compare;early_return,"[invoke] java.lang.String.equals() → [other] move-result p0 → [branch] if-nez p0, :cond_2c → [reassigned] p0 overwritten",61
com.android.shell,semwifi-service,com.samsung.android.server.wifi.diagnostics.WifiIssuePattern,<com.samsung.android.server.wifi.diagnostics.WifiIssuePattern: boolean isApiCalledByNonSystemApk(java.lang.String)>,string_compare;early_return,"[invoke] java.lang.String.equals() → [other] move-result p0 → [branch] if-nez p0, :cond_2c → [reassigned] p0 overwritten",61
com.google.android.projection.gearhead,semwifi-service,com.samsung.android.server.wifi.diagnostics.PatternAbnormalAndroidAuto,<com.samsung.android.server.wifi.diagnostics.PatternAbnormalAndroidAuto: boolean isAndroidAuto(com.samsung.android.server.wifi.diagnostics.ReportData)>,string_compare;early_return,"[invoke] java.lang.String.equals() → [other] move-result p0 → [branch] if-nez p0, :cond_28 → [reassigned] p0 overwritten",56
com.google.android.projection.gearhead,semwifi-service,com.samsung.android.server.wifi.diagnostics.PatternAbnormalAndroidAuto,<com.samsung.android.server.wifi.diagnostics.PatternAbnormalAndroidAuto: boolean pdc1Matches()>,string_compare;early_return,"[invoke] java.lang.String.equals() → [other] iget-object v3, p0, Lcom/samsung/android/server/wifi/diagnos → [invoke] com.samsung.android.server.wifi.diagnostics.DisconnectInfo.< → [reassigned] v3 overwritten",123
com.samsung.android.net.wifi.wifiguider,semwifi-service,com.samsung.android.server.wifi.diagnostics.WifiGuiderManagementService$DiagnosisClientMode$DefaultState,<com.samsung.android.server.wifi.diagnostics.WifiGuiderManagementService$DiagnosisClientMode$DefaultState: void <init>(com.samsung.android.server.wifi.diagnostics.WifiGuiderManagementService$DiagnosisClientMode)>,early_return,[invoke] android.content.Intent.setClassName(),24
com.android.systemui,semwifi-service,com.samsung.android.server.wifi.diagnostics.PatternAbnormalDisconnect,<com.samsung.android.server.wifi.diagnostics.PatternAbnormalDisconnect: java.lang.String getCallingPackage(com.samsung.android.server.wifi.diagnostics.ReportData)>,,[invoke] com.samsung.android.server.wifi.diagnostics.WifiIssuePattern,16
com.samsung.android.net.wifi.wifiguider,semwifi-service,com.samsung.android.server.wifi.diagnostics.WifiGuiderManagementService$DiagnosisClientMode,<com.samsung.android.server.wifi.diagnostics.WifiGuiderManagementService$DiagnosisClientMode: void setupClientPackageMonitor()>,early_return,[invoke] android.content.IntentFilter.addDataSchemeSpecificPart() → [invoke] android.content.IntentFilter.addDataSchemeSpecificPart(),89
com.android.systemui,semwifi-service,com.samsung.android.server.wifi.diagnostics.PatternWifiAppProblem,<com.samsung.android.server.wifi.diagnostics.PatternWifiAppProblem: android.util.Pair isAppEvent(com.samsung.android.server.wifi.diagnostics.ReportData)>,,[invoke] com.samsung.android.server.wifi.diagnostics.WifiIssuePattern,40
com.android.systemui,semwifi-service,com.samsung.android.server.wifi.db.WifiControlMonitor,"<com.samsung.android.server.wifi.db.WifiControlMonitor: void notifyToClients(java.lang.String,boolean)>",string_compare;early_return,"[invoke] java.lang.String.equals() → [other] move-result v1 → [branch] if-nez v1, :cond_26 → [reassigned] v1 overwritten",80
com.android.settings,semwifi-service,com.samsung.android.server.wifi.db.WifiControlMonitor,"<com.samsung.android.server.wifi.db.WifiControlMonitor: void notifyToClients(java.lang.String,boolean)>",string_compare;early_return,"[invoke] java.lang.String.equals() → [other] move-result v1 → [branch] if-nez v1, :cond_26 → [reassigned] v1 overwritten",80
com.samsung.android.sidegesturepad,semwifi-service,com.samsung.android.server.wifi.db.WifiControlMonitor,"<com.samsung.android.server.wifi.db.WifiControlMonitor: void notifyToClients(java.lang.String,boolean)>",string_compare;early_return,"[invoke] java.lang.String.equals() → [other] move-result v1 → [branch] if-eqz v1, :cond_24 → [reassigned] v1 overwritten",80
com.samsung.android.server.wifi.mobilewips,semwifi-service,com.samsung.android.server.wifi.mobilewips.SemMobileWipsFrameworkService$2,"<com.samsung.android.server.wifi.mobilewips.SemMobileWipsFrameworkService$2: void onReceive(android.content.Context,android.content.Intent)>",string_compare;early_return,[invoke] java.lang.String.equals() → [reassigned] v0 overwritten,78
com.samsung.android.server.wifi.mobilewips,semwifi-service,com.samsung.android.server.wifi.mobilewips.SemMobileWipsFrameworkService,<com.samsung.android.server.wifi.mobilewips.SemMobileWipsFrameworkService: boolean checkMwipsPackageVersion()>,early_return,[invoke] android.content.pm.PackageManager.getPackageInfo() → [reassigned] v4 overwritten,95
com.samsung.android.server.wifi.mobilewips,semwifi-service,com.samsung.android.server.wifi.mobilewips.SemMobileWipsFrameworkService,<com.samsung.android.server.wifi.mobilewips.SemMobileWipsFrameworkService: int getWipsPid()>,string_compare;early_return,[invoke] java.lang.String.equalsIgnoreCase(),64
com.samsung.android.server.wifi.mobilewips,semwifi-service,com.samsung.android.server.wifi.mobilewips.SemMobileWipsFrameworkService,<com.samsung.android.server.wifi.mobilewips.SemMobileWipsFrameworkService: void turnOnWips(int)>,early_return,"[invoke] com.samsung.android.server.wifi.mobilewips.SemMobileWipsFram → [other] move-result v0 → [branch] if-nez v0, :cond_29 → [other] iget-object v0, p0, Lcom/samsung/android/server/wifi/mobilew → [invoke] com.samsung.android.server.wifi.SemWifiManagerProxy.getWifiS",102
com.samsung.android.server.wifi.mobilewips,semwifi-service,com.samsung.android.server.wifi.mobilewips.SemMobileWipsFrameworkService,<com.samsung.android.server.wifi.mobilewips.SemMobileWipsFrameworkService: void registerPackageReceiver()>,early_return,"[invoke] android.content.IntentFilter.addDataSchemeSpecificPart() → [other] iget-object v1, p0, Lcom/samsung/android/server/wifi/mobilew → [invoke] android.content.Context.registerReceiver() → [reassigned] v1 overwritten",59
com.samsung.android.server.wifi.mobilewips,semwifi-service,com.samsung.android.server.wifi.mobilewips.SemMobileWipsFrameworkService$ServiceHandler,<com.samsung.android.server.wifi.mobilewips.SemMobileWipsFrameworkService$ServiceHandler: void startWipsService()>,early_return,[invoke] android.content.ComponentName.<init>() → [reassigned] v2 overwritten,173
com.samsung.android.server.wifi.mobilewips,semwifi-service,com.samsung.android.server.wifi.mobilewips.SemMobileWipsFrameworkService$ServiceHandler,<com.samsung.android.server.wifi.mobilewips.SemMobileWipsFrameworkService$ServiceHandler: void stopWipsService()>,early_return,[invoke] android.content.ComponentName.<init>() → [reassigned] v2 overwritten,184
com.samsung.android.server.wifi.mobilewips,semwifi-service,com.samsung.android.server.wifi.mobilewips.SemMobileWipsWifiScanner,"<com.samsung.android.server.wifi.mobilewips.SemMobileWipsWifiScanner: void <init>(com.samsung.android.server.wifi.mobilewips.ISemMobileWipsFrameworkServiceCallback,android.net.wifi.WifiScanner)>",early_return,[invoke] android.os.WorkSource.<init>(),57
com.gamepass.beta,semwifi-service,com.samsung.android.server.wifi.twt.SemTwtAiEngineInterfaces,<com.samsung.android.server.wifi.twt.SemTwtAiEngineInterfaces: boolean getAppTwtDisableFlag(java.lang.String)>,string_compare;early_return,"[invoke] java.lang.String.equals() → [other] move-result v1 → [branch] if-nez v1, :cond_13 → [reassigned] v1 overwritten",55
com.gamepass.beta,semwifi-service,com.samsung.android.server.wifi.twt.SemTwtAiEngineInterfaces,"<com.samsung.android.server.wifi.twt.SemTwtAiEngineInterfaces: com.samsung.android.server.wifi.twt.SemTwtAiEngineInterfaces$algOutput modeSelectionDet(int,java.lang.String)>",string_compare,"[invoke] java.lang.String.equals() → [other] move-result v0 → [branch] if-nez v0, :cond_13 → [reassigned] v0 overwritten",113
com.samsung.android.oneconnect,semwifi-service,com.samsung.android.server.wifi.silentroaming.SilentRoamingManager,"<com.samsung.android.server.wifi.silentroaming.SilentRoamingManager: void <init>(android.content.Context,com.samsung.android.server.wifi.util.SemClock,android.os.Looper,com.samsung.android.server.wifi.halclient.SemWifiNative,com.samsung.android.server.wifi.SemWifiManagerProxy,com.samsung.android.server.wifi.SemWifiConfigManager,com.samsung.android.server.wifi.SemWifiInjector,com.samsung.android.server.wifi.SemFrameworkFacade,android.util.LocalLog,com.samsung.android.server.wifi.silentroaming.SilentRoamingWifiInfo,com.samsung.android.server.wifi.silentroaming.SilentRoamingPnoScanner,com.samsung.android.server.wifi.silentroaming.SemThroughputPredictor,com.samsung.android.server.wifi.silentroaming.SemThroughputScorer)>",early_return,"[other] filled-new-array {v3, v7, v8, v9}, [Ljava/lang/String; → [reassigned] v3 overwritten",460
com.samsung.android.app.mirrorlink,semwifi-service,com.samsung.android.server.wifi.silentroaming.SilentRoamingManager,"<com.samsung.android.server.wifi.silentroaming.SilentRoamingManager: void <init>(android.content.Context,com.samsung.android.server.wifi.util.SemClock,android.os.Looper,com.samsung.android.server.wifi.halclient.SemWifiNative,com.samsung.android.server.wifi.SemWifiManagerProxy,com.samsung.android.server.wifi.SemWifiConfigManager,com.samsung.android.server.wifi.SemWifiInjector,com.samsung.android.server.wifi.SemFrameworkFacade,android.util.LocalLog,com.samsung.android.server.wifi.silentroaming.SilentRoamingWifiInfo,com.samsung.android.server.wifi.silentroaming.SilentRoamingPnoScanner,com.samsung.android.server.wifi.silentroaming.SemThroughputPredictor,com.samsung.android.server.wifi.silentroaming.SemThroughputScorer)>",early_return,"[other] filled-new-array {v3, v7, v8, v9}, [Ljava/lang/String; → [reassigned] v7 overwritten",460
com.google.android.gms,semwifi-service,com.samsung.android.server.wifi.silentroaming.SilentRoamingManager,"<com.samsung.android.server.wifi.silentroaming.SilentRoamingManager: void <init>(android.content.Context,com.samsung.android.server.wifi.util.SemClock,android.os.Looper,com.samsung.android.server.wifi.halclient.SemWifiNative,com.samsung.android.server.wifi.SemWifiManagerProxy,com.samsung.android.server.wifi.SemWifiConfigManager,com.samsung.android.server.wifi.SemWifiInjector,com.samsung.android.server.wifi.SemFrameworkFacade,android.util.LocalLog,com.samsung.android.server.wifi.silentroaming.SilentRoamingWifiInfo,com.samsung.android.server.wifi.silentroaming.SilentRoamingPnoScanner,com.samsung.android.server.wifi.silentroaming.SemThroughputPredictor,com.samsung.android.server.wifi.silentroaming.SemThroughputScorer)>",early_return,"[other] filled-new-array {v3, v7, v8, v9}, [Ljava/lang/String; → [reassigned] v8 overwritten",460
com.google.android.projection.gearhead,semwifi-service,com.samsung.android.server.wifi.silentroaming.SilentRoamingManager,"<com.samsung.android.server.wifi.silentroaming.SilentRoamingManager: void <init>(android.content.Context,com.samsung.android.server.wifi.util.SemClock,android.os.Looper,com.samsung.android.server.wifi.halclient.SemWifiNative,com.samsung.android.server.wifi.SemWifiManagerProxy,com.samsung.android.server.wifi.SemWifiConfigManager,com.samsung.android.server.wifi.SemWifiInjector,com.samsung.android.server.wifi.SemFrameworkFacade,android.util.LocalLog,com.samsung.android.server.wifi.silentroaming.SilentRoamingWifiInfo,com.samsung.android.server.wifi.silentroaming.SilentRoamingPnoScanner,com.samsung.android.server.wifi.silentroaming.SemThroughputPredictor,com.samsung.android.server.wifi.silentroaming.SemThroughputScorer)>",early_return,"[other] filled-new-array {v3, v7, v8, v9}, [Ljava/lang/String; → [reassigned] v9 overwritten",460
com.android.systemui,semwifi-service,com.samsung.android.server.wifi.silentroaming.SilentRoamingManager,"<com.samsung.android.server.wifi.silentroaming.SilentRoamingManager: void <init>(android.content.Context,com.samsung.android.server.wifi.util.SemClock,android.os.Looper,com.samsung.android.server.wifi.halclient.SemWifiNative,com.samsung.android.server.wifi.SemWifiManagerProxy,com.samsung.android.server.wifi.SemWifiConfigManager,com.samsung.android.server.wifi.SemWifiInjector,com.samsung.android.server.wifi.SemFrameworkFacade,android.util.LocalLog,com.samsung.android.server.wifi.silentroaming.SilentRoamingWifiInfo,com.samsung.android.server.wifi.silentroaming.SilentRoamingPnoScanner,com.samsung.android.server.wifi.silentroaming.SemThroughputPredictor,com.samsung.android.server.wifi.silentroaming.SemThroughputScorer)>",early_return,"[other] filled-new-array/range {v7 .. v17}, [Ljava/lang/String; → [other] move-object/from16 v7, p5 → [field_store] com.samsung.android.server.wifi.silentroaming.SilentRoamingM → [other] move-object/from16 v7, p6 → [field_store] com.samsung.android.server.wifi.silentroaming.SilentRoamingM",460
com.samsung.android.app.aodservice,semwifi-service,com.samsung.android.server.wifi.silentroaming.SilentRoamingManager,"<com.samsung.android.server.wifi.silentroaming.SilentRoamingManager: void <init>(android.content.Context,com.samsung.android.server.wifi.util.SemClock,android.os.Looper,com.samsung.android.server.wifi.halclient.SemWifiNative,com.samsung.android.server.wifi.SemWifiManagerProxy,com.samsung.android.server.wifi.SemWifiConfigManager,com.samsung.android.server.wifi.SemWifiInjector,com.samsung.android.server.wifi.SemFrameworkFacade,android.util.LocalLog,com.samsung.android.server.wifi.silentroaming.SilentRoamingWifiInfo,com.samsung.android.server.wifi.silentroaming.SilentRoamingPnoScanner,com.samsung.android.server.wifi.silentroaming.SemThroughputPredictor,com.samsung.android.server.wifi.silentroaming.SemThroughputScorer)>",early_return,,460
com.sec.android.cover.ledcover,semwifi-service,com.samsung.android.server.wifi.silentroaming.SilentRoamingManager,"<com.samsung.android.server.wifi.silentroaming.SilentRoamingManager: void <init>(android.content.Context,com.samsung.android.server.wifi.util.SemClock,android.os.Looper,com.samsung.android.server.wifi.halclient.SemWifiNative,com.samsung.android.server.wifi.SemWifiManagerProxy,com.samsung.android.server.wifi.SemWifiConfigManager,com.samsung.android.server.wifi.SemWifiInjector,com.samsung.android.server.wifi.SemFrameworkFacade,android.util.LocalLog,com.samsung.android.server.wifi.silentroaming.SilentRoamingWifiInfo,com.samsung.android.server.wifi.silentroaming.SilentRoamingPnoScanner,com.samsung.android.server.wifi.silentroaming.SemThroughputPredictor,com.samsung.android.server.wifi.silentroaming.SemThroughputScorer)>",early_return,,460
com.samsung.android.app.routines,semwifi-service,com.samsung.android.server.wifi.silentroaming.SilentRoamingManager,"<com.samsung.android.server.wifi.silentroaming.SilentRoamingManager: void <init>(android.content.Context,com.samsung.android.server.wifi.util.SemClock,android.os.Looper,com.samsung.android.server.wifi.halclient.SemWifiNative,com.samsung.android.server.wifi.SemWifiManagerProxy,com.samsung.android.server.wifi.SemWifiConfigManager,com.samsung.android.server.wifi.SemWifiInjector,com.samsung.android.server.wifi.SemFrameworkFacade,android.util.LocalLog,com.samsung.android.server.wifi.silentroaming.SilentRoamingWifiInfo,com.samsung.android.server.wifi.silentroaming.SilentRoamingPnoScanner,com.samsung.android.server.wifi.silentroaming.SemThroughputPredictor,com.samsung.android.server.wifi.silentroaming.SemThroughputScorer)>",early_return,,460
com.android.systemui,semwifi-service,com.samsung.android.server.wifi.silentroaming.SilentRoamingManager,"<com.samsung.android.server.wifi.silentroaming.SilentRoamingManager: void <init>(android.content.Context,com.samsung.android.server.wifi.util.SemClock,android.os.Looper,com.samsung.android.server.wifi.halclient.SemWifiNative,com.samsung.android.server.wifi.SemWifiManagerProxy,com.samsung.android.server.wifi.SemWifiConfigManager,com.samsung.android.server.wifi.SemWifiInjector,com.samsung.android.server.wifi.SemFrameworkFacade,android.util.LocalLog,com.samsung.android.server.wifi.silentroaming.SilentRoamingWifiInfo,com.samsung.android.server.wifi.silentroaming.SilentRoamingPnoScanner,com.samsung.android.server.wifi.silentroaming.SemThroughputPredictor,com.samsung.android.server.wifi.silentroaming.SemThroughputScorer)>",early_return,,460
com.google.android.apps.carrier.carrierwifi,semwifi-service,com.samsung.android.server.wifi.silentroaming.SilentRoamingManager,"<com.samsung.android.server.wifi.silentroaming.SilentRoamingManager: void <init>(android.content.Context,com.samsung.android.server.wifi.util.SemClock,android.os.Looper,com.samsung.android.server.wifi.halclient.SemWifiNative,com.samsung.android.server.wifi.SemWifiManagerProxy,com.samsung.android.server.wifi.SemWifiConfigManager,com.samsung.android.server.wifi.SemWifiInjector,com.samsung.android.server.wifi.SemFrameworkFacade,android.util.LocalLog,com.samsung.android.server.wifi.silentroaming.SilentRoamingWifiInfo,com.samsung.android.server.wifi.silentroaming.SilentRoamingPnoScanner,com.samsung.android.server.wifi.silentroaming.SemThroughputPredictor,com.samsung.android.server.wifi.silentroaming.SemThroughputScorer)>",early_return,"[other] filled-new-array/range {v7 .. v17}, [Ljava/lang/String;",460
com.samsung.android.providers.context,semwifi-service,com.samsung.android.server.wifi.wcm.WcmBigDataManager,"<com.samsung.android.server.wifi.wcm.WcmBigDataManager: void sendBroadcastToContextFramework(java.lang.String,java.lang.String,long)>",early_return,"[invoke] android.content.Intent.setPackage() → [other] sget-object p2, Landroid/os/UserHandle;->ALL:Landroid/os/Use → [invoke] android.content.Context.sendBroadcastAsUser() → [reassigned] p2 overwritten",210
com.samsung.android.providers.context,semwifi-service,com.samsung.android.server.wifi.wcm.WcmBigDataManager,"<com.samsung.android.server.wifi.wcm.WcmBigDataManager: void sendBroadcastToContextFramework(java.lang.String[],java.lang.String[],long[])>",early_return,[invoke] android.content.Intent.setPackage() → [reassigned] p2 overwritten,255
www.google.com,semwifi-service,com.samsung.android.server.wifi.wcm.Constant,<com.samsung.android.server.wifi.wcm.Constant: void <clinit>()>,early_return,"[field_store] com.samsung.android.server.wifi.wcm.Constant.DEFAULT_URL_STR → [other] const-wide/16 v0, 0x3e8 → [other] sput-wide v0, Lcom/samsung/android/server/wifi/wcm/Constant; → [other] long-to-double v0, v0 → [other] mul-double/2addr v0, v2",82
www.google.com,semwifi-service,com.samsung.android.server.wifi.wcm.SemDnsPinger,"<com.samsung.android.server.wifi.wcm.SemDnsPinger: int pingDnsAsync(java.net.InetAddress,int,int)>",early_return,[invoke] com.samsung.android.server.wifi.wcm.SemDnsPinger.updateDnsRe → [invoke] com.samsung.android.server.wifi.wcm.SemDnsPinger$DnsArg.<ini,40
com.samsung.android.providers.context,semwifi-service,com.samsung.android.server.wifi.bigdata.SemIwcBigDataManager,"<com.samsung.android.server.wifi.bigdata.SemIwcBigDataManager: void sendBroadcastToContextFramework(java.lang.String,java.lang.String,long)>",early_return,"[invoke] android.content.Intent.setPackage() → [other] sget-object p2, Landroid/os/UserHandle;->ALL:Landroid/os/Use → [invoke] android.content.Context.sendBroadcastAsUser() → [reassigned] p2 overwritten",214
com.samsung.android.providers.context,semwifi-service,com.samsung.android.server.wifi.bigdata.SemIwcBigDataManager,"<com.samsung.android.server.wifi.bigdata.SemIwcBigDataManager: void sendBroadcastToContextFramework(java.lang.String[],java.lang.String[],long[])>",early_return,[invoke] android.content.Intent.setPackage() → [reassigned] p2 overwritten,259
com.osp.app.signin,semwifi-service,com.samsung.android.server.wifi.share.WifiContinuityService$DefaultState,<com.samsung.android.server.wifi.share.WifiContinuityService$DefaultState: boolean hasAccount()>,early_return,[invoke] android.accounts.AccountManager.getAccountsByType(),37
com.osp.app.signin,semwifi-service,com.samsung.android.server.wifi.share.WifiContinuityService$DefaultState,<com.samsung.android.server.wifi.share.WifiContinuityService$DefaultState: boolean hasSamsungAccountPackage()>,early_return,[invoke] android.content.pm.PackageManager.getApplicationInfo(),33
com.android.settings,semwifi-service,com.samsung.android.server.wifi.share.WifiProfileAndQoSProvider$CasterMode,"<com.samsung.android.server.wifi.share.WifiProfileAndQoSProvider$CasterMode: void startActivityForUserConfirm(boolean,boolean,java.lang.String)>",early_return,[invoke] android.content.Intent.setClassName() → [invoke] android.content.Intent.setPackage(),124
com.samsung.android.rajaampat,service-samsung-payment,com.android.server.spay.UpdateReceiver$2,<com.android.server.spay.UpdateReceiver$2: void handleMessage(android.os.Message)>,string_compare;early_return,[reassigned] v4 overwritten,374
com.samsung.android.samsungpay.gear,service-samsung-payment,com.android.server.spay.UpdateReceiver$2,<com.android.server.spay.UpdateReceiver$2: void handleMessage(android.os.Message)>,string_compare;early_return,[invoke] java.lang.String.contains() → [invoke] com.android.server.spay.Utils.backgroundWhitelist() → [invoke] com.android.server.spay.Utils.backgroundWhitelist(),374
com.samsung.android.spaymini,service-samsung-payment,com.android.server.spay.UpdateReceiver$2,<com.android.server.spay.UpdateReceiver$2: void handleMessage(android.os.Message)>,string_compare;early_return,[invoke] java.lang.String.contains() → [invoke] com.android.server.spay.Utils.backgroundWhitelist() → [invoke] com.android.server.spay.Utils.backgroundWhitelist(),374
com.samsung.android.spay,service-samsung-payment,com.android.server.spay.UpdateReceiver$2,<com.android.server.spay.UpdateReceiver$2: void handleMessage(android.os.Message)>,string_compare;early_return,[invoke] java.lang.String.contains() → [invoke] com.android.server.spay.Utils.backgroundWhitelist() → [invoke] com.android.server.spay.Utils.backgroundWhitelist(),374
com.samsung.android.spayfw,service-samsung-payment,com.android.server.spay.UpdateReceiver$2,<com.android.server.spay.UpdateReceiver$2: void handleMessage(android.os.Message)>,string_compare;early_return,[invoke] com.android.server.spay.Utils.backgroundWhitelist(),374
com.samsung.android.spay,service-samsung-payment,com.android.server.spay.UpdateReceiver,<com.android.server.spay.UpdateReceiver: ???>,early_return,[invoke] android.content.ComponentName.<init>() → [reassigned] v2 overwritten,41
com.samsung.android.spay,service-samsung-payment,com.android.server.spay.Utils,"<com.android.server.spay.Utils: boolean backgroundWhitelist(android.content.Context,java.lang.String,boolean)>",allowlist_check;string_compare;early_return,"[invoke] java.lang.String.equals() → [invoke] java.lang.String.equals() → [other] move-result v3 → [branch] if-eqz v3, :cond_52 → [other] move-result v3",355
com.samsung.android.rajaampat,service-samsung-payment,com.android.server.spay.Utils,"<com.android.server.spay.Utils: boolean backgroundWhitelist(android.content.Context,java.lang.String,boolean)>",allowlist_check;string_compare;early_return,[invoke] java.lang.String.equals() → [invoke] java.lang.String.equals() → [reassigned] v5 overwritten,355
com.samsung.android.spayfw,service-samsung-payment,com.android.server.spay.Utils,"<com.android.server.spay.Utils: boolean backgroundWhitelist(android.content.Context,java.lang.String,boolean)>",allowlist_check;string_compare;early_return,"[invoke] java.lang.String.equals() → [other] move-result v4 → [branch] if-nez v4, :cond_46 → [reassigned] v4 overwritten",355
com.samsung.android.spaymini,service-samsung-payment,com.android.server.spay.Utils,"<com.android.server.spay.Utils: boolean backgroundWhitelist(android.content.Context,java.lang.String,boolean)>",allowlist_check;string_compare;early_return,"[invoke] java.lang.String.equals() → [other] move-result v4 → [branch] if-nez v4, :cond_46 → [reassigned] v4 overwritten",355
com.samsung.android.samsungpay.gear,service-samsung-payment,com.android.server.spay.Utils,"<com.android.server.spay.Utils: boolean backgroundWhitelist(android.content.Context,java.lang.String,boolean)>",allowlist_check;string_compare;early_return,"[invoke] java.lang.String.equals() → [other] move-result v4 → [branch] if-nez v4, :cond_46 → [other] move-result v4 → [branch] if-nez v4, :cond_46",355
com.qualcomm.qti.services.secureui,service-samsung-payment,com.android.server.spay.Utils,<com.android.server.spay.Utils: boolean sendSecureUIAbortIntent(android.content.Context)>,early_return,"[invoke] android.content.Intent.setPackage() → [other] sget-object v1, Landroid/os/UserHandle;->CURRENT:Landroid/os → [invoke] android.content.Context.sendBroadcastAsUser() → [reassigned] v1 overwritten",37
com.samsung.android.spayfw,service-samsung-payment,com.android.server.spay.PaymentManagerService,<com.android.server.spay.PaymentManagerService: void <init>(android.content.Context)>,early_return,[invoke] android.content.IntentFilter.addDataSchemeSpecificPart() → [invoke] com.android.server.spay.Utils.backgroundWhitelist(),116
com.samsung.android.spay,service-samsung-payment,com.android.server.spay.PaymentManagerService,<com.android.server.spay.PaymentManagerService: void <init>(android.content.Context)>,early_return,[invoke] android.content.IntentFilter.addDataSchemeSpecificPart() → [invoke] com.android.server.spay.Utils.backgroundWhitelist(),116
com.samsung.android.spaymini,service-samsung-payment,com.android.server.spay.PaymentManagerService,<com.android.server.spay.PaymentManagerService: void <init>(android.content.Context)>,early_return,[invoke] android.content.IntentFilter.addDataSchemeSpecificPart() → [invoke] com.android.server.spay.Utils.backgroundWhitelist(),116
com.samsung.android.samsungpay.gear,service-samsung-payment,com.android.server.spay.PaymentManagerService,<com.android.server.spay.PaymentManagerService: void <init>(android.content.Context)>,early_return,[invoke] android.content.IntentFilter.addDataSchemeSpecificPart() → [invoke] com.android.server.spay.Utils.backgroundWhitelist(),116
com.samsung.android.rajaampat,service-samsung-payment,com.android.server.spay.PaymentManagerService,<com.android.server.spay.PaymentManagerService: void <init>(android.content.Context)>,early_return,[invoke] android.content.IntentFilter.addDataSchemeSpecificPart() → [invoke] com.android.server.spay.Utils.backgroundWhitelist(),116
com.samsung.android.spayfw,service-samsung-payment,com.android.server.spay.PaymentManagerService,<com.android.server.spay.PaymentManagerService: void disablePaymentFrameworkUpdateRemoval()>,string_compare;early_return,[invoke] com.samsung.android.knox.application.ApplicationPolicy.setAp,46
com.samsung.android.spay,service-samsung-payment,com.android.server.spay.PaymentManagerService,<com.android.server.spay.PaymentManagerService: ???>,early_return;package_enable_disable,"[other] move-object v4, v2 → [invoke] android.content.pm.PackageManager.getPackageInfo() → [invoke] android.content.pm.PackageManager.getApplicationEnabledSetti → [invoke] android.content.pm.PackageManager.setApplicationEnabledSetti → [reassigned] v2 overwritten",144
com.android.systemui,services,com.android.internal.util.jobs.DumpUtils,<com.android.internal.util.jobs.DumpUtils: void <clinit>()>,early_return,[invoke] android.content.ComponentName.<init>() → [reassigned] v2 overwritten,24
com.google.android.providers.media.module,services,com.android.internal.util.jobs.DumpUtils,<com.android.internal.util.jobs.DumpUtils: boolean isSecMediaPackage(java.lang.String)>,string_compare;early_return,"[invoke] java.lang.String.equals() → [other] move-result v0 → [branch] if-nez v0, :cond_22 → [reassigned] v0 overwritten",52
com.samsung.android.providers.media,services,com.android.internal.util.jobs.DumpUtils,<com.android.internal.util.jobs.DumpUtils: boolean isSecMediaPackage(java.lang.String)>,string_compare;early_return,"[invoke] java.lang.String.equals() → [other] move-result v0 → [branch] if-nez v0, :cond_22 → [reassigned] v0 overwritten",52
com.sec.android.app.myfiles,services,com.android.internal.util.jobs.DumpUtils,<com.android.internal.util.jobs.DumpUtils: boolean isSecMediaPackage(java.lang.String)>,string_compare;early_return,"[invoke] java.lang.String.equals() → [other] move-result v0 → [branch] if-nez v0, :cond_22 → [reassigned] v0 overwritten",52
com.sec.android.gallery3d,services,com.android.internal.util.jobs.DumpUtils,<com.android.internal.util.jobs.DumpUtils: boolean isSecMediaPackage(java.lang.String)>,string_compare;early_return,[invoke] java.lang.String.equals(),52
com.verizon.mips.services,services,com.android.server.BatteryService$18,<com.android.server.BatteryService$18: void run()>,string_compare;early_return,[invoke] com.android.server.BatteryService.-$$Nest$smsendBroadcastToE → [reassigned] v2 overwritten,93
com.samsung.android.homemode,services,com.android.server.BatteryService$18,<com.android.server.BatteryService$18: void run()>,string_compare;early_return,[invoke] com.android.server.BatteryService.-$$Nest$smsendBroadcastToE,93
com.android.mms.service,services,com.android.server.MmsServiceBroker,<com.android.server.MmsServiceBroker: void <clinit>()>,early_return,[invoke] android.content.ComponentName.<init>(),52
com.samsung.sVpn,services,com.android.server.VpnManagerService,"<com.android.server.VpnManagerService: void applyBlockingRulesToUidRange(java.lang.String,int,boolean,java.lang.String)>",allowlist_check;string_compare;early_return,"[invoke] java.lang.String.equals() → [other] iget-object v0, p0, Lcom/android/server/VpnManagerService;-> → [other] monitor-enter v0 → [other] monitor-exit v0 → [other] monitor-exit v0",115
com.samsung.sVpn,services,com.android.server.VpnManagerService,"<com.android.server.VpnManagerService: void createEnterpriseVpnInstance(java.lang.String,java.lang.String,int,int)>",string_compare;early_return,"[invoke] java.lang.String.equals() → [other] move-result v0 → [branch] if-eqz v0, :cond_12 → [other] iget-object v0, p0, Lcom/android/server/VpnManagerService;-> → [other] monitor-enter v0",133
com.samsung.sVpn,services,com.android.server.VpnManagerService,"<com.android.server.VpnManagerService: void removeEnterpriseVpnInstance(java.lang.String,java.lang.String,int)>",allowlist_check;string_compare;early_return,"[invoke] java.lang.String.equals() → [other] move-result v0 → [branch] if-eqz v0, :cond_88 → [other] sget-object v0, Lcom/android/server/VpnManagerService;->TAG: → [invoke] android.util.Log.d()",226
com.samsung.sVpn,services,com.android.server.VpnManagerService,"<com.android.server.VpnManagerService: void resetUidListInNetworkCapabilities(java.lang.String,int,java.lang.String)>",allowlist_check;string_compare;early_return,"[invoke] java.lang.String.equals() → [other] iget-object v0, p0, Lcom/android/server/VpnManagerService;-> → [other] monitor-enter v0 → [other] monitor-exit v0 → [other] monitor-exit v0",115
com.samsung.sVpn,services,com.android.server.VpnManagerService,"<com.android.server.VpnManagerService: void updateLocalProxyInfo(java.lang.String,int,java.lang.String,android.net.ProxyInfo)>",allowlist_check;string_compare;early_return,"[invoke] java.lang.String.equals() → [other] iget-object v0, p0, Lcom/android/server/VpnManagerService;-> → [other] monitor-enter v0 → [other] monitor-exit v0 → [other] monitor-exit v0",115
com.samsung.sVpn,services,com.android.server.VpnManagerService,"<com.android.server.VpnManagerService: void updateUidRangesToPerAppVpn(java.lang.String,int,boolean,int[],java.lang.String)>",allowlist_check;string_compare;early_return,[invoke] java.lang.String.equals() → [reassigned] v0 overwritten,167
com.samsung.sVpn,services,com.android.server.VpnManagerService,"<com.android.server.VpnManagerService: void updateUidRangesToUserVpn(java.lang.String,int,boolean,int,java.lang.String)>",allowlist_check;string_compare;early_return,[invoke] java.lang.String.equals() → [reassigned] v0 overwritten,115
com.samsung.sVpn,services,com.android.server.VpnManagerService,"<com.android.server.VpnManagerService: void updateUidRangesToUserVpnWithBlackList(java.lang.String,int,int,int[],java.lang.String)>",allowlist_check;string_compare;early_return,[invoke] java.lang.String.equals() → [reassigned] v0 overwritten,167
com.samsung.android.knox.attestation,services,com.android.server.GrdmIcccManagerService,<com.android.server.GrdmIcccManagerService: byte[] grdmSetAttestationData(byte[])>,string_compare,[invoke] java.lang.String.equals(),58
com.android.systemui,services,com.android.server.RescueParty,"<com.android.server.RescueParty: void executeRescueLevel(android.content.Context,java.lang.String,int)>",string_compare;early_return,"[invoke] java.lang.String.equals() → [other] move-result v0 → [branch] if-nez v0, :cond_18 → [other] new-instance v0, Ljava/lang/StringBuilder; → [invoke] java.lang.StringBuilder.<init>()",168
com.android.systemui,services,com.android.server.RescueParty,"<com.android.server.RescueParty: void executeRescueLevelInternal(android.content.Context,int,java.lang.String)>",string_compare;early_return,"[invoke] java.lang.String.equals() → [other] move-result p1 → [branch] if-eqz p1, :cond_9c → [other] const-string/jumbo p1, ""setSysUiSafeMode = true"" → [invoke] android.util.Slog.w()",297
com.android.systemui,services,com.android.server.RescueParty,"<com.android.server.RescueParty: int getRescueLevel(int,boolean,java.lang.String)>",string_compare;early_return;system_property_read,[invoke] java.lang.String.equals() → [reassigned] v0 overwritten,146
com.google.android.gms,services,com.android.server.DualAppManagerService,<com.android.server.DualAppManagerService: void <clinit>()>,early_return,"[other] filled-new-array/range {v0 .. v11}, [Ljava/lang/String; → [reassigned] v0 overwritten",116
com.google.android.gsf,services,com.android.server.DualAppManagerService,<com.android.server.DualAppManagerService: void <clinit>()>,early_return,[reassigned] v1 overwritten,116
com.google.android.gsf.login,services,com.android.server.DualAppManagerService,<com.android.server.DualAppManagerService: void <clinit>()>,early_return,[reassigned] v2 overwritten,116
com.android.chrome,services,com.android.server.DualAppManagerService,<com.android.server.DualAppManagerService: void <clinit>()>,early_return,[reassigned] v3 overwritten,116
com.google.android.webview,services,com.android.server.DualAppManagerService,<com.android.server.DualAppManagerService: void <clinit>()>,early_return,[reassigned] v4 overwritten,116
com.android.nfc,services,com.android.server.DualAppManagerService,<com.android.server.DualAppManagerService: void <clinit>()>,early_return,[reassigned] v5 overwritten,116
com.google.android.permissioncontroller,services,com.android.server.DualAppManagerService,<com.android.server.DualAppManagerService: void <clinit>()>,early_return,[reassigned] v6 overwritten,116
com.android.permissioncontroller,services,com.android.server.DualAppManagerService,<com.android.server.DualAppManagerService: void <clinit>()>,early_return,[reassigned] v7 overwritten,116
com.samsung.android.permissioncontroller,services,com.android.server.DualAppManagerService,<com.android.server.DualAppManagerService: void <clinit>()>,early_return,[reassigned] v8 overwritten,116
com.google.android.overlay.modules.permissioncontroller,services,com.android.server.DualAppManagerService,<com.android.server.DualAppManagerService: void <clinit>()>,early_return,[reassigned] v9 overwritten,116
com.google.android.overlay.modules.permissioncontroller.forframework,services,com.android.server.DualAppManagerService,<com.android.server.DualAppManagerService: void <clinit>()>,early_return,,116
com.google.android.overlay.modules.modulemetadata.forframework,services,com.android.server.DualAppManagerService,<com.android.server.DualAppManagerService: void <clinit>()>,early_return,"[other] filled-new-array/range {v0 .. v11}, [Ljava/lang/String;",116
com.android.settings,services,com.android.server.DualAppManagerService,<com.android.server.DualAppManagerService: void <clinit>()>,early_return,"[other] filled-new-array/range {v1 .. v9}, [Ljava/lang/String;",116
com.android.providers.settings,services,com.android.server.DualAppManagerService,<com.android.server.DualAppManagerService: void <clinit>()>,early_return,,116
com.android.keychain,services,com.android.server.DualAppManagerService,<com.android.server.DualAppManagerService: void <clinit>()>,early_return,,116
com.google.android.webview,services,com.android.server.DualAppManagerService,<com.android.server.DualAppManagerService: void <clinit>()>,early_return,,116
com.sec.android.provider.badge,services,com.android.server.DualAppManagerService,<com.android.server.DualAppManagerService: void <clinit>()>,early_return,,116
com.samsung.android.da.daagent,services,com.android.server.DualAppManagerService,"<com.android.server.DualAppManagerService: android.content.pm.ActivityInfo changeInfoIfDeletingDualApp(android.content.Context,android.content.pm.ActivityInfo,android.content.Intent,int,java.lang.String)>",string_compare;hidden_api,[invoke] java.lang.String.equals() → [invoke] android.content.Intent.setClassName() → [invoke] android.content.Intent.setClassName(),168
com.android.settings,services,com.android.server.DualAppManagerService,"<com.android.server.DualAppManagerService: android.content.pm.ActivityInfo changeInfoIfDeletingDualApp(android.content.Context,android.content.pm.ActivityInfo,android.content.Intent,int,java.lang.String)>",string_compare;hidden_api,"[invoke] java.lang.String.equals() → [other] move-result v2 → [branch] if-eqz v2, :cond_16 → [reassigned] v2 overwritten",168
com.samsung.android.app.smartscan,services,com.android.server.DualAppManagerService,"<com.android.server.DualAppManagerService: boolean isFilteredPackage(android.content.Context,java.lang.String,int)>",string_compare;early_return,"[invoke] java.lang.String.equals() → [other] move-result v0 → [branch] if-nez v0, :cond_48 → [reassigned] v0 overwritten",132
com.kakao.talk,services,com.android.server.DualAppManagerService,"<com.android.server.DualAppManagerService: boolean mayForwardInstalledPackagesToOwner(long,int)>",string_compare;early_return,[invoke] java.lang.String.equals(),47
com.samsung.android.da.daagent,services,com.android.server.DualAppManagerService,"<com.android.server.DualAppManagerService: boolean mayForwardShare(android.content.Intent,java.lang.String,int,int)>",string_compare;early_return,[invoke] java.lang.String.equals() → [invoke] android.content.Intent.setClassName() → [invoke] java.lang.String.equals() → [invoke] android.content.Intent.setClassName(),225
com.samsung.android.da.daagent,services,com.android.server.DualAppManagerService,"<com.android.server.DualAppManagerService: void sendBroadcastCustomIntent(android.content.Context,int,android.content.Intent)>",string_compare;early_return;hidden_api,"[invoke] android.content.Intent.setPackage() → [other] sget-object p2, Landroid/os/UserHandle;->OWNER:Landroid/os/U → [invoke] android.content.Context.sendBroadcastAsUser()",81
com.samsung.android.da.daagent,services,com.android.server.DualAppManagerService,"<com.android.server.DualAppManagerService: android.content.Intent startDAChooserActivity(android.content.Intent,int,int,java.lang.String,int)>",string_compare,"[invoke] java.lang.String.equals() → [invoke] android.content.ComponentName.<init>() → [invoke] android.content.Intent.setClassName() → [other] move-result v5 → [branch] if-eqz v5, :cond_56",945
com.samsung.android.spay,services,com.android.server.DualAppManagerService,"<com.android.server.DualAppManagerService: android.content.Intent startDAChooserActivity(android.content.Intent,int,int,java.lang.String,int)>",string_compare,"[invoke] java.lang.String.equals() → [other] move-result v7 → [branch] if-eqz v7, :cond_2d → [other] move-result v7 → [branch] if-eqz v7, :cond_56",945
com.sina.weibo,services,com.android.server.DualAppManagerService,"<com.android.server.DualAppManagerService: android.content.Intent startDAChooserActivity(android.content.Intent,int,int,java.lang.String,int)>",string_compare,"[invoke] java.lang.String.equals() → [other] move-result v12 → [branch] if-nez v12, :cond_d2 → [reassigned] v12 overwritten",945
com.tencent.mobileqqi,services,com.android.server.DualAppManagerService,"<com.android.server.DualAppManagerService: android.content.Intent startDAChooserActivity(android.content.Intent,int,int,java.lang.String,int)>",string_compare,[invoke] com.android.server.DualAppManagerService.isInstalledWhitelis → [invoke] com.android.server.DualAppManagerService.isInstalledWhitelis,945
com.tencent.mobileqq,services,com.android.server.DualAppManagerService,"<com.android.server.DualAppManagerService: android.content.Intent startDAChooserActivity(android.content.Intent,int,int,java.lang.String,int)>",string_compare,[invoke] com.android.server.DualAppManagerService.isInstalledWhitelis → [invoke] com.android.server.DualAppManagerService.isInstalledWhitelis,945
com.tencent.mm,services,com.android.server.DualAppManagerService,"<com.android.server.DualAppManagerService: android.content.Intent startDAChooserActivity(android.content.Intent,int,int,java.lang.String,int)>",string_compare,[invoke] com.android.server.DualAppManagerService.isInstalledWhitelis → [invoke] com.android.server.DualAppManagerService.isInstalledWhitelis,945
com.sec.android.app.sbrowser,services,com.android.server.DualAppManagerService,"<com.android.server.DualAppManagerService: android.content.Intent startDAChooserActivity(android.content.Intent,int,int,java.lang.String,int)>",string_compare,"[invoke] java.lang.String.equals() → [other] move-result v5 → [branch] if-nez v5, :cond_164 → [reassigned] v5 overwritten",945
com.android.chrome,services,com.android.server.DualAppManagerService,"<com.android.server.DualAppManagerService: android.content.Intent startDAChooserActivity(android.content.Intent,int,int,java.lang.String,int)>",string_compare,"[invoke] java.lang.String.equals() → [branch] if-eq v2, v5, :cond_206 → [reassigned] v5 overwritten",945
com.taobao.taobao,services,com.android.server.DualAppManagerService,"<com.android.server.DualAppManagerService: android.content.Intent startDAChooserActivity(android.content.Intent,int,int,java.lang.String,int)>",string_compare,"[invoke] java.lang.String.equals() → [other] move-result v2 → [branch] if-nez v2, :cond_1cd → [reassigned] v2 overwritten",945
com.eg.android.AlipayGphone,services,com.android.server.DualAppManagerService,"<com.android.server.DualAppManagerService: android.content.Intent startDAChooserActivity(android.content.Intent,int,int,java.lang.String,int)>",string_compare,"[invoke] java.lang.String.equals() → [other] move-result v2 → [branch] if-nez v2, :cond_1cd → [reassigned] v2 overwritten",945
com.tmall.wireless,services,com.android.server.DualAppManagerService,"<com.android.server.DualAppManagerService: android.content.Intent startDAChooserActivity(android.content.Intent,int,int,java.lang.String,int)>",string_compare,"[invoke] java.lang.String.equals() → [other] move-result v2 → [branch] if-eqz v2, :cond_206 → [reassigned] v2 overwritten",945
com.kakao.talk,services,com.android.server.DualAppManagerService,"<com.android.server.DualAppManagerService: android.content.Intent startDAChooserActivity(android.content.Intent,int,int,java.lang.String,int)>",string_compare,"[invoke] com.android.server.DualAppManagerService.isInstalledWhitelis → [other] move-result v2 → [branch] if-eqz v2, :cond_2a0 → [other] new-instance v2, Ljava/lang/StringBuilder; → [invoke] java.lang.StringBuilder.<init>()",945
com.samsung.android.da.daagent,services,com.android.server.DualAppManagerService,"<com.android.server.DualAppManagerService: android.os.Bundle updateDualAppData(java.lang.String,int,android.os.Bundle)>",string_compare,"[invoke] java.lang.String.equals() → [other] move-result v0 → [branch] if-eqz v0, :cond_cf → [other] move-result v0 → [branch] if-eq v0, v2, :cond_14",284
com.sec.android.app.myfiles,services,com.android.server.StorageManagerService,<com.android.server.StorageManagerService: boolean chkMountUnmountFormatCaller(java.lang.String)>,string_compare;early_return,"[invoke] java.lang.String.equalsIgnoreCase() → [other] move-result p0 → [branch] if-nez p0, :cond_11 → [reassigned] p0 overwritten",28
com.google.android.providers.media.module,services,com.android.server.StorageManagerService,<com.android.server.StorageManagerService: void mount(android.os.storage.VolumeInfo)>,early_return,[invoke] android.content.pm.PackageManager.getPackageInfo(),178
com.samsung.android.sm.devicesecurity,services,com.android.server.BatteryService,<com.android.server.BatteryService: java.lang.String getDeviceSecurityPackageName()>,,[invoke] com.samsung.android.feature.SemFloatingFeature.getString(),38
com.samsung.android.da.daagent,services,com.android.server.DualAppManagerService$InternalHandler,<com.android.server.DualAppManagerService$InternalHandler: void handleMessage(android.os.Message)>,early_return,[invoke] android.content.Intent.setClassName() → [reassigned] v0 overwritten,152
com.android.phone,services,com.android.server.MmsServiceBroker$BinderService,"<com.android.server.MmsServiceBroker$BinderService: android.net.Uri adjustUriForUserAndGrantPermission(android.net.Uri,java.lang.String,int,int)>",,[invoke] com.android.server.uri.UriGrantsManagerInternal.checkGrantUr → [reassigned] v4 overwritten,138
com.sec.android.sdhms,services,com.android.server.CustomizedBinderCallsStatsInternal,<com.android.server.CustomizedBinderCallsStatsInternal: void notifyAnomalyApp(com.android.internal.os.BinderCallsStats$HeavyBinderCallerInfo)>,early_return,[invoke] android.content.Intent.setPackage(),65
com.android.systemui,services,com.android.server.BootReceiver,<com.android.server.BootReceiver: java.lang.String GetRescuePartyLog()>,string_compare,"[invoke] java.lang.String.startsWith() → [other] move-result v8 → [branch] if-eqz v8, :cond_22 → [other] new-instance v8, Ljava/lang/StringBuilder; → [invoke] java.lang.StringBuilder.<init>()",847
com.sec.android.diagmonagent,services,com.android.server.BootReceiver,"<com.android.server.BootReceiver: void sendToDiagmon(android.content.Context,java.lang.String,java.lang.String)>",early_return,[invoke] android.content.Intent.setPackage() → [reassigned] v5 overwritten,360
com.samsung.android.voc,services,com.android.server.BootReceiver,"<com.android.server.BootReceiver: void sendToMembers(android.content.Context,java.lang.String,java.lang.String)>",early_return,"[invoke] android.content.Intent.setPackage() → [other] sget-object v1, Lcom/android/server/BootReceiver;->EXTRA_SYS → [invoke] android.content.Intent.putExtra() → [other] sget-object v1, Lcom/android/server/BootReceiver;->EXTRA_RES → [invoke] android.content.Intent.putExtra()",87
com.sec.android.diagmonagent,services,com.android.server.HermesService,<com.android.server.HermesService: void reportToDiagmon()>,early_return,"[invoke] android.content.Intent.setPackage() → [other] sget-object v0, Lcom/android/server/HermesService;->mContext → [invoke] android.content.Context.sendBroadcast() → [reassigned] v0 overwritten",213
com.samsung.android.voc,services,com.android.server.SystemServer,<com.android.server.SystemServer: void run()>,system_property_read,"[invoke] android.content.pm.IPackageManager.getApplicationInfo() → [other] const-string/jumbo v2, ""true"" → [invoke] android.os.SystemProperties.set() → [invoke] com.android.internal.util.FrameworkStatsLog.write() → [invoke] java.lang.StringBuilder.append()",690
com.samsung.android.localeoverlaymanager,services,com.android.server.SystemServer,<com.android.server.SystemServer: void startResourceOverlayService(boolean)>,early_return,[invoke] android.content.ComponentName.<init>() → [reassigned] v2 overwritten,41
com.samsung.android.themecenter,services,com.android.server.SystemServer,<com.android.server.SystemServer: void startThemeService(boolean)>,early_return,[invoke] android.content.ComponentName.<init>(),41
com.osp.app.signin,services,com.android.server.ReactiveService,"<com.android.server.ReactiveService: boolean hasPermission(int,java.lang.String)>",string_compare;early_return,"[invoke] java.lang.String.equals() → [other] move-result v1 → [branch] if-eqz v1, :cond_bb → [other] iget-object v1, v4, Landroid/content/pm/PackageInfo;->signat → [other] array-length v4, v1",273
com.android.systemui,services,com.android.server.RescueParty$RescuePartyObserver,<com.android.server.RescueParty$RescuePartyObserver: boolean mayPerformFactoryReset(android.content.pm.VersionedPackage)>,string_compare;early_return,[invoke] java.lang.String.equals(),28
com.samsung.android.bbc.bbcagent,services,com.android.server.RCPManagerService,"<com.android.server.RCPManagerService: int copyFileInternal(int,java.lang.String,int,java.lang.String)>",string_compare;early_return,[invoke] java.lang.String.equals() → [reassigned] v1 overwritten,159
com.verizon.mips.services,services,com.android.server.BatteryService$17,<com.android.server.BatteryService$17: void run()>,string_compare;early_return,[invoke] com.android.server.BatteryService.-$$Nest$smsendBroadcastToE → [reassigned] v2 overwritten,93
com.samsung.android.homemode,services,com.android.server.BatteryService$17,<com.android.server.BatteryService$17: void run()>,string_compare;early_return,[invoke] com.android.server.BatteryService.-$$Nest$smsendBroadcastToE,93
com.samsung.android.securitylogagent,services,com.android.server.SEDenialService$AuditFileObserver,"<com.android.server.SEDenialService$AuditFileObserver: void onEvent(int,java.lang.String)>",string_compare;early_return;system_property_read,[invoke] android.content.Intent.setPackage() → [reassigned] v3 overwritten,119
com.android.settings,services,com.android.server.ExtendedEthernetService,<com.android.server.ExtendedEthernetService: void sendIntent(boolean)>,string_compare;early_return,"[invoke] android.content.Intent.setPackage() → [other] new-instance v1, Ljava/lang/StringBuilder; → [invoke] java.lang.StringBuilder.<init>() → [invoke] java.lang.StringBuilder.append() → [invoke] java.lang.StringBuilder.append()",78
com.android.settings,services,com.android.server.ExtendedEthernetService,<com.android.server.ExtendedEthernetService: void updateEthCableConnectNotification(boolean)>,early_return,[invoke] android.content.Intent.setClassName() → [reassigned] v4 overwritten,197
com.android.bluetooth,services,com.android.server.Watchdog,<com.android.server.Watchdog: void <clinit>()>,string_compare;early_return;system_property_read,"[field_store] aput-object v4, v0, v1 → [reassigned] v4 overwritten",349
com.android.phone,services,com.android.server.Watchdog,<com.android.server.Watchdog: boolean isInterestingJavaProcess(java.lang.String)>,string_compare;early_return,[invoke] java.lang.String.equals(),35
com.samsung.android.app.mobiledoctor,services,com.android.server.PACMService$2,"<com.android.server.PACMService$2: void onReceive(android.content.Context,android.content.Intent)>",string_compare;early_return,"[invoke] com.android.server.PACMService.-$$Nest$misPackageInstalled() → [other] const-string/jumbo p2, ""kr.co.avad.diagnostictool"" → [invoke] com.android.server.PACMService.-$$Nest$misPackageInstalled() → [reassigned] p2 overwritten",204
com.samsung.android.app.repaircal,services,com.android.server.PACMService$2,"<com.android.server.PACMService$2: void onReceive(android.content.Context,android.content.Intent)>",string_compare;early_return,[invoke] com.android.server.PACMService.-$$Nest$misPackageInstalled() → [invoke] java.lang.String.equals() → [reassigned] p1 overwritten,204
com.winzo.gold,services,com.android.server.DssController,<com.android.server.DssController: float getScalingFactor(java.lang.String)>,allowlist_check;early_return,"[invoke] java.lang.String.contains() → [other] move-result v1 → [branch] if-eqz v1, :cond_f → [other] iget-object v1, p0, Lcom/android/server/DssController;->mRun → [invoke] java.util.HashMap.containsKey()",63
com.android.settings,services,com.android.server.DirEncryptService,<com.android.server.DirEncryptService: java.lang.String findRequester(int)>,string_compare,[invoke] java.lang.String.equals(),203
com.samsung.android.biometrics.app.setting,services,com.android.server.biometrics.SemBiometricSysUiManager,<com.android.server.biometrics.SemBiometricSysUiManager: void bind()>,early_return,[invoke] android.content.ComponentName.<init>() → [reassigned] v2 overwritten,128
com.android.vending,services,com.android.server.biometrics.Utils,"<com.android.server.biometrics.Utils: boolean isRuneStoneApp(android.content.Context,java.lang.String)>",string_compare;early_return,"[invoke] java.lang.String.equals() → [other] move-result p0 → [branch] if-eqz p0, :cond_12 → [reassigned] p0 overwritten",91
com.samsung.android.spay,services,com.android.server.biometrics.Utils,"<com.android.server.biometrics.Utils: boolean isRuneStoneApp(android.content.Context,java.lang.String)>",string_compare;early_return,"[invoke] java.lang.String.equals() → [other] move-result p0 → [branch] if-eqz p0, :cond_1b → [reassigned] p0 overwritten",91
com.paypal.android.p2pmobile,services,com.android.server.biometrics.Utils,"<com.android.server.biometrics.Utils: boolean isRuneStoneApp(android.content.Context,java.lang.String)>",string_compare;early_return,"[invoke] java.lang.String.equals() → [other] move-result p0 → [branch] if-eqz p0, :cond_24 → [reassigned] p0 overwritten",91
com.squareup.cash,services,com.android.server.biometrics.Utils,"<com.android.server.biometrics.Utils: boolean isRuneStoneApp(android.content.Context,java.lang.String)>",string_compare;early_return,"[invoke] java.lang.String.equals() → [other] move-result p0 → [branch] if-eqz p0, :cond_2d → [reassigned] p0 overwritten",91
com.samsung.android.voc,services,com.android.server.biometrics.Utils,"<com.android.server.biometrics.Utils: boolean isSamsungMembersApp(android.content.Context,java.lang.String)>",string_compare;early_return,"[invoke] java.lang.String.equals() → [other] move-result p0 → [branch] if-eqz p0, :cond_10 → [reassigned] p0 overwritten",29
com.android.settings,services,com.android.server.biometrics.Utils,"<com.android.server.biometrics.Utils: boolean isSettings(android.content.Context,java.lang.String)>",string_compare;early_return,"[invoke] java.lang.String.equals() → [other] move-result p0 → [branch] if-eqz p0, :cond_10 → [reassigned] p0 overwritten",28
com.sec.android.diagmonagent,services,com.android.server.biometrics.SemBioAnalyticsManager,<com.android.server.biometrics.SemBioAnalyticsManager: void faceHandleData(com.android.server.biometrics.SemBioAnalyticsManager$EventData)>,early_return,"[invoke] android.content.Intent.setPackage() → [other] iget-object v5, p1, Lcom/android/server/biometrics/SemBioAna → [other] iget-object p1, p1, Lcom/android/server/biometrics/SemBioAna → [branch] if-eqz p1, :cond_94 → [invoke] android.content.ContentValues.put()",213
com.samsung.android.bio.face.service,services,com.android.server.biometrics.SemBioAnalyticsManager,<com.android.server.biometrics.SemBioAnalyticsManager: void faceHandleData(com.android.server.biometrics.SemBioAnalyticsManager$EventData)>,early_return,[invoke] android.content.ContentValues.put(),213
com.samsung.android.providers.context,services,com.android.server.biometrics.SemBioAnalyticsManager,<com.android.server.biometrics.SemBioAnalyticsManager: void faceHandleData(com.android.server.biometrics.SemBioAnalyticsManager$EventData)>,early_return,"[invoke] android.content.Intent.setPackage() → [other] new-instance p1, Ljava/lang/StringBuilder; → [invoke] java.lang.StringBuilder.<init>() → [invoke] java.lang.StringBuilder.append() → [invoke] java.lang.StringBuilder.append()",213
com.sec.android.diagmonagent,services,com.android.server.biometrics.SemBioAnalyticsManager,<com.android.server.biometrics.SemBioAnalyticsManager: void fpHandleData(com.android.server.biometrics.SemBioAnalyticsManager$EventData)>,string_compare;early_return,"[invoke] android.content.Intent.setPackage() → [other] iget-object v3, p1, Lcom/android/server/biometrics/SemBioAna → [other] iget-object p1, p1, Lcom/android/server/biometrics/SemBioAna → [branch] if-eqz p1, :cond_ea → [invoke] android.content.ContentValues.put()",315
com.samsung.android.fingerprint.service,services,com.android.server.biometrics.SemBioAnalyticsManager,<com.android.server.biometrics.SemBioAnalyticsManager: void fpHandleData(com.android.server.biometrics.SemBioAnalyticsManager$EventData)>,string_compare;early_return,[invoke] android.content.ContentValues.put(),315
com.samsung.android.providers.context,services,com.android.server.biometrics.SemBioAnalyticsManager,<com.android.server.biometrics.SemBioAnalyticsManager: void fpHandleData(com.android.server.biometrics.SemBioAnalyticsManager$EventData)>,string_compare;early_return,"[invoke] android.content.Intent.setPackage() → [other] new-instance p1, Ljava/lang/StringBuilder; → [invoke] java.lang.StringBuilder.<init>() → [invoke] java.lang.StringBuilder.append() → [invoke] java.lang.StringBuilder.append()",315
com.sec.android.diagmonagent,services,com.android.server.biometrics.SemBioAnalyticsManager,<com.android.server.biometrics.SemBioAnalyticsManager: boolean isSupportDMALogging(android.content.Context)>,early_return,"[invoke] android.content.pm.PackageManager.getPackageInfo() → [other] const v0, 0x202fbf00 → [other] if-lt p1, v0, :cond_15 → [other] new-instance v0, Ljava/lang/StringBuilder; → [invoke] java.lang.StringBuilder.<init>()",62
com.android.settings,services,com.android.server.biometrics.sensors.BiometricNotificationUtils,<com.android.server.biometrics.sensors.BiometricNotificationUtils: void showBadCalibrationNotification(android.content.Context)>,early_return,[invoke] android.content.Intent.setPackage(),109
com.android.settings,services,com.android.server.biometrics.sensors.BiometricNotificationUtils,<com.android.server.biometrics.sensors.BiometricNotificationUtils: void showReEnrollmentNotification(android.content.Context)>,early_return,[invoke] android.content.Intent.setPackage(),72
com.android.systemui,services,com.android.server.biometrics.sensors.fingerprint.SemUdfpsHelper$MaskClient,"<com.android.server.biometrics.sensors.fingerprint.SemUdfpsHelper$MaskClient: void <init>(com.android.server.biometrics.sensors.fingerprint.SemUdfpsHelper,android.os.IBinder,java.lang.String,boolean,int)>",string_compare;early_return,"[invoke] java.lang.String.equals() → [other] move-result v0 → [branch] if-eqz v0, :cond_25 → [reassigned] v0 overwritten",165
com.android.settings,services,com.android.server.biometrics.sensors.fingerprint.SemFpProtectiveFilmGuide,<com.android.server.biometrics.sensors.fingerprint.SemFpProtectiveFilmGuide: void handleGoToSettingAction(int)>,early_return,"[invoke] android.content.Intent.setPackage() → [other] const-string/jumbo v1, ""handleGoToSettingAction: "" → [invoke] java.lang.StringBuilder.append()",64
com.android.settings,services,com.android.server.biometrics.sensors.face.SemFaceBrightManager,<com.android.server.biometrics.sensors.face.SemFaceBrightManager: void handleGoToSettingAction(int)>,early_return,[invoke] android.content.Intent.setPackage(),64
com.baidu.carlife,services,com.android.server.baiducarlife.BaiduCarlifeADBConnectUtils,<com.android.server.baiducarlife.BaiduCarlifeADBConnectUtils: boolean isBaiduCarlifePkg(java.lang.String)>,string_compare;early_return,[invoke] java.lang.String.equals(),19
com.samsung.android.carlink,services,com.android.server.baiducarlife.BaiduCarlifeADBConnectUtils,<com.android.server.baiducarlife.BaiduCarlifeADBConnectUtils: boolean isCarLinkIntent(android.content.Intent)>,string_compare;early_return,[invoke] java.lang.String.equals(),34
com.samsung.android.carlink,services,com.android.server.baiducarlife.BaiduCarlifeADBConnectUtils,<com.android.server.baiducarlife.BaiduCarlifeADBConnectUtils: boolean isSamsungCarlifePkg(java.lang.String)>,string_compare;early_return,[invoke] java.lang.String.equals(),19
com.baidu.carlife,services,com.android.server.baiducarlife.BaiduCarlifeADBConnectUtils,<com.android.server.baiducarlife.BaiduCarlifeADBConnectUtils: android.content.Intent repackIntent(android.content.Intent)>,string_compare,"[invoke] java.lang.String.equals() → [other] new-instance v2, Landroid/content/ComponentName; → [invoke] android.content.ComponentName.<init>() → [invoke] android.content.Intent.setComponent()",77
com.samsung.android.carlink,services,com.android.server.baiducarlife.BaiduCarlifeADBConnectUtils,<com.android.server.baiducarlife.BaiduCarlifeADBConnectUtils: android.content.Intent repackIntent(android.content.Intent)>,string_compare,[invoke] android.content.Intent.setPackage() → [invoke] android.content.Intent.setClassName() → [invoke] android.content.ComponentName.<init>() → [reassigned] v0 overwritten,77
com.android.shell,services,com.android.server.appop.AppOpsService,"<com.android.server.appop.AppOpsService: com.android.server.appop.AppOpsService$PackageVerificationResult verifyAndGetBypass(int,java.lang.String,java.lang.String,java.lang.String)>",,"[invoke] java.util.Objects.equals() → [other] move-result v3 → [branch] if-eqz v3, :cond_75 → [reassigned] v3 overwritten",607
com.android.systemui,services,com.android.server.am.ActivityManagerServiceExt,"<com.android.server.am.ActivityManagerServiceExt: void <init>(android.content.Context,com.android.server.am.ActivityManagerService)>",early_return,"[other] filled-new-array {v3}, [Ljava/lang/String; → [reassigned] v3 overwritten",246
com.tmobile.echolocate,services,com.android.server.am.ActivityManagerServiceExt,"<com.android.server.am.ActivityManagerServiceExt: void <init>(android.content.Context,com.android.server.am.ActivityManagerService)>",early_return,[field_store] com.android.server.am.ActivityManagerServiceExt.TMO_PKG_NAME,246
com.tencent.mm,services,com.android.server.am.ActivityManagerServiceExt,"<com.android.server.am.ActivityManagerServiceExt: void <init>(android.content.Context,com.android.server.am.ActivityManagerService)>",early_return,[invoke] java.util.Set.add() → [reassigned] p0 overwritten,246
com.tmobile.echolocate,services,com.android.server.am.ActivityManagerServiceExt,<com.android.server.am.ActivityManagerServiceExt: void initTmoForceStopPolicy()>,early_return,[invoke] android.content.pm.PackageManagerInternal.isSystemPackage(),21
com.android.systemui,services,com.android.server.am.ActivityManagerServiceExt,<com.android.server.am.ActivityManagerServiceExt: void notifyNewProcessRecord(com.android.server.am.ProcessRecord)>,string_compare;early_return,[invoke] java.lang.String.equals() → [reassigned] v0 overwritten,53
com.tmobile.echolocate,services,com.android.server.am.ActivityManagerServiceExt,<com.android.server.am.ActivityManagerServiceExt: boolean shouldAvoidForceStopForTmoPkg(java.lang.String)>,string_compare;early_return,"[invoke] java.lang.String.equals() → [other] move-result p0 → [branch] if-eqz p0, :cond_e → [reassigned] p0 overwritten",26
com.samsung.android.appbooster,services,com.android.server.am.AppErrors,"<com.android.server.am.AppErrors: void crashApplicationInner(com.android.server.am.ProcessRecord,android.app.ApplicationErrorReport$CrashInfo,int,int)>",string_compare;early_return,"[invoke] android.content.Intent.setPackage() → [other] const-string/jumbo v2, ""pkgName"" → [invoke] android.content.Intent.putExtra() → [reassigned] v2 overwritten",1118
com.sec.android.sdhms,services,com.android.server.am.AppErrors,"<com.android.server.am.AppErrors: void crashApplicationInner(com.android.server.am.ProcessRecord,android.app.ApplicationErrorReport$CrashInfo,int,int)>",string_compare;early_return,"[invoke] android.content.Intent.setPackage() → [other] const-string/jumbo v1, ""pkgName"" → [invoke] android.content.Intent.putExtra() → [other] const-string/jumbo v1, ""userId"" → [invoke] android.content.Intent.putExtra()",1118
com.samsung.android.game.gos,services,com.android.server.am.MARsTrigger$6,"<com.android.server.am.MARsTrigger$6: void onReceive(android.content.Context,android.content.Intent)>",string_compare;early_return,[invoke] java.lang.String.equals() → [reassigned] v0 overwritten,210
com.android.shell,services,com.android.server.am.BugReportHandlerUtil,<com.android.server.am.BugReportHandlerUtil: boolean isShellApp(java.lang.String)>,string_compare;early_return,[invoke] java.lang.String.equals(),12
com.att.iqi,services,com.android.server.am.ProcessList,<com.android.server.am.ProcessList: void addProcessNameLocked(com.android.server.am.ProcessRecord)>,string_compare;early_return,"[invoke] java.lang.String.equals() → [other] move-result v1 → [branch] if-eqz v1, :cond_14a → [other] iget-object v1, p1, Lcom/android/server/am/ProcessRecord;->m → [invoke] com.android.server.am.ProcessStateRecord.setMaxAdj()",381
com.samsung.android.app.mobiledoctor,services,com.android.server.am.ProcessList,<com.android.server.am.ProcessList: boolean isMobileDoctorInMaintenanceMode(com.android.server.am.ProcessRecord)>,string_compare;early_return,[invoke] java.lang.String.equals(),52
com.sec.android.sdhms,services,com.android.server.am.ProcessList,"<com.android.server.am.ProcessList: com.android.server.am.ProcessRecord startProcessLocked(java.lang.String,android.content.pm.ApplicationInfo,boolean,int,com.android.server.am.HostingRecord,int,boolean,boolean,int,boolean,int,java.lang.String,java.lang.String,java.lang.String,java.lang.String[],java.lang.Runnable,boolean,int)>",allowlist_check;string_compare,[invoke] java.lang.String.equals() → [reassigned] v8 overwritten,1264
com.sec.android.app.launcher,services,com.android.server.am.ActivityManagerService,"<com.android.server.am.ActivityManagerService: void <init>(android.content.Context,com.android.server.wm.ActivityTaskManagerService)>",string_compare;early_return;system_property_read,"[field_store] com.android.server.am.ActivityManagerService.currentLauncher → [other] new-instance v0, Ljava/lang/StringBuilder; → [invoke] java.lang.StringBuilder.<init>() → [invoke] java.lang.StringBuilder.append() → [invoke] java.lang.StringBuilder.append()",1230
com.android.systemui,services,com.android.server.am.ActivityManagerService,"<com.android.server.am.ActivityManagerService: void lambda$performIdleMaintenance$10(boolean,long,long,long,long,com.android.server.am.ProcessRecord)>",string_compare;early_return,"[invoke] java.lang.String.equals() → [other] move-result v2 → [branch] if-eqz v2, :cond_a1 → [other] iget-object v2, v0, Lcom/android/server/am/ActivityManagerSe → [invoke] android.os.Handler.post()",287
com.samsung.android.multistar,services,com.android.server.am.ActivityManagerService,<com.android.server.am.ActivityManagerService: void checkLongLivePermissions(java.lang.String)>,early_return,"[other] filled-new-array {v0, v1, v2, v3, v4}, [Ljava/lang/String; → [reassigned] v0 overwritten",42
com.android.systemui,services,com.android.server.am.ActivityManagerService,<com.android.server.am.ActivityManagerService: void checkLongLivePermissions(java.lang.String)>,early_return,"[other] filled-new-array {v0, v1, v2, v3, v4}, [Ljava/lang/String;",42
com.sec.android.app.launcher,services,com.android.server.am.ActivityManagerService,<com.android.server.am.ActivityManagerService: void checkLongLivePermissions(java.lang.String)>,early_return,"[other] filled-new-array {v0, v1, v2, v3, v4}, [Ljava/lang/String;",42
com.sec.android.app.desktoplauncher,services,com.android.server.am.ActivityManagerService,<com.android.server.am.ActivityManagerService: void checkLongLivePermissions(java.lang.String)>,early_return,"[other] filled-new-array {v0, v1, v2, v3, v4}, [Ljava/lang/String;",42
com.samsung.android.da.daagent,services,com.android.server.am.ActivityManagerService,"<com.android.server.am.ActivityManagerService: void doDump(java.io.FileDescriptor,java.io.PrintWriter,java.lang.String[],boolean)>",string_compare;early_return,"[invoke] android.content.Intent.setClassName() → [other] iget-object v3, v12, Lcom/android/server/am/ActivityManagerS → [invoke] android.content.Context.startServiceAsUser() → [reassigned] v3 overwritten",2894
com.samsung.klmsagent,services,com.android.server.am.ActivityManagerService,"<com.android.server.am.ActivityManagerService: void doDump(java.io.FileDescriptor,java.io.PrintWriter,java.lang.String[],boolean)>",string_compare;early_return,"[invoke] android.content.Intent.setClassName() → [other] iget-object v3, v12, Lcom/android/server/am/ActivityManagerS → [invoke] android.content.Context.startServiceAsUser() → [other] new-instance v3, Landroid/util/proto/ProtoOutputStream; → [invoke] android.util.proto.ProtoOutputStream.<init>()",2894
com.samsung.android.knox.containercore,services,com.android.server.am.ActivityManagerService,<com.android.server.am.ActivityManagerService: void finishBooting()>,string_compare;early_return,"[invoke] java.lang.String.equals() → [other] move-result v9 → [branch] if-eqz v9, :cond_137 → [reassigned] v9 overwritten",909
com.sec.sve,services,com.android.server.am.ActivityManagerService,<com.android.server.am.ActivityManagerService: boolean isImsProcess(java.lang.String)>,string_compare;early_return,"[invoke] java.lang.String.equals() → [other] move-result p0 → [branch] if-eqz p0, :cond_a → [reassigned] p0 overwritten",21
com.android.settings,services,com.android.server.am.ActivityManagerService,"<com.android.server.am.ActivityManagerService: boolean isSettingsCloseAllowed(java.lang.String,int)>",string_compare;early_return,"[invoke] java.lang.String.equals() → [other] move-result p0 → [branch] if-eqz p0, :cond_23 → [other] const-string/jumbo p0, ""password_policy"" → [invoke] android.os.ServiceManager.getService()",52
com.android.shell,services,com.android.server.am.ActivityManagerService,"<com.android.server.am.ActivityManagerService: void requestBugReportWithDescription(java.lang.String,java.lang.String,int,long,boolean)>",early_return,[invoke] android.content.Intent.setPackage() → [reassigned] v1 overwritten,274
com.android.phone,services,com.android.server.am.ActivityManagerService,"<com.android.server.am.ActivityManagerService: void systemReady(java.lang.Runnable,com.android.server.utils.TimingsTraceAndSlog)>",string_compare;early_return;system_property_read,[invoke] android.content.pm.IPackageManager.getApplicationInfo() → [reassigned] v1 overwritten,1440
com.samsung.android.localeoverlaymanager,services,com.android.server.am.ActivityManagerService,<com.android.server.am.ActivityManagerService: void updateLocaleOverlays(android.os.LocaleList)>,early_return,"[invoke] android.content.ComponentName.<init>() → [other] new-instance v1, Landroid/content/Intent; → [invoke] android.content.Intent.<init>() → [invoke] android.content.Intent.setComponent() → [invoke] android.content.Intent.putExtra()",85
com.android.shell,services,com.android.server.am.AppProfiler,<com.android.server.am.AppProfiler: void handlePostDumpHeapNotification()>,early_return,[invoke] android.content.Intent.setPackage() → [reassigned] v4 overwritten,185
com.samsung.android.lool,services,com.android.server.am.MARsPolicyManager,<com.android.server.am.MARsPolicyManager: void <clinit>()>,early_return;system_property_read,[invoke] com.samsung.android.feature.SemFloatingFeature.getString(),76
com.samsung.android.game.gos,services,com.android.server.am.MARsPolicyManager,"<com.android.server.am.MARsPolicyManager: boolean isIntentProhibited(android.content.Intent,java.lang.String)>",string_compare;early_return,"[invoke] java.lang.String.equals() → [other] move-result p0 → [other] xor-int/lit8 p0, p0, 0x1 → [other] return p0 → [reassigned] p0 overwritten",34
com.samsung.android.bixby.agent,services,com.android.server.am.MARsPolicyManager,"<com.android.server.am.MARsPolicyManager: void onSpecialProviderActions(java.lang.String,java.lang.String,int)>",string_compare;early_return,[invoke] java.lang.String.equals() → [reassigned] v0 overwritten,39
com.google.android.gm,services,com.android.server.am.MARsPolicyManager,"<com.android.server.am.MARsPolicyManager: boolean getSyncBlockEnabled(java.lang.String,int)>",string_compare;early_return,"[invoke] java.lang.String.equals() → [other] move-result p0 → [branch] if-eqz p0, :cond_1e → [reassigned] p0 overwritten",43
com.sec.android.sdhms,services,com.android.server.am.MARsPolicyManager,"<com.android.server.am.MARsPolicyManager: void notifyAnomalyApp(java.lang.String,int)>",early_return,"[invoke] android.content.Intent.setPackage() → [other] iget-object p1, p0, Lcom/android/server/am/MARsPolicyManager → [invoke] android.content.Context.sendBroadcastAsUser() → [reassigned] p1 overwritten",73
com.android.systemui,services,com.android.server.am.MARsPolicyManager,"<com.android.server.am.MARsPolicyManager: void onPackageResumedFG(android.util.ArraySet,java.lang.String,java.lang.String,boolean,android.content.Intent,int)>",allowlist_check;string_compare;early_return,"[invoke] java.lang.String.equals() → [other] move-result p3 → [branch] if-eqz p3, :cond_9 → [reassigned] p3 overwritten",311
com.sec.android.app.launcher,services,com.android.server.am.PerProcessNandswap$NandswapMsgHandler,"<com.android.server.am.PerProcessNandswap$NandswapMsgHandler: void <init>(com.android.server.am.PerProcessNandswap,com.android.server.am.PerProcessNandswap)>",early_return,"[other] filled-new-array {p1}, [Ljava/lang/String; → [reassigned] p1 overwritten",52
com.android.settings,services,com.android.server.am.Pageboost,"<com.android.server.am.Pageboost: void gatherLaunchTime(java.lang.String,int,int)>",string_compare;early_return,"[invoke] java.lang.String.equals() → [other] move-result v1 → [branch] if-nez v1, :cond_4a → [reassigned] v1 overwritten",160
com.samsung.android.mtp,services,com.android.server.am.Pageboost,"<com.android.server.am.Pageboost: void gatherLaunchTime(java.lang.String,int,int)>",string_compare;early_return,"[invoke] java.lang.String.equals() → [other] move-result v1 → [branch] if-nez v1, :cond_4a → [other] move-result v1 → [branch] if-eqz v1, :cond_51",160
com.att.iqi,services,com.android.server.am.Pageboost,"<com.android.server.am.Pageboost: void gatherLaunchTime(java.lang.String,int,int)>",string_compare;early_return,"[invoke] java.lang.String.contains() → [other] move-result v1 → [branch] if-nez v1, :cond_7b → [other] sget-object v1, Lcom/android/server/am/Pageboost;->TAG:Ljava → [invoke] android.util.Slog.i()",160
com.tmobile.echolocate,services,com.android.server.am.AppStateBroadcaster,<com.android.server.am.AppStateBroadcaster: void <clinit>()>,string_compare;early_return;system_property_read,"[other] filled-new-array {v0, v1, v2}, [Ljava/lang/String; → [reassigned] v0 overwritten",68
com.tmobile.pr.mytmobile,services,com.android.server.am.AppStateBroadcaster,<com.android.server.am.AppStateBroadcaster: void <clinit>()>,string_compare;early_return;system_property_read,"[other] filled-new-array {v0, v1, v2}, [Ljava/lang/String; → [reassigned] v1 overwritten",68
com.sprint.ms.smf.services,services,com.android.server.am.AppStateBroadcaster,<com.android.server.am.AppStateBroadcaster: void <clinit>()>,string_compare;early_return;system_property_read,"[other] filled-new-array {v0, v1, v2}, [Ljava/lang/String; → [reassigned] v2 overwritten",68
com.sec.android.app.launcher,services,com.android.server.am.KillPolicyManager,<com.android.server.am.KillPolicyManager: void initSkipPackage()>,early_return,[invoke] java.util.ArrayList.add() → [reassigned] v0 overwritten,33
com.google.android.permissioncontroller,services,com.android.server.am.KillPolicyManager,<com.android.server.am.KillPolicyManager: void initSkipPackage()>,early_return,[invoke] java.util.ArrayList.add() → [reassigned] v0 overwritten,33
com.google.android.googlequicksearchbox,services,com.android.server.am.KillPolicyManager,<com.android.server.am.KillPolicyManager: void initSkipPackage()>,early_return,[invoke] java.util.ArrayList.add() → [reassigned] v0 overwritten,33
com.samsung.android.MtpApplication,services,com.android.server.am.KillPolicyManager,<com.android.server.am.KillPolicyManager: void initSkipPackage()>,early_return,[invoke] java.util.ArrayList.add(),33
com.samsung.android.sm.policy,services,com.android.server.am.KillPolicyManager,<com.android.server.am.KillPolicyManager: boolean isSCPMAvailable()>,early_return,[invoke] android.content.pm.PackageManager.resolveContentProvider(),38
com.samsung.android.lool,services,com.android.server.am.KillPolicyManager,<com.android.server.am.KillPolicyManager: void reportMemCriticalLow(int)>,early_return,[invoke] com.samsung.android.feature.SemFloatingFeature.getString(),60
com.samsung.android.lool,services,com.android.server.am.KillPolicyManager,<com.android.server.am.KillPolicyManager: void reportResetState(java.lang.String)>,early_return,"[invoke] com.samsung.android.feature.SemFloatingFeature.getString() → [other] iget-wide v3, p0, Lcom/android/server/am/KillPolicyManager;- → [other] sub-long/2addr v1, v3 → [other] const-string/jumbo v3, ""uptimeSystemBoot"" → [invoke] android.content.Intent.putExtra()",161
com.android.shell,services,com.android.server.am.ActivityManagerService$ShellDelegate,"<com.android.server.am.ActivityManagerService$ShellDelegate: int checkAudioOperation(int,int,int,java.lang.String,com.android.internal.util.function.QuadFunction)>",early_return,[invoke] com.android.internal.util.function.QuadFunction.apply(),110
com.android.shell,services,com.android.server.am.ActivityManagerService$ShellDelegate,"<com.android.server.am.ActivityManagerService$ShellDelegate: int checkOperation(int,int,java.lang.String,java.lang.String,boolean,com.android.internal.util.function.QuintFunction)>",early_return,[reassigned] v3 overwritten,123
com.android.shell,services,com.android.server.am.ActivityManagerService$ShellDelegate,"<com.android.server.am.ActivityManagerService$ShellDelegate: void finishProxyOperation(android.os.IBinder,int,android.content.AttributionSource,boolean,com.android.internal.util.function.QuadFunction)>",early_return,,121
com.android.shell,services,com.android.server.am.ActivityManagerService$ShellDelegate,"<com.android.server.am.ActivityManagerService$ShellDelegate: android.app.SyncNotedAppOp noteOperation(int,int,java.lang.String,java.lang.String,boolean,java.lang.String,boolean,com.android.internal.util.function.HeptFunction)>",,[reassigned] v6 overwritten,140
com.android.shell,services,com.android.server.am.ActivityManagerService$ShellDelegate,"<com.android.server.am.ActivityManagerService$ShellDelegate: android.app.SyncNotedAppOp noteProxyOperation(int,android.content.AttributionSource,boolean,java.lang.String,boolean,boolean,com.android.internal.util.function.HexFunction)>",,[reassigned] v4 overwritten,162
com.android.shell,services,com.android.server.am.ActivityManagerService$ShellDelegate,"<com.android.server.am.ActivityManagerService$ShellDelegate: android.app.SyncNotedAppOp startOperation(android.os.IBinder,int,int,java.lang.String,java.lang.String,boolean,boolean,java.lang.String,boolean,int,int,com.android.internal.util.function.UndecFunction)>",,"[other] move-object/from16 v8, p4",181
com.android.shell,services,com.android.server.am.ActivityManagerService$ShellDelegate,"<com.android.server.am.ActivityManagerService$ShellDelegate: android.app.SyncNotedAppOp startProxyOperation(android.os.IBinder,int,android.content.AttributionSource,boolean,boolean,java.lang.String,boolean,boolean,int,int,int,com.android.internal.util.function.UndecFunction)>",,,212
com.sec.android.app.samsungapps,services,com.android.server.am.BaseRestrictionMgr,"<com.android.server.am.BaseRestrictionMgr: int isPolicyBlockedPackage(java.lang.String,int,android.content.ComponentName,java.lang.String,android.content.Intent,int,int)>",string_compare;early_return,"[invoke] java.lang.String.equals() → [other] move-result p6 → [branch] if-eqz p6, :cond_76 → [other] move-result p6 → [branch] if-eqz p6, :cond_d1",404
com.google.android.projection.gearhead,services,com.android.server.am.BaseRestrictionMgr,"<com.android.server.am.BaseRestrictionMgr: boolean isRestrictedPackage(android.content.ComponentName,java.lang.String,int,java.lang.String,android.content.Intent,java.lang.String,int,boolean,boolean,android.content.pm.ActivityInfo)>",string_compare;early_return,"[invoke] java.lang.String.equals() → [other] move-result v1 → [branch] if-eqz v1, :cond_2f → [reassigned] v1 overwritten",2014
com.baidu.BaiduMap,services,com.android.server.am.BaseRestrictionMgr,"<com.android.server.am.BaseRestrictionMgr: boolean isSamsungService(java.lang.String,int)>",string_compare;early_return,"[invoke] java.lang.String.equals() → [other] move-result v0 → [branch] if-nez v0, :cond_57 → [reassigned] v0 overwritten",131
com.baidu.netdisk_ss,services,com.android.server.am.BaseRestrictionMgr,"<com.android.server.am.BaseRestrictionMgr: boolean isSamsungService(java.lang.String,int)>",string_compare;early_return,"[invoke] java.lang.String.equals() → [other] move-result v0 → [branch] if-eqz v0, :cond_35 → [other] const-string/jumbo v0, ""isSamsungService -- SystemPackage:"" → [invoke] java.lang.StringBuilder.append()",131
com.android.vending,services,com.android.server.am.OomAdjuster,"<com.android.server.am.OomAdjuster: void <init>(com.android.server.am.ActivityManagerService,com.android.server.am.ProcessList,com.android.server.am.ActiveUids,com.android.server.ServiceThread)>",early_return,"[field_store] com.android.server.am.OomAdjuster.VENDING_PKG → [other] new-instance v0, Lcom/android/server/am/OomAdjuster$ComputeO → [invoke] com.android.server.am.OomAdjuster$ComputeOomAdjWindowCallbac → [field_store] com.android.server.am.OomAdjuster.mTmpComputeOomAdjWindowCal → [other] iget-object v0, p1, Lcom/android/server/am/ActivityManagerSe",218
com.sec.android.app.launcher,services,com.android.server.am.PerProcessNandswap$NandswapHandler,"<com.android.server.am.PerProcessNandswap$NandswapHandler: int getNandswapNonActivityAppType(com.android.server.am.ProcessRecord,int,int)>",string_compare;early_return,"[invoke] java.lang.String.equals() → [other] move-result v6 → [branch] if-nez v6, :cond_206 → [reassigned] v6 overwritten",582
com.samsung.android.honeyboard,services,com.android.server.am.PerProcessNandswap$NandswapHandler,"<com.android.server.am.PerProcessNandswap$NandswapHandler: int getNandswapNonActivityAppType(com.android.server.am.ProcessRecord,int,int)>",string_compare;early_return,"[invoke] java.lang.String.equals() → [other] move-result v6 → [branch] if-nez v6, :cond_206 → [reassigned] v6 overwritten",582
com.android.systemui,services,com.android.server.am.PerProcessNandswap$NandswapHandler,"<com.android.server.am.PerProcessNandswap$NandswapHandler: int getNandswapNonActivityAppType(com.android.server.am.ProcessRecord,int,int)>",string_compare;early_return,"[invoke] java.lang.String.equals() → [other] move-result v6 → [branch] if-eqz v6, :cond_54 → [reassigned] v6 overwritten",582
com.sec.android.app.sbrowser,services,com.android.server.am.BGProtectManager,<com.android.server.am.BGProtectManager: int isWebviewProcess(com.android.server.am.ProcessRecord)>,string_compare;early_return,[invoke] java.lang.String.equals(),132
com.android.systemui,services,com.android.server.am.ProcessErrorStateRecord,<com.android.server.am.ProcessErrorStateRecord: boolean isInterestingForBackgroundTraces()>,string_compare;early_return,[invoke] java.lang.String.equals(),85
com.android.shell,services,com.android.server.am.ContentProviderHelper$DevelopmentSettingsObserver,<com.android.server.am.ContentProviderHelper$DevelopmentSettingsObserver: void <init>(com.android.server.am.ContentProviderHelper)>,early_return,[invoke] android.content.ComponentName.<init>() → [reassigned] v2 overwritten,57
com.android.shell,services,com.android.server.am.ActivityManagerShellCommand,<com.android.server.am.ActivityManagerShellCommand: java.util.List getRecentConfigurations(int)>,,[invoke] android.app.usage.IUsageStatsManager.queryConfigurationStats,181
com.android.shell,services,com.android.server.am.ActivityManagerShellCommand,<com.android.server.am.ActivityManagerShellCommand: int runGetInactive(java.io.PrintWriter)>,string_compare;early_return,[invoke] android.app.usage.IUsageStatsManager.isAppInactive(),109
com.android.shell,services,com.android.server.am.ActivityManagerShellCommand,<com.android.server.am.ActivityManagerShellCommand: int runGetStandbyBucket(java.io.PrintWriter)>,string_compare;early_return,[invoke] android.app.usage.IUsageStatsManager.getAppStandbyBuckets() → [reassigned] p0 overwritten,147
com.android.shell,services,com.android.server.am.ActivityManagerShellCommand,<com.android.server.am.ActivityManagerShellCommand: int runPackageImportance(java.io.PrintWriter)>,early_return,[invoke] android.app.IActivityManager.getPackageProcessState(),33
com.android.shell,services,com.android.server.am.ActivityManagerShellCommand,<com.android.server.am.ActivityManagerShellCommand: int runStartActivity(java.io.PrintWriter)>,string_compare;early_return,"[other] move-object/from16 v8, v18 → [other] move/from16 v18, v10 → [invoke] com.android.server.am.ActivityManagerService.startActivityAn → [other] move/from16 v18, v11 → [invoke] com.android.server.am.ActivityManagerService.startActivityAs",1163
com.android.shell,services,com.android.server.am.ActivityManagerShellCommand,<com.android.server.am.ActivityManagerShellCommand: int runStartActivity(java.io.PrintWriter)>,string_compare;early_return,"[other] move-object v8, v10 → [reassigned] v10 overwritten",1163
com.android.shell,services,com.android.server.am.ActivityManagerShellCommand,"<com.android.server.am.ActivityManagerShellCommand: int runStartService(java.io.PrintWriter,boolean)>",string_compare;early_return,,216
com.sec.android.app.camera,services,com.android.server.am.FreecessController,"<com.android.server.am.FreecessController: void enterOLAF(java.lang.String,int)>",string_compare;early_return,"[invoke] java.lang.String.equals() → [other] move-result v0 → [branch] if-eqz v0, :cond_b → [reassigned] v0 overwritten",25
com.google.android.youtube,services,com.android.server.am.FreecessController,"<com.android.server.am.FreecessController: void enterOLAF(java.lang.String,int,int)>",string_compare;early_return,"[invoke] java.lang.String.equals() → [other] move-result v0 → [branch] if-eqz v0, :cond_25 → [reassigned] v0 overwritten",187
com.jingdong.app.mall,services,com.android.server.am.FreecessController,"<com.android.server.am.FreecessController: void enterOLAF(java.lang.String,int,int)>",string_compare;early_return,"[invoke] java.lang.String.equals() → [other] move-result v0 → [branch] if-eqz v0, :cond_2e → [reassigned] v0 overwritten",187
com.samsung.android.spay,services,com.android.server.am.FreecessController,"<com.android.server.am.FreecessController: void freezeBgPackageLocked(java.lang.String,int)>",string_compare;early_return,"[invoke] java.lang.String.equals() → [other] move-result v3 → [branch] if-eqz v3, :cond_8e → [reassigned] v3 overwritten",365
com.samsung.android.app.reminder,services,com.android.server.am.ActiveServices,"<com.android.server.am.ActiveServices: boolean bumpServiceExecutingLocked(com.android.server.am.ServiceRecord,boolean,java.lang.String,java.lang.String)>",string_compare;early_return,"[invoke] java.lang.String.equals() → [other] move-result v5 → [branch] if-nez v5, :cond_70 → [reassigned] v5 overwritten",456
com.samsung.android.calendar,services,com.android.server.am.ActiveServices,"<com.android.server.am.ActiveServices: boolean bumpServiceExecutingLocked(com.android.server.am.ServiceRecord,boolean,java.lang.String,java.lang.String)>",string_compare;early_return,"[invoke] java.lang.String.equals() → [other] move-result v5 → [branch] if-eqz v5, :cond_90 → [reassigned] v5 overwritten",456
com.android.systemui,services,com.android.server.am.ActiveServices,<com.android.server.am.ActiveServices: void processStartTimedOutLocked(com.android.server.am.ProcessRecord)>,string_compare;early_return,[invoke] java.lang.String.equals() → [reassigned] v5 overwritten,185
com.samsung.android.service.aircommand,services,com.android.server.am.ActiveServices,"<com.android.server.am.ActiveServices: com.android.server.am.ActiveServices$ServiceLookupResult retrieveServiceLocked(android.content.Intent,java.lang.String,boolean,int,java.lang.String,java.lang.String,java.lang.String,int,int,int,boolean,boolean,boolean,boolean)>",string_compare,"[invoke] java.lang.String.equals() → [other] move-result v2 → [branch] if-eqz v2, :cond_e6 → [reassigned] v2 overwritten",2158
com.samsung.android.app.reminder,services,com.android.server.am.ActiveServices,<com.android.server.am.ActiveServices: void scheduleServiceTimeoutLocked(com.android.server.am.ProcessRecord)>,string_compare;early_return,[invoke] java.lang.String.equals() → [reassigned] v1 overwritten,121
com.samsung.android.calendar,services,com.android.server.am.ActiveServices,<com.android.server.am.ActiveServices: void scheduleServiceTimeoutLocked(com.android.server.am.ProcessRecord)>,string_compare;early_return,"[invoke] java.lang.String.equals() → [other] const-string/jumbo v1, ""schedule service timeout "" → [invoke] java.lang.StringBuilder.append() → [reassigned] v1 overwritten",121
com.samsung.android.app.reminder,services,com.android.server.am.ActiveServices,"<com.android.server.am.ActiveServices: void serviceDoneExecutingLocked(com.android.server.am.ServiceRecord,boolean,boolean,boolean)>",string_compare;early_return,"[invoke] java.lang.String.equals() → [other] move-result v0 → [branch] if-nez v0, :cond_68 → [reassigned] v0 overwritten",470
com.samsung.android.calendar,services,com.android.server.am.ActiveServices,"<com.android.server.am.ActiveServices: void serviceDoneExecutingLocked(com.android.server.am.ServiceRecord,boolean,boolean,boolean)>",string_compare;early_return,"[invoke] java.lang.String.equals() → [other] move-result v0 → [branch] if-eqz v0, :cond_80 → [reassigned] v0 overwritten",470
com.samsung.android.app.reminder,services,com.android.server.am.ActiveServices,"<com.android.server.am.ActiveServices: void serviceDoneExecutingLocked(com.android.server.am.ServiceRecord,boolean,boolean,boolean)>",string_compare;early_return,"[invoke] java.lang.String.equals() → [other] move-result v0 → [branch] if-nez v0, :cond_68 → [reassigned] v0 overwritten",470
com.samsung.android.calendar,services,com.android.server.am.ActiveServices,"<com.android.server.am.ActiveServices: void serviceDoneExecutingLocked(com.android.server.am.ServiceRecord,boolean,boolean,boolean)>",string_compare;early_return,"[invoke] java.lang.String.equals() → [other] move-result v0 → [branch] if-eqz v0, :cond_80 → [reassigned] v0 overwritten",470
com.samsung.android.app.reminder,services,com.android.server.am.ActiveServices,<com.android.server.am.ActiveServices: void serviceTimeout(com.android.server.am.ProcessRecord)>,string_compare;early_return,"[invoke] java.lang.String.equals() → [other] move-result v2 → [branch] if-nez v2, :cond_da → [reassigned] v2 overwritten",364
com.samsung.android.calendar,services,com.android.server.am.ActiveServices,<com.android.server.am.ActiveServices: void serviceTimeout(com.android.server.am.ProcessRecord)>,string_compare;early_return,"[invoke] java.lang.String.equals() → [other] move-result v2 → [branch] if-eqz v2, :cond_f1 → [reassigned] v2 overwritten",364
com.att.iqi,services,com.android.server.am.ProcessRecord,<com.android.server.am.ProcessRecord: void toShortString(java.lang.StringBuilder)>,early_return,[invoke] java.lang.String.replace() → [reassigned] v1 overwritten,137
com.android.settings,services,com.android.server.am.PreBootBroadcaster$1,<com.android.server.am.PreBootBroadcaster$1: void handleMessage(android.os.Message)>,early_return,[invoke] android.content.Intent.setClassName() → [reassigned] v8 overwritten,209
com.sec.android.app.camera,services,com.android.server.am.PerProcessNandswap,<com.android.server.am.PerProcessNandswap: void <clinit>()>,string_compare;early_return;system_property_read,"[other] filled-new-array {v1, v2, v3}, [Ljava/lang/String; → [reassigned] v1 overwritten",102
com.sec.android.gallery3d,services,com.android.server.am.PerProcessNandswap,<com.android.server.am.PerProcessNandswap: void <clinit>()>,string_compare;early_return;system_property_read,"[other] filled-new-array {v1, v2, v3}, [Ljava/lang/String;",102
com.samsung.android.messaging,services,com.android.server.am.PerProcessNandswap,<com.android.server.am.PerProcessNandswap: void <clinit>()>,string_compare;early_return;system_property_read,"[other] filled-new-array {v1, v2, v3}, [Ljava/lang/String;",102
com.sec.android.sdhms,services,com.android.server.am.AnrHelper,"<com.android.server.am.AnrHelper: void appNotResponding(com.android.server.am.ProcessRecord,java.lang.String,android.content.pm.ApplicationInfo,java.lang.String,com.android.server.wm.WindowProcessController,boolean,java.lang.String)>",early_return,"[invoke] android.content.Intent.setPackage() → [other] const-string/jumbo v2, ""pkgName"" → [invoke] android.content.Intent.putExtra() → [other] const-string/jumbo v2, ""userId"" → [invoke] android.content.Intent.putExtra()",356
com.sec.android.daemonapp,services,com.android.server.am.mars.database.MARsExemptionManager,<com.android.server.am.mars.database.MARsExemptionManager: void <init>()>,early_return,"[other] filled-new-array/range {v1 .. v47}, [Ljava/lang/String; → [reassigned] v1 overwritten",119
com.sec.phone,services,com.android.server.am.mars.database.MARsExemptionManager,<com.android.server.am.mars.database.MARsExemptionManager: void <init>()>,early_return,,119
com.sec.android.app.factorykeystring,services,com.android.server.am.mars.database.MARsExemptionManager,<com.android.server.am.mars.database.MARsExemptionManager: void <init>()>,early_return,,119
com.samsung.android.authfw,services,com.android.server.am.mars.database.MARsExemptionManager,<com.android.server.am.mars.database.MARsExemptionManager: void <init>()>,early_return,,119
com.samsung.android.mdx.kit,services,com.android.server.am.mars.database.MARsExemptionManager,<com.android.server.am.mars.database.MARsExemptionManager: void <init>()>,early_return,,119
com.skt.prod.dialer,services,com.android.server.am.mars.database.MARsExemptionManager,<com.android.server.am.mars.database.MARsExemptionManager: void <init>()>,early_return,,119
com.samsung.android.service.aircommand,services,com.android.server.am.mars.database.MARsExemptionManager,<com.android.server.am.mars.database.MARsExemptionManager: void <init>()>,early_return,,119
com.samsung.android.easysetup,services,com.android.server.am.mars.database.MARsExemptionManager,<com.android.server.am.mars.database.MARsExemptionManager: void <init>()>,early_return,,119
com.android.providers.calendar,services,com.android.server.am.mars.database.MARsExemptionManager,<com.android.server.am.mars.database.MARsExemptionManager: void <init>()>,early_return,,119
com.samsung.android.messaging,services,com.android.server.am.mars.database.MARsExemptionManager,<com.android.server.am.mars.database.MARsExemptionManager: void <init>()>,early_return,,119
com.samsung.android.app.notes,services,com.android.server.am.mars.database.MARsExemptionManager,<com.android.server.am.mars.database.MARsExemptionManager: void <init>()>,early_return,,119
com.samsung.cmh,services,com.android.server.am.mars.database.MARsExemptionManager,<com.android.server.am.mars.database.MARsExemptionManager: void <init>()>,early_return,,119
com.sec.facatfunction,services,com.android.server.am.mars.database.MARsExemptionManager,<com.android.server.am.mars.database.MARsExemptionManager: void <init>()>,early_return,,119
com.skt.skaf.OA00199800,services,com.android.server.am.mars.database.MARsExemptionManager,<com.android.server.am.mars.database.MARsExemptionManager: void <init>()>,early_return,,119
com.google.android.ims,services,com.android.server.am.mars.database.MARsExemptionManager,<com.android.server.am.mars.database.MARsExemptionManager: void <init>()>,early_return,,119
com.samsung.android.app.telephonyui,services,com.android.server.am.mars.database.MARsExemptionManager,<com.android.server.am.mars.database.MARsExemptionManager: void <init>()>,early_return,,119
com.samsung.android.dialer,services,com.android.server.am.mars.database.MARsExemptionManager,<com.android.server.am.mars.database.MARsExemptionManager: void <init>()>,early_return,,119
com.sec.android.app.music,services,com.android.server.am.mars.database.MARsExemptionManager,<com.android.server.am.mars.database.MARsExemptionManager: void <init>()>,early_return,,119
com.samsung.android.service.peoplestripe,services,com.android.server.am.mars.database.MARsExemptionManager,<com.android.server.am.mars.database.MARsExemptionManager: void <init>()>,early_return,,119
com.samsung.android.bixby.agent,services,com.android.server.am.mars.database.MARsExemptionManager,<com.android.server.am.mars.database.MARsExemptionManager: void <init>()>,early_return,,119
com.samsung.android.inputshare,services,com.android.server.am.mars.database.MARsExemptionManager,<com.android.server.am.mars.database.MARsExemptionManager: void <init>()>,early_return,,119
com.samsung.android.app.galaxyfinder,services,com.android.server.am.mars.database.MARsExemptionManager,<com.android.server.am.mars.database.MARsExemptionManager: void <init>()>,early_return,,119
com.samsung.android.videolist,services,com.android.server.am.mars.database.MARsExemptionManager,<com.android.server.am.mars.database.MARsExemptionManager: void <init>()>,early_return,,119
com.samsung.android.video,services,com.android.server.am.mars.database.MARsExemptionManager,<com.android.server.am.mars.database.MARsExemptionManager: void <init>()>,early_return,,119
com.samsung.android.app.contacts,services,com.android.server.am.mars.database.MARsExemptionManager,<com.android.server.am.mars.database.MARsExemptionManager: void <init>()>,early_return,,119
com.samsung.android.incallui,services,com.android.server.am.mars.database.MARsExemptionManager,<com.android.server.am.mars.database.MARsExemptionManager: void <init>()>,early_return,,119
com.samsung.ipservice,services,com.android.server.am.mars.database.MARsExemptionManager,<com.android.server.am.mars.database.MARsExemptionManager: void <init>()>,early_return,,119
com.samsung.android.rubin.app,services,com.android.server.am.mars.database.MARsExemptionManager,<com.android.server.am.mars.database.MARsExemptionManager: void <init>()>,early_return,,119
com.samsung.android.email.provider,services,com.android.server.am.mars.database.MARsExemptionManager,<com.android.server.am.mars.database.MARsExemptionManager: void <init>()>,early_return,,119
com.sec.android.app.clockpackage,services,com.android.server.am.mars.database.MARsExemptionManager,<com.android.server.am.mars.database.MARsExemptionManager: void <init>()>,early_return,,119
com.samsung.android.scs,services,com.android.server.am.mars.database.MARsExemptionManager,<com.android.server.am.mars.database.MARsExemptionManager: void <init>()>,early_return,,119
com.samsung.android.app.routines,services,com.android.server.am.mars.database.MARsExemptionManager,<com.android.server.am.mars.database.MARsExemptionManager: void <init>()>,early_return,,119
com.samsung.android.samsungpass,services,com.android.server.am.mars.database.MARsExemptionManager,<com.android.server.am.mars.database.MARsExemptionManager: void <init>()>,early_return,,119
com.samsung.android.service.stplatform,services,com.android.server.am.mars.database.MARsExemptionManager,<com.android.server.am.mars.database.MARsExemptionManager: void <init>()>,early_return,,119
com.google.android.apps.scone,services,com.android.server.am.mars.database.MARsExemptionManager,<com.android.server.am.mars.database.MARsExemptionManager: void <init>()>,early_return,,119
com.sec.android.gallery3d,services,com.android.server.am.mars.database.MARsExemptionManager,<com.android.server.am.mars.database.MARsExemptionManager: void <init>()>,early_return,,119
com.samsung.android.oneconnect,services,com.android.server.am.mars.database.MARsExemptionManager,<com.android.server.am.mars.database.MARsExemptionManager: void <init>()>,early_return,,119
com.samsung.accessory,services,com.android.server.am.mars.database.MARsVersionManager,<com.android.server.am.mars.database.MARsVersionManager: void <clinit>()>,early_return,"[other] filled-new-array {v11, v12, v13, v14}, [Ljava/lang/String; → [reassigned] v14 overwritten",3092
com.sec.android.app.shealth,services,com.android.server.am.mars.database.MARsVersionManager,<com.android.server.am.mars.database.MARsVersionManager: void <clinit>()>,early_return,"[other] filled-new-array {v1, v10, v13, v12}, [Ljava/lang/String; → [reassigned] v12 overwritten",3092
com.samsung.android.app.cocktailbarservice,services,com.android.server.am.mars.database.MARsVersionManager,<com.android.server.am.mars.database.MARsVersionManager: void <clinit>()>,early_return,"[other] filled-new-array {v12, v11, v13, v14}, [Ljava/lang/String; → [reassigned] v14 overwritten",3092
com.samsung.android.app.clockface,services,com.android.server.am.mars.filter.filter.LockScreenFilter,"<com.android.server.am.mars.filter.filter.LockScreenFilter: int filter(java.lang.String,int,int,int)>",string_compare;early_return,"[invoke] java.lang.String.equals() → [other] move-result p2 → [branch] if-eqz p2, :cond_1a → [other] iget p2, p0, Lcom/android/server/am/mars/filter/filter/LockS → [branch] if-ne p2, p3, :cond_29",91
com.codoon.gps,services,com.android.server.am.mars.filter.filter.RecentUsedPackageFilter,<com.android.server.am.mars.filter.filter.RecentUsedPackageFilter: void <init>()>,early_return,"[other] filled-new-array {v1, v2}, [Ljava/lang/String; → [reassigned] v1 overwritten",37
com.sec.android.app.fm,services,com.android.server.am.mars.filter.filter.ActiveMusicRecordFilter,"<com.android.server.am.mars.filter.filter.ActiveMusicRecordFilter: int filter(java.lang.String,int,int,int)>",allowlist_check;string_compare;early_return,"[invoke] java.lang.String.equals() → [other] move-result v0 → [branch] if-eqz v0, :cond_4a → [reassigned] v0 overwritten",353
com.baidu.BaiduMap,services,com.android.server.am.mars.filter.filter.RunningLocationFilter,"<com.android.server.am.mars.filter.filter.RunningLocationFilter: int filter(java.lang.String,int,int,int)>",string_compare;early_return,"[invoke] java.lang.String.equals() → [other] move-result p0 → [branch] if-nez p0, :cond_66 → [reassigned] p0 overwritten",123
com.autonavi.minimap,services,com.android.server.am.mars.filter.filter.RunningLocationFilter,"<com.android.server.am.mars.filter.filter.RunningLocationFilter: int filter(java.lang.String,int,int,int)>",string_compare;early_return,"[invoke] java.lang.String.equals() → [other] move-result p0 → [branch] if-nez p0, :cond_66 → [reassigned] p0 overwritten",123
com.tencent.map,services,com.android.server.am.mars.filter.filter.RunningLocationFilter,"<com.android.server.am.mars.filter.filter.RunningLocationFilter: int filter(java.lang.String,int,int,int)>",string_compare;early_return,"[invoke] java.lang.String.equals() → [other] move-result p0 → [branch] if-nez p0, :cond_66 → [reassigned] p0 overwritten",123
com.baidu.navi,services,com.android.server.am.mars.filter.filter.RunningLocationFilter,"<com.android.server.am.mars.filter.filter.RunningLocationFilter: int filter(java.lang.String,int,int,int)>",string_compare;early_return,"[invoke] java.lang.String.equals() → [other] move-result p0 → [branch] if-nez p0, :cond_66 → [reassigned] p0 overwritten",123
com.mapbar.android.mapbarmap,services,com.android.server.am.mars.filter.filter.RunningLocationFilter,"<com.android.server.am.mars.filter.filter.RunningLocationFilter: int filter(java.lang.String,int,int,int)>",string_compare;early_return,"[invoke] java.lang.String.equals() → [other] move-result p0 → [branch] if-nez p0, :cond_66 → [reassigned] p0 overwritten",123
com.uu.uunavi,services,com.android.server.am.mars.filter.filter.RunningLocationFilter,"<com.android.server.am.mars.filter.filter.RunningLocationFilter: int filter(java.lang.String,int,int,int)>",string_compare;early_return,"[invoke] java.lang.String.equals() → [other] move-result p0 → [branch] if-nez p0, :cond_66 → [reassigned] p0 overwritten",123
com.ovital.ovitalMap,services,com.android.server.am.mars.filter.filter.RunningLocationFilter,"<com.android.server.am.mars.filter.filter.RunningLocationFilter: int filter(java.lang.String,int,int,int)>",string_compare;early_return,"[invoke] java.lang.String.equals() → [other] move-result p0 → [branch] if-eqz p0, :cond_69 → [reassigned] p0 overwritten",123
com.samsung.android.calendar,services,com.android.server.am.mars.filter.filter.AODClockFilter,"<com.android.server.am.mars.filter.filter.AODClockFilter: int filter(java.lang.String,int,int,int)>",string_compare;early_return,"[invoke] java.lang.String.equals() → [other] move-result p0 → [branch] if-eqz p0, :cond_1a → [reassigned] p0 overwritten",44
com.android.settings,services,com.android.server.connectivity.Vpn,"<com.android.server.connectivity.Vpn: void broadcastVpnState(android.net.NetworkInfo$DetailedState,java.lang.String)>",early_return,[invoke] android.content.Intent.setPackage() → [reassigned] v1 overwritten,66
com.samsung.android.fast,services,com.android.server.connectivity.Vpn,<com.android.server.connectivity.Vpn: boolean isSecureWifiPackage()>,string_compare;early_return,[invoke] java.lang.String.equals() → [invoke] android.content.pm.PackageManager.checkSignatures(),47
com.android.pacprocessor,services,com.android.server.connectivity.PacProxyService,<com.android.server.connectivity.PacProxyService: void bind()>,early_return,"[invoke] android.content.Intent.setClassName() → [other] iget-object v1, p0, Lcom/android/server/connectivity/PacProx → [branch] if-eqz v1, :cond_28 → [other] iget-object v1, p0, Lcom/android/server/connectivity/PacProx → [branch] if-eqz v1, :cond_28",97
com.android.proxyhandler,services,com.android.server.connectivity.PacProxyService,<com.android.server.connectivity.PacProxyService: void bind()>,early_return,[invoke] android.content.Intent.setClassName(),97
com.samsung.android.knox.containercore,services,com.android.server.bridge.BridgeProxy,<com.android.server.bridge.BridgeProxy: void <init>(int)>,early_return,[field_store] com.android.server.bridge.BridgeProxy.mContainerCorePkg → [reassigned] v0 overwritten,62
com.samsung.knox.securefolder,services,com.android.server.bridge.BridgeProxy,<com.android.server.bridge.BridgeProxy: void <init>(int)>,early_return,[field_store] com.android.server.bridge.BridgeProxy.mSecureFolderPkg → [reassigned] v0 overwritten,62
com.samsung.knox.securefolder,services,com.android.server.bridge.operations.RCPDumpState,"<com.android.server.bridge.operations.RCPDumpState: void dumpBackupAndRestoreHistory(java.io.PrintWriter,int)>",early_return,[invoke] java.lang.StringBuilder.append() → [reassigned] p2 overwritten,133
com.samsung.android.smartface,services,com.android.server.camera.CameraServiceProxy,<com.android.server.camera.CameraServiceProxy: void <clinit>()>,early_return,"[other] filled-new-array {v0, v1, v2, v3}, [Ljava/lang/String; → [other] filled-new-array {v0, v1, v2}, [Ljava/lang/String; → [reassigned] v0 overwritten",43
com.samsung.adaptivebrightnessgo,services,com.android.server.camera.CameraServiceProxy,<com.android.server.camera.CameraServiceProxy: void <clinit>()>,early_return,"[other] filled-new-array {v0, v1, v2, v3}, [Ljava/lang/String; → [other] filled-new-array {v0, v1, v2}, [Ljava/lang/String;",43
com.samsung.android.visionintelligence,services,com.android.server.camera.CameraServiceProxy,<com.android.server.camera.CameraServiceProxy: void <clinit>()>,early_return,"[other] filled-new-array {v0, v1, v2, v3}, [Ljava/lang/String; → [reassigned] v2 overwritten",43
com.samsung.android.visionarapps,services,com.android.server.camera.CameraServiceProxy,<com.android.server.camera.CameraServiceProxy: void <clinit>()>,early_return,"[other] filled-new-array {v0, v1, v2, v3}, [Ljava/lang/String; → [reassigned] v3 overwritten",43
com.google.android.apps.tachyon,services,com.android.server.desktopmode.DesktopModeKillPolicyManager,<com.android.server.desktopmode.DesktopModeKillPolicyManager: void <clinit>()>,early_return,[invoke] java.util.Set.of() → [reassigned] v1 overwritten,74
com.google.android.music,services,com.android.server.desktopmode.DesktopModeKillPolicyManager,<com.android.server.desktopmode.DesktopModeKillPolicyManager: void <clinit>()>,early_return,[reassigned] v2 overwritten,74
com.google.android.videos,services,com.android.server.desktopmode.DesktopModeKillPolicyManager,<com.android.server.desktopmode.DesktopModeKillPolicyManager: void <clinit>()>,early_return,[reassigned] v3 overwritten,74
com.google.android.apps.photos,services,com.android.server.desktopmode.DesktopModeKillPolicyManager,<com.android.server.desktopmode.DesktopModeKillPolicyManager: void <clinit>()>,early_return,[reassigned] v4 overwritten,74
com.google.android.apps.docs,services,com.android.server.desktopmode.DesktopModeKillPolicyManager,<com.android.server.desktopmode.DesktopModeKillPolicyManager: void <clinit>()>,early_return,[reassigned] v5 overwritten,74
com.google.android.apps.docs.editors.docs,services,com.android.server.desktopmode.DesktopModeKillPolicyManager,<com.android.server.desktopmode.DesktopModeKillPolicyManager: void <clinit>()>,early_return,[reassigned] v6 overwritten,74
com.google.android.apps.docs.editors.sheets,services,com.android.server.desktopmode.DesktopModeKillPolicyManager,<com.android.server.desktopmode.DesktopModeKillPolicyManager: void <clinit>()>,early_return,[reassigned] v7 overwritten,74
com.google.android.apps.docs.editors.slides,services,com.android.server.desktopmode.DesktopModeKillPolicyManager,<com.android.server.desktopmode.DesktopModeKillPolicyManager: void <clinit>()>,early_return,[invoke] java.util.Set.of() → [reassigned] v8 overwritten,74
com.sec.android.app.sbrowser,services,com.android.server.desktopmode.DesktopModeKillPolicyManager,<com.android.server.desktopmode.DesktopModeKillPolicyManager: void <clinit>()>,early_return,[invoke] java.util.Set.of(),74
com.sec.android.inputmethod,services,com.android.server.desktopmode.DesktopModeKillPolicyManager,<com.android.server.desktopmode.DesktopModeKillPolicyManager: void <clinit>()>,early_return,,74
com.sec.android.inputmethod.beta,services,com.android.server.desktopmode.DesktopModeKillPolicyManager,<com.android.server.desktopmode.DesktopModeKillPolicyManager: void <clinit>()>,early_return,,74
com.sec.android.inputmethod.iwnnime.japan,services,com.android.server.desktopmode.DesktopModeKillPolicyManager,<com.android.server.desktopmode.DesktopModeKillPolicyManager: void <clinit>()>,early_return,,74
com.microsoft.office.word,services,com.android.server.desktopmode.DesktopModeKillPolicyManager,<com.android.server.desktopmode.DesktopModeKillPolicyManager: void <clinit>()>,early_return,,74
com.microsoft.office.excel,services,com.android.server.desktopmode.DesktopModeKillPolicyManager,<com.android.server.desktopmode.DesktopModeKillPolicyManager: void <clinit>()>,early_return,,74
com.microsoft.office.powerpoint,services,com.android.server.desktopmode.DesktopModeKillPolicyManager,<com.android.server.desktopmode.DesktopModeKillPolicyManager: void <clinit>()>,early_return,,74
com.facebook.katana,services,com.android.server.desktopmode.DesktopModeKillPolicyManager,<com.android.server.desktopmode.DesktopModeKillPolicyManager: void <clinit>()>,early_return,[invoke] java.util.Set.of(),74
com.sec.android.app.desktoplauncher,services,com.android.server.desktopmode.PackageStateManager,"<com.android.server.desktopmode.PackageStateManager: void <init>(android.content.Context,com.android.server.desktopmode.IStateManager,com.android.server.ServiceThread,android.content.pm.IPackageManager)>",early_return,[invoke] java.util.Map.put() → [reassigned] p1 overwritten,90
com.sec.android.desktopmode.uiservice,services,com.android.server.desktopmode.PackageStateManager,"<com.android.server.desktopmode.PackageStateManager: void <init>(android.content.Context,com.android.server.desktopmode.IStateManager,com.android.server.ServiceThread,android.content.pm.IPackageManager)>",early_return,"[invoke] java.util.Map.put() → [other] new-instance p1, Landroid/os/Handler; → [invoke] android.os.Handler.<init>() → [invoke] com.android.server.desktopmode.PackageStateManager.register(",90
com.sec.android.app.desktoplauncher,services,com.android.server.desktopmode.PackageStateManager,"<com.android.server.desktopmode.PackageStateManager: void onPackageDataCleared(java.lang.String,int)>",string_compare;early_return,"[invoke] java.lang.String.equals() → [other] move-result p2 → [branch] if-eqz p2, :cond_32 → [other] sget-boolean p2, Lcom/samsung/android/desktopmode/DesktopMod → [branch] if-eqz p2, :cond_23",55
com.sec.android.app.desktoplauncher,services,com.android.server.desktopmode.PackageStateManager,"<com.android.server.desktopmode.PackageStateManager: void onPackageUpdateFinished(java.lang.String,int)>",string_compare;early_return,"[invoke] java.lang.String.equals() → [other] move-result p2 → [branch] if-eqz p2, :cond_32 → [other] sget-boolean p2, Lcom/samsung/android/desktopmode/DesktopMod → [branch] if-eqz p2, :cond_23",55
com.sec.android.desktopmode.uiservice,services,com.android.server.desktopmode.PackageStateManager,"<com.android.server.desktopmode.PackageStateManager: void setComponent(java.lang.String,boolean)>",early_return,[invoke] android.content.ComponentName.createRelative() → [reassigned] v1 overwritten,91
com.sec.android.desktopmode.uiservice,services,com.android.server.desktopmode.BleAdvertiserServiceManager,<com.android.server.desktopmode.BleAdvertiserServiceManager: void bindService()>,early_return,"[invoke] android.content.Intent.setClassName() → [other] iget-object v1, p0, Lcom/android/server/desktopmode/BleAdver → [invoke] android.content.Context.bindServiceAsUser() → [other] const-wide/16 v1, 0x1388 → [invoke] android.os.Handler.postDelayed()",123
com.sec.android.diagmonagent,services,com.android.server.desktopmode.DesktopModeLogger$LazyHolder,<com.android.server.desktopmode.DesktopModeLogger$LazyHolder: boolean isDmaSupported()>,early_return,"[invoke] android.content.pm.PackageManagerInternal.getPackage() → [other] move-result-wide v2 → [invoke] java.lang.StringBuilder.append() → [other] cmp-long v0, v2, v4",67
com.sec.android.app.desktoplauncher,services,com.android.server.desktopmode.DualModeChanger,"<com.android.server.desktopmode.DualModeChanger: void handleStopLoadingScreen(boolean,int)>",early_return,[invoke] com.android.server.desktopmode.ModeChanger.hasPackageTask() → [reassigned] v3 overwritten,315
com.sec.android.app.desktoplauncher,services,com.android.server.desktopmode.DualModeChanger,"<com.android.server.desktopmode.DualModeChanger: void startHome(com.android.server.desktopmode.State,int)>",early_return,[invoke] android.content.Intent.setPackage() → [reassigned] v1 overwritten,109
com.sec.android.app.desktoplauncher,services,com.android.server.desktopmode.DualModeChanger,<com.android.server.desktopmode.DualModeChanger: void startSPenModeSettingActivity(com.android.server.desktopmode.State)>,early_return,[invoke] android.content.ComponentName.<init>(),32
com.sec.android.desktopmode.uiservice,services,com.android.server.desktopmode.DesktopModeService,<com.android.server.desktopmode.DesktopModeService: void requestTileUpdate(com.samsung.android.desktopmode.SemDesktopModeState)>,early_return,[invoke] android.content.ComponentName.<init>() → [invoke] android.content.ComponentName.<init>(),67
com.sec.android.desktopmode.uiservice,services,com.android.server.desktopmode.DesktopModeService,<com.android.server.desktopmode.DesktopModeService: void startConnectivityActivity(int)>,early_return,[invoke] android.content.ComponentName.<init>(),48
com.sec.android.desktopmode.uiservice,services,com.android.server.desktopmode.McfManager$2,<com.android.server.desktopmode.McfManager$2: void onPackageStateChanged(com.android.server.desktopmode.State)>,early_return,[invoke] java.util.Map.get() → [reassigned] v0 overwritten,86
com.sec.android.diagmonagent,services,com.android.server.desktopmode.DesktopModeLogger,"<com.android.server.desktopmode.DesktopModeLogger: void sendDmaLog(android.content.Context,java.lang.String,java.lang.String)>",early_return,"[invoke] android.content.Intent.setPackage() → [other] sget-object v1, Landroid/os/UserHandle;->CURRENT_OR_SELF:Lan → [invoke] android.content.Context.sendBroadcastAsUser() → [reassigned] v1 overwritten",92
com.samsung.android.providers.context,services,com.android.server.desktopmode.DesktopModeLogger,"<com.android.server.desktopmode.DesktopModeLogger: void sendGsimLog(android.content.Context,java.lang.String,java.lang.String)>",early_return,"[invoke] android.content.Intent.setPackage() → [other] sget-object v1, Landroid/os/UserHandle;->CURRENT_OR_SELF:Lan → [invoke] android.content.Context.sendBroadcastAsUser() → [reassigned] v1 overwritten",87
com.sec.android.app.desktoplauncher,services,com.android.server.desktopmode.Utils,<com.android.server.desktopmode.Utils: java.lang.String getPostDataForMuse(android.content.Context)>,system_property_read,[invoke] com.android.server.desktopmode.Utils.getVersionName() → [reassigned] v1 overwritten,100
com.osp.app.signin,services,com.android.server.desktopmode.Utils,<com.android.server.desktopmode.Utils: java.lang.String getSamsungAccountId(android.content.Context)>,string_compare,[invoke] java.lang.String.equals(),49
com.samsung.android.app.tips,services,com.android.server.desktopmode.Utils,"<com.android.server.desktopmode.Utils: void showTipsNotification(android.content.Context,java.lang.String,java.lang.String,java.lang.String,java.lang.String)>",early_return,[invoke] android.content.Intent.setClassName() → [invoke] android.content.Intent.setClassName(),105
com.sec.android.app.kidshome,services,com.android.server.desktopmode.DefaultBlocker,<com.android.server.desktopmode.DefaultBlocker: boolean isKidsLauncherMode()>,early_return,[invoke] java.lang.String.contains(),54
com.sec.android.desktopmode.uiservice,services,com.android.server.desktopmode.UiManager,<com.android.server.desktopmode.UiManager: void bindService()>,early_return,"[invoke] android.content.Intent.setClassName() → [other] iget-object v1, p0, Lcom/android/server/desktopmode/UiManage → [invoke] android.content.Context.bindServiceAsUser() → [other] const-wide/16 v1, 0x1388 → [invoke] android.os.Handler.postDelayed()",126
com.sec.android.app.desktoplauncher,services,com.android.server.desktopmode.StandaloneModeChanger,"<com.android.server.desktopmode.StandaloneModeChanger: void handleStopLoadingScreen(boolean,int)>",early_return,"[invoke] com.android.server.desktopmode.ModeChanger.hasPackageTask() → [other] move-result p2 → [branch] if-nez p2, :cond_56 → [other] sget-boolean p2, Lcom/samsung/android/desktopmode/DesktopMod → [branch] if-eqz p2, :cond_32",266
com.sec.android.app.desktoplauncher,services,com.android.server.desktopmode.StandaloneModeChanger,"<com.android.server.desktopmode.StandaloneModeChanger: void storeDefaultHomePackageName(boolean,java.util.function.Consumer)>",early_return,[reassigned] v3 overwritten,120
com.samsung.android.contacts,services,com.android.server.desktopmode.StandaloneModeChanger,<com.android.server.desktopmode.StandaloneModeChanger: boolean usingNativeInCallUi()>,string_compare;early_return,"[invoke] java.lang.String.equals() → [other] move-result v1 → [branch] if-nez v1, :cond_71 → [other] new-instance v1, Landroid/content/Intent; → [invoke] android.content.Intent.<init>()",145
com.sec.android.app.camera,services,com.android.server.bgslotmanager.CameraKillModeManager,"<com.android.server.bgslotmanager.CameraKillModeManager: void doReduceBackgroundCached(int,java.lang.String)>",string_compare;early_return,[invoke] java.lang.String.equals() → [reassigned] v0 overwritten,29
com.samsung.android.permissioncontroller,services,com.android.server.chimera.SystemEventListener$AppLaunchIntent,"<com.android.server.chimera.SystemEventListener$AppLaunchIntent: void onIntentStarted(android.content.Intent,long)>",early_return,"[invoke] java.lang.String.contains() → [other] move-result p2 → [branch] if-eqz p2, :cond_34 → [other] iget-object p2, p0, Lcom/android/server/chimera/SystemEventL → [invoke] com.android.server.chimera.SystemEventListener.-$$Nest$fgetm",145
com.samsung.android.spay,services,com.android.server.chimera.ChimeraAppClassifier$2,<com.android.server.chimera.ChimeraAppClassifier$2: void <init>()>,early_return,[invoke] java.util.ArrayList.add() → [reassigned] v0 overwritten,18
com.google.android.as,services,com.android.server.chimera.ChimeraAppClassifier$2,<com.android.server.chimera.ChimeraAppClassifier$2: void <init>()>,early_return,[invoke] java.util.ArrayList.add(),18
com.sec.android.app.launcher,services,com.android.server.chimera.SystemRepositoryDefault,<com.android.server.chimera.SystemRepositoryDefault: java.lang.String getCurrentHomePackageName()>,,[invoke] java.util.Optional.orElse(),32
com.samsung.android.oneconnect,services,com.android.server.chimera.ChimeraAppClassifier$3,<com.android.server.chimera.ChimeraAppClassifier$3: void <init>()>,early_return,[invoke] java.util.ArrayList.add(),13
com.samsung.cmh,services,com.android.server.chimera.ChimeraAppClassifier$1,<com.android.server.chimera.ChimeraAppClassifier$1: void <init>()>,early_return,[invoke] java.util.ArrayList.add() → [reassigned] v0 overwritten,248
com.android.providers.blockednumber,services,com.android.server.chimera.ChimeraAppClassifier$1,<com.android.server.chimera.ChimeraAppClassifier$1: void <init>()>,early_return,[invoke] java.util.ArrayList.add() → [reassigned] v0 overwritten,248
com.android.providers.userdictionary,services,com.android.server.chimera.ChimeraAppClassifier$1,<com.android.server.chimera.ChimeraAppClassifier$1: void <init>()>,early_return,[invoke] java.util.ArrayList.add() → [reassigned] v0 overwritten,248
com.android.providers.contacts,services,com.android.server.chimera.ChimeraAppClassifier$1,<com.android.server.chimera.ChimeraAppClassifier$1: void <init>()>,early_return,[invoke] java.util.ArrayList.add() → [reassigned] v0 overwritten,248
com.samsung.android.providers.contacts,services,com.android.server.chimera.ChimeraAppClassifier$1,<com.android.server.chimera.ChimeraAppClassifier$1: void <init>()>,early_return,[invoke] java.util.ArrayList.add() → [reassigned] v0 overwritten,248
com.android.calllogbackup,services,com.android.server.chimera.ChimeraAppClassifier$1,<com.android.server.chimera.ChimeraAppClassifier$1: void <init>()>,early_return,[invoke] java.util.ArrayList.add() → [reassigned] v0 overwritten,248
com.samsung.android.providers.media,services,com.android.server.chimera.ChimeraAppClassifier$1,<com.android.server.chimera.ChimeraAppClassifier$1: void <init>()>,early_return,[invoke] java.util.ArrayList.add() → [reassigned] v0 overwritten,248
com.android.providers.media,services,com.android.server.chimera.ChimeraAppClassifier$1,<com.android.server.chimera.ChimeraAppClassifier$1: void <init>()>,early_return,[invoke] java.util.ArrayList.add() → [reassigned] v0 overwritten,248
com.google.android.providers.media.module,services,com.android.server.chimera.ChimeraAppClassifier$1,<com.android.server.chimera.ChimeraAppClassifier$1: void <init>()>,early_return,[invoke] java.util.ArrayList.add() → [reassigned] v0 overwritten,248
com.android.providers.media.module,services,com.android.server.chimera.ChimeraAppClassifier$1,<com.android.server.chimera.ChimeraAppClassifier$1: void <init>()>,early_return,[invoke] java.util.ArrayList.add() → [reassigned] v0 overwritten,248
com.sec.android.app.fm,services,com.android.server.chimera.ChimeraAppClassifier$1,<com.android.server.chimera.ChimeraAppClassifier$1: void <init>()>,early_return,[invoke] java.util.ArrayList.add() → [reassigned] v0 overwritten,248
com.google.android.projection.gearhead,services,com.android.server.chimera.ChimeraAppClassifier$1,<com.android.server.chimera.ChimeraAppClassifier$1: void <init>()>,early_return,[invoke] java.util.ArrayList.add() → [reassigned] v0 overwritten,248
com.samsung.android.singletake.service,services,com.android.server.chimera.ChimeraAppClassifier$1,<com.android.server.chimera.ChimeraAppClassifier$1: void <init>()>,early_return,[invoke] java.util.ArrayList.add() → [reassigned] v0 overwritten,248
com.sec.android.app.shealth,services,com.android.server.chimera.ChimeraAppClassifier$1,<com.android.server.chimera.ChimeraAppClassifier$1: void <init>()>,early_return,[invoke] java.util.ArrayList.add() → [reassigned] v0 overwritten,248
com.baidu.map.location,services,com.android.server.chimera.ChimeraAppClassifier$1,<com.android.server.chimera.ChimeraAppClassifier$1: void <init>()>,early_return,[invoke] java.util.ArrayList.add() → [reassigned] v0 overwritten,248
com.tencent.android.location,services,com.android.server.chimera.ChimeraAppClassifier$1,<com.android.server.chimera.ChimeraAppClassifier$1: void <init>()>,early_return,[invoke] java.util.ArrayList.add() → [reassigned] v0 overwritten,248
com.sec.location.nsflp2,services,com.android.server.chimera.ChimeraAppClassifier$1,<com.android.server.chimera.ChimeraAppClassifier$1: void <init>()>,early_return,[invoke] java.util.ArrayList.add() → [reassigned] v0 overwritten,248
com.samsung.android.game.gos,services,com.android.server.chimera.ChimeraAppClassifier$1,<com.android.server.chimera.ChimeraAppClassifier$1: void <init>()>,early_return,[invoke] java.util.ArrayList.add() → [reassigned] v0 overwritten,248
com.samsung.android.game.gametools,services,com.android.server.chimera.ChimeraAppClassifier$1,<com.android.server.chimera.ChimeraAppClassifier$1: void <init>()>,early_return,[invoke] java.util.ArrayList.add() → [reassigned] v0 overwritten,248
com.teslamotors.tesla,services,com.android.server.chimera.ChimeraAppClassifier$1,<com.android.server.chimera.ChimeraAppClassifier$1: void <init>()>,early_return,[invoke] java.util.ArrayList.add() → [reassigned] v0 overwritten,248
com.sec.android.easyMover.Agent,services,com.android.server.chimera.ChimeraAppClassifier$1,<com.android.server.chimera.ChimeraAppClassifier$1: void <init>()>,early_return,[invoke] java.util.ArrayList.add() → [reassigned] v0 overwritten,248
com.dsi.ant.plugins.antplus,services,com.android.server.chimera.ChimeraAppClassifier$1,<com.android.server.chimera.ChimeraAppClassifier$1: void <init>()>,early_return,[invoke] java.util.ArrayList.add() → [reassigned] v0 overwritten,248
com.samsung.android.mcfserver,services,com.android.server.chimera.ChimeraAppClassifier$1,<com.android.server.chimera.ChimeraAppClassifier$1: void <init>()>,early_return,[invoke] java.util.ArrayList.add() → [reassigned] v0 overwritten,248
com.samsung.android.mcfds,services,com.android.server.chimera.ChimeraAppClassifier$1,<com.android.server.chimera.ChimeraAppClassifier$1: void <init>()>,early_return,[invoke] java.util.ArrayList.add() → [reassigned] v0 overwritten,248
com.samsung.android.dynamiclock,services,com.android.server.chimera.ChimeraAppClassifier$1,<com.android.server.chimera.ChimeraAppClassifier$1: void <init>()>,early_return,[invoke] java.util.ArrayList.add() → [reassigned] v0 overwritten,248
com.samsung.android.game.gamelab,services,com.android.server.chimera.ChimeraAppClassifier$1,<com.android.server.chimera.ChimeraAppClassifier$1: void <init>()>,early_return,[invoke] java.util.ArrayList.add() → [reassigned] v0 overwritten,248
com.skt.skaf.A000Z00040,services,com.android.server.chimera.ChimeraAppClassifier$1,<com.android.server.chimera.ChimeraAppClassifier$1: void <init>()>,early_return,[invoke] java.util.ArrayList.add() → [reassigned] v0 overwritten,248
com.skt.skaf.OA00018282,services,com.android.server.chimera.ChimeraAppClassifier$1,<com.android.server.chimera.ChimeraAppClassifier$1: void <init>()>,early_return,[invoke] java.util.ArrayList.add() → [reassigned] v0 overwritten,248
com.verizon.mips.services,services,com.android.server.chimera.ChimeraAppClassifier$1,<com.android.server.chimera.ChimeraAppClassifier$1: void <init>()>,early_return,[invoke] java.util.ArrayList.add() → [reassigned] v0 overwritten,248
com.samsung.android.carlink,services,com.android.server.chimera.ChimeraAppClassifier$1,<com.android.server.chimera.ChimeraAppClassifier$1: void <init>()>,early_return,[invoke] java.util.ArrayList.add() → [reassigned] v0 overwritten,248
com.google.android.cellbroadcastreceiver,services,com.android.server.chimera.ChimeraAppClassifier$1,<com.android.server.chimera.ChimeraAppClassifier$1: void <init>()>,early_return,[invoke] java.util.ArrayList.add() → [reassigned] v0 overwritten,248
com.android.cellbroadcastreceiver,services,com.android.server.chimera.ChimeraAppClassifier$1,<com.android.server.chimera.ChimeraAppClassifier$1: void <init>()>,early_return,[invoke] java.util.ArrayList.add() → [reassigned] v0 overwritten,248
com.samsung.android.sidegesturepad,services,com.android.server.chimera.ChimeraAppClassifier$1,<com.android.server.chimera.ChimeraAppClassifier$1: void <init>()>,early_return,[invoke] java.util.ArrayList.add() → [reassigned] v0 overwritten,248
com.unionpay.tsmservice,services,com.android.server.chimera.ChimeraAppClassifier$1,<com.android.server.chimera.ChimeraAppClassifier$1: void <init>()>,early_return,[invoke] java.util.ArrayList.add() → [reassigned] v0 overwritten,248
com.samsung.android.scs,services,com.android.server.chimera.ChimeraAppClassifier$1,<com.android.server.chimera.ChimeraAppClassifier$1: void <init>()>,early_return,[invoke] java.util.ArrayList.add() → [reassigned] v0 overwritten,248
com.bitstrips.imoji,services,com.android.server.chimera.ChimeraAppClassifier$1,<com.android.server.chimera.ChimeraAppClassifier$1: void <init>()>,early_return,[invoke] java.util.ArrayList.add() → [reassigned] v0 overwritten,248
com.samsung.android.knox.kpecore,services,com.android.server.chimera.ChimeraAppClassifier$1,<com.android.server.chimera.ChimeraAppClassifier$1: void <init>()>,early_return,[invoke] java.util.ArrayList.add() → [reassigned] v0 overwritten,248
com.sec.android.mimage.photoretouching,services,com.android.server.chimera.ChimeraAppClassifier$1,<com.android.server.chimera.ChimeraAppClassifier$1: void <init>()>,early_return,[invoke] java.util.ArrayList.add() → [reassigned] v0 overwritten,248
com.sec.android.app.myfiles,services,com.android.server.chimera.ChimeraAppClassifier$1,<com.android.server.chimera.ChimeraAppClassifier$1: void <init>()>,early_return,[invoke] java.util.ArrayList.add() → [reassigned] v0 overwritten,248
com.sec.modem.settings,services,com.android.server.chimera.ChimeraAppClassifier$1,<com.android.server.chimera.ChimeraAppClassifier$1: void <init>()>,early_return,[invoke] java.util.ArrayList.add(),248
com.samsung.android.memoryguardian,services,com.android.server.chimera.SettingRepositoryDefault,<com.android.server.chimera.SettingRepositoryDefault: void initialize()>,string_compare;early_return,"[invoke] com.android.server.chimera.SystemRepository.isPackageInstall → [other] aget-object v4, v0, v1 → [invoke] java.lang.String.equals() → [other] move-result v4 → [branch] if-eqz v4, :cond_6a",212
com.sec.android.app.camera,services,com.android.server.chimera.PolicyHandler,<com.android.server.chimera.PolicyHandler: void onAppLaunchIntent(java.lang.String)>,string_compare;early_return,"[invoke] java.lang.String.equals() → [other] iget-object v0, p0, Lcom/android/server/chimera/PolicyHandle → [invoke] com.android.server.chimera.SystemRepository.getCameraApps() → [reassigned] v0 overwritten",112
com.sec.android.app.camera,services,com.android.server.chimera.PolicyHandler,"<com.android.server.chimera.PolicyHandler: void updateBigApps(int,java.lang.String)>",string_compare;early_return,"[invoke] java.lang.String.equals() → [other] move-result v0 → [branch] if-eqz v0, :cond_1e → [other] iget-object v0, p0, Lcom/android/server/chimera/PolicyHandle → [invoke] java.util.Map.get()",190
com.samsung.android.honeyboard,services,com.android.server.chimera.ChimeraAppManager$1,<com.android.server.chimera.ChimeraAppManager$1: void <init>(com.android.server.chimera.ChimeraAppManager)>,early_return,[invoke] java.util.ArrayList.add() → [reassigned] p1 overwritten,20
com.sec.android.app.launcher,services,com.android.server.chimera.ChimeraAppManager$1,<com.android.server.chimera.ChimeraAppManager$1: void <init>(com.android.server.chimera.ChimeraAppManager)>,early_return,[invoke] java.util.ArrayList.add(),20
com.android.systemui,services,com.android.server.chimera.ChimeraAppManager$2,<com.android.server.chimera.ChimeraAppManager$2: void <init>(com.android.server.chimera.ChimeraAppManager)>,early_return,[invoke] java.util.ArrayList.add(),15
com.android.contacts,services,com.android.server.devicepolicy.KnoxUtils,<com.android.server.devicepolicy.KnoxUtils: void disableDialerComponent(int)>,early_return,[invoke] android.content.ComponentName.<init>() → [invoke] android.content.ComponentName.<init>() → [reassigned] v1 overwritten,75
com.samsung.android.contacts,services,com.android.server.devicepolicy.KnoxUtils,<com.android.server.devicepolicy.KnoxUtils: void disableDialerComponent(int)>,early_return,[invoke] android.content.ComponentName.<init>(),75
com.google.android.documentsui,services,com.android.server.devicepolicy.KnoxUtils,<com.android.server.devicepolicy.KnoxUtils: void disableDocumentsUIComponent(int)>,early_return,[invoke] android.content.ComponentName.<init>() → [reassigned] v1 overwritten,44
com.android.documentsui,services,com.android.server.devicepolicy.KnoxUtils,<com.android.server.devicepolicy.KnoxUtils: void disableDocumentsUIComponent(int)>,early_return,[invoke] android.content.ComponentName.<init>(),44
com.android.contacts,services,com.android.server.devicepolicy.KnoxUtils,<com.android.server.devicepolicy.KnoxUtils: java.lang.String getContactsPackageName()>,string_compare,[invoke] com.samsung.android.feature.SemFloatingFeature.getString() → [invoke] java.lang.String.equals() → [other] return-object v2,40
com.samsung.android.dialer,services,com.android.server.devicepolicy.KnoxUtils,"<com.android.server.devicepolicy.KnoxUtils: void installLegacyKnoxApps(android.content.Context,int)>",allowlist_check;early_return,[invoke] java.util.Set.contains() → [invoke] java.util.Set.remove() → [reassigned] v0 overwritten,148
com.samsung.android.dialer,services,com.android.server.devicepolicy.KnoxUtils,"<com.android.server.devicepolicy.KnoxUtils: void setNonRequiredApps(java.util.Set,android.content.Context)>",early_return,[invoke] java.util.Set.add(),58
com.google.android.setupwizard,services,com.android.server.devicepolicy.DevicePolicyManagerService,<com.android.server.devicepolicy.DevicePolicyManagerService: void <clinit>()>,early_return,"[other] filled-new-array {v0, v1, v2, v3}, [Ljava/lang/String; → [reassigned] v0 overwritten",336
com.sec.android.app.SecSetupWizard,services,com.android.server.devicepolicy.DevicePolicyManagerService,<com.android.server.devicepolicy.DevicePolicyManagerService: void <clinit>()>,early_return,"[other] filled-new-array {v0, v1, v2, v3}, [Ljava/lang/String;",336
com.google.android.gms,services,com.android.server.devicepolicy.DevicePolicyManagerService,<com.android.server.devicepolicy.DevicePolicyManagerService: void <clinit>()>,early_return,"[other] filled-new-array {v0, v1, v2, v3}, [Ljava/lang/String;",336
com.sec.android.app.setupwizard,services,com.android.server.devicepolicy.DevicePolicyManagerService,<com.android.server.devicepolicy.DevicePolicyManagerService: void <clinit>()>,early_return,"[other] filled-new-array {v0, v1, v2, v3}, [Ljava/lang/String;",336
com.samsung.android.knox.containercore,services,com.android.server.devicepolicy.DevicePolicyManagerService,<com.android.server.devicepolicy.DevicePolicyManagerService: void onProvisionFullyManagedDeviceStartedForDualDar(android.app.admin.FullyManagedDeviceProvisioningParams)>,early_return,"[invoke] android.content.ComponentName.<init>() → [other] move-result v7 → [invoke] android.content.Intent.putExtra() → [other] iget-object v7, p0, Lcom/android/server/devicepolicy/DeviceP → [invoke] com.android.server.devicepolicy.DevicePolicyManagerService.g",313
com.samsung.android.knox.containercore,services,com.android.server.devicepolicy.DevicePolicyManagerService,<com.android.server.devicepolicy.DevicePolicyManagerService: void startKnoxCoreService(int)>,early_return,[invoke] android.content.ComponentName.<init>(),43
com.android.systemui,services,com.android.server.aod.AODManagerService,<com.android.server.aod.AODManagerService: int getSystemUiUid()>,early_return,[invoke] android.content.pm.PackageManagerInternal.getPackageUid(),25
com.samsung.android.app.aodservice,services,com.android.server.aod.AODManagerService,"<com.android.server.aod.AODManagerService: void updateAODTspState(java.lang.String,boolean)>",allowlist_check;early_return,[invoke] java.util.HashMap.get() → [reassigned] v2 overwritten,355
com.samsung.android.app.aodservice,services,com.android.server.aod.AODManagerService,"<com.android.server.aod.AODManagerService: void updateAODTspState(java.lang.String,boolean)>",allowlist_check;early_return,[invoke] com.android.server.aod.AODManagerService.updateAODTspRectInt,355
com.android.contacts,services,com.android.server.content.SyncStorageEngine,<com.android.server.content.SyncStorageEngine: void <clinit>()>,early_return,[invoke] java.util.HashMap.put() → [reassigned] v2 overwritten,52
com.android.calendar,services,com.android.server.content.SyncStorageEngine,<com.android.server.content.SyncStorageEngine: void <clinit>()>,early_return,[invoke] java.util.HashMap.put(),52
com.samsung.android.smartsuggestions,services,com.android.server.autofill.AutofillManagerService$AugmentedAutofillState,"<com.android.server.autofill.AutofillManagerService$AugmentedAutofillState: void injectAugmentedAutofillInfo(android.content.AutofillOptions,int,java.lang.String)>",early_return;hidden_api,[invoke] com.android.server.autofill.AutofillManagerService$Augmented,84
com.samsung.android.smartsuggestions,services,com.android.server.autofill.AutofillManagerService$AugmentedAutofillState,"<com.android.server.autofill.AutofillManagerService$AugmentedAutofillState: boolean isWhitelisted(int,android.content.ComponentName)>",string_compare;early_return;hidden_api,"[invoke] com.android.server.autofill.AutofillManagerService$Augmented → [other] move-result v1 → [branch] if-eqz v1, :cond_10 → [other] move-result v1 → [branch] if-nez v1, :cond_19",128
com.microsoft.appmanager,services,com.android.server.semclipboard.SemClipboardService,"<com.android.server.semclipboard.SemClipboardService: android.net.Uri insertToClipboard(android.content.ClipData,int)>",string_compare,[invoke] android.os.PersistableBundle.containsKey() → [invoke] android.content.ContentValues.put() → [other] move-result v1 → [invoke] java.lang.Boolean.valueOf() → [reassigned] v1 overwritten,359
com.samsung.android.honeyboard,services,com.android.server.semclipboard.SemClipboardService,"<com.android.server.semclipboard.SemClipboardService: android.net.Uri insertToClipboard(android.content.ClipData,int)>",string_compare,[invoke] com.android.server.semclipboard.SemClipboardService.grantUri,359
com.samsung.android.honeyboard,services,com.android.server.semclipboard.SemClipboardService,"<com.android.server.semclipboard.SemClipboardService: void insertToClipboardForMigration(com.samsung.android.content.clipboard.data.SemClipData,int)>",early_return,[invoke] com.android.server.semclipboard.SemClipboardService.grantUri → [invoke] com.android.server.semclipboard.SemClipboardService.grantUri,290
com.qualcomm.qti.services.secureui,services,com.android.server.blockchain.Utils,<com.android.server.blockchain.Utils: boolean sendSecureUIAbortIntent(android.content.Context)>,early_return,"[invoke] android.content.Intent.setPackage() → [other] sget-object v1, Landroid/os/UserHandle;->CURRENT:Landroid/os → [invoke] android.content.Context.sendBroadcastAsUser()",34
jp.co.nttdocomo.lcsapp,services,com.android.server.cocktailbar.CocktailBarManagerService,"<com.android.server.cocktailbar.CocktailBarManagerService: void turnOffWakupCocktailBarFromPowerManagerInternal(int,java.lang.String)>",string_compare;early_return,"[invoke] java.lang.String.startsWith() → [other] move-result v0 → [branch] if-eqz v0, :cond_73 → [other] new-instance v0, Ljava/lang/StringBuilder; → [invoke] java.lang.StringBuilder.<init>()",126
com.samsung.android.app.cocktailbarservice,services,com.android.server.cocktailbar.CocktailBarManagerServiceImpl,"<com.android.server.cocktailbar.CocktailBarManagerServiceImpl: void notifyCocktailBarWakeUp(boolean,int,int)>",early_return,"[invoke] android.content.Intent.setClassName() → [other] const-string/jumbo p3, ""keycode"" → [invoke] android.content.Intent.putExtra()",202
com.samsung.android.app.cocktailbarservice,services,com.android.server.cocktailbar.CocktailBarManagerServiceImpl,<com.android.server.cocktailbar.CocktailBarManagerServiceImpl: boolean removeProvidersForPackageLocked(java.lang.String)>,string_compare;early_return,[invoke] android.content.Intent.setPackage() → [other] move-result-wide v0 → [invoke] android.os.Binder.restoreCallingIdentity() → [invoke] android.os.Binder.restoreCallingIdentity(),151
com.samsung.android.app.cocktailbarservice,services,com.android.server.cocktailbar.CocktailBarManagerServiceContainer$1,"<com.android.server.cocktailbar.CocktailBarManagerServiceContainer$1: void onReceive(android.content.Context,android.content.Intent)>",string_compare;early_return,[invoke] java.lang.String.contains() → [invoke] com.android.server.cocktailbar.mode.CocktailBarModeManager.o → [invoke] com.android.server.cocktailbar.CocktailBarManagerServiceImpl → [invoke] com.android.server.cocktailbar.CocktailBarManagerServiceImpl,333
com.samsung.android.app.appsedge,services,com.android.server.cocktailbar.CocktailBarManagerServiceImpl$CocktailHostInfo,<com.android.server.cocktailbar.CocktailBarManagerServiceImpl$CocktailHostInfo: void stopPinMode()>,early_return,[invoke] android.content.Intent.setClassName(),26
com.samsung.android.app.cocktailbarservice,services,com.android.server.cocktailbar.CocktailBarManagerServiceContainer,<com.android.server.cocktailbar.CocktailBarManagerServiceContainer: void registerBroadcastReceiver()>,early_return,[invoke] android.content.IntentFilter.addDataSchemeSpecificPart() → [reassigned] v0 overwritten,116
com.samsung.android.app.appsedge,services,com.android.server.cocktailbar.CocktailBarManagerServiceContainer,<com.android.server.cocktailbar.CocktailBarManagerServiceContainer: void sendSystemBarAppearance(int)>,early_return,[invoke] android.content.Intent.setClassName() → [reassigned] v1 overwritten,46
com.samsung.android.app.cocktailbarservice,services,com.android.server.cocktailbar.CocktailBarManagerServiceContainer,<com.android.server.cocktailbar.CocktailBarManagerServiceContainer: void startCocktailBarServiceWithCurrentUser()>,early_return,"[invoke] android.content.Intent.setClassName() → [other] new-instance v1, Landroid/os/UserHandle; → [invoke] android.os.UserHandle.<init>() → [invoke] android.content.Context.startServiceAsUser()",68
com.samsung.android.app.cocktailbarservice,services,com.android.server.cocktailbar.mode.PrivateEmergencyMode,<com.android.server.cocktailbar.mode.PrivateEmergencyMode: int onBroadcastReceived(android.content.Intent)>,string_compare;early_return,"[invoke] android.content.Intent.setClassName() → [other] new-instance v0, Landroid/os/UserHandle; → [invoke] android.os.UserHandle.<init>() → [invoke] android.content.Context.startServiceAsUser()",108
com.samsung.android.app.cocktailbarservice,services,com.android.server.cocktailbar.utils.CocktailBarConfig,<com.android.server.cocktailbar.utils.CocktailBarConfig: android.content.res.XmlResourceParser getEdgeConfigParser()>,,"[invoke] android.content.Intent.<init>() → [other] iget-object v1, p0, Lcom/android/server/cocktailbar/utils/Co → [invoke] android.content.pm.PackageManager.queryIntentServicesAsUser( → [other] move-result v1 → [other] if-lez v1, :cond_7a",150
com.samsung.accessibility,services,com.android.server.audio.AudioService,"<com.android.server.audio.AudioService: boolean checkPlayRingerModeEffect(java.lang.String,int,boolean)>",early_return,"[invoke] java.lang.String.contains() → [other] move-result p0 → [branch] if-nez p0, :cond_3b → [reassigned] p0 overwritten",80
com.samsung.android.app.routines,services,com.android.server.audio.AudioService,"<com.android.server.audio.AudioService: boolean checkPlayRingerModeEffect(java.lang.String,int,boolean)>",early_return,"[invoke] java.lang.String.contains() → [other] move-result p0 → [branch] if-nez p0, :cond_3b → [reassigned] p0 overwritten",80
com.android.systemui,services,com.android.server.audio.AudioService,"<com.android.server.audio.AudioService: boolean checkPlayRingerModeEffect(java.lang.String,int,boolean)>",early_return,"[invoke] java.lang.String.contains() → [other] move-result p0 → [branch] if-nez p0, :cond_3b → [reassigned] p0 overwritten",80
com.sec.android.emergencymode.service,services,com.android.server.audio.AudioService,"<com.android.server.audio.AudioService: boolean checkPlayRingerModeEffect(java.lang.String,int,boolean)>",early_return,"[invoke] java.lang.String.contains() → [other] move-result p0 → [branch] if-eqz p0, :cond_22 → [reassigned] p0 overwritten",80
com.samsung.android.secsoundpicker,services,com.android.server.audio.AudioService,<com.android.server.audio.AudioService: boolean isExemptedPackage(java.lang.String)>,string_compare;early_return,[invoke] java.lang.String.equals() → [other] move-result p0 → [other] return p0,12
com.android.settings,services,com.android.server.audio.AudioService,<com.android.server.audio.AudioService: void onBootCompleted()>,early_return,"[invoke] android.content.ComponentName.<init>() → [other] const-string/jumbo v2, ""l_call_voip_extra_volume_enable="" → [invoke] java.lang.StringBuilder.append()",108
com.sec.android.app.voicenote,services,com.android.server.audio.AudioService,"<com.android.server.audio.AudioService: void setStreamVolumeWithAttribution(int,int,int,java.lang.String,java.lang.String,java.lang.String,int,boolean,int)>",allowlist_check;string_compare;early_return,"[invoke] java.lang.String.equals() → [other] move-result v5 → [branch] if-eqz v5, :cond_ea → [reassigned] v5 overwritten",1179
com.android.bluetooth,services,com.android.server.audio.AudioService,"<com.android.server.audio.AudioService: void setStreamVolumeWithAttribution(int,int,int,java.lang.String,java.lang.String,java.lang.String,int,boolean,int)>",allowlist_check;string_compare;early_return,"[invoke] java.lang.String.equals() → [other] move-result v5 → [branch] if-eqz v5, :cond_13e → [other] move-result v5 → [branch] if-eqz v5, :cond_13e",1179
com.sec.android.app.fm,services,com.android.server.audio.AudioService,"<com.android.server.audio.AudioService: void setStreamVolumeWithAttribution(int,int,int,java.lang.String,java.lang.String,java.lang.String,int,boolean,int)>",allowlist_check;string_compare;early_return,"[invoke] java.lang.String.equals() → [other] move-result v6 → [branch] if-eqz v6, :cond_1f1 → [other] iget v6, v0, Lcom/android/server/audio/AudioService;->mForce → [branch] if-ne v6, v10, :cond_1c9",1179
com.tencent.mm,services,com.android.server.audio.AudioService,"<com.android.server.audio.AudioService: void startBluetoothScoInt(android.os.IBinder,int,int,java.lang.String)>",string_compare;early_return,[invoke] java.lang.String.equals() → [invoke] android.os.Binder.restoreCallingIdentity(),120
com.android.bluetooth,services,com.android.server.audio.FocusRequester,"<com.android.server.audio.FocusRequester: boolean handleFocusLossFromGain(int,com.android.server.audio.FocusRequester,boolean)>",string_compare;early_return,[invoke] java.lang.String.equals(),66
com.tencent.mm,services,com.android.server.audio.MediaFocusControl,<com.android.server.audio.MediaFocusControl: void <clinit>()>,early_return,"[other] filled-new-array {v0, v1, v2, v3, v4}, [Ljava/lang/String; → [reassigned] v0 overwritten",55
com.tencent.mobileqq,services,com.android.server.audio.MediaFocusControl,<com.android.server.audio.MediaFocusControl: void <clinit>()>,early_return,"[other] filled-new-array {v0, v1, v2, v3, v4}, [Ljava/lang/String;",55
com.skype.raider,services,com.android.server.audio.MediaFocusControl,<com.android.server.audio.MediaFocusControl: void <clinit>()>,early_return,"[other] filled-new-array {v0, v1, v2, v3, v4}, [Ljava/lang/String;",55
jp.naver.line.android,services,com.android.server.audio.MediaFocusControl,<com.android.server.audio.MediaFocusControl: void <clinit>()>,early_return,"[other] filled-new-array {v0, v1, v2, v3, v4}, [Ljava/lang/String;",55
com.google.android.apps.tachyon,services,com.android.server.audio.MediaFocusControl,<com.android.server.audio.MediaFocusControl: void <clinit>()>,early_return,"[other] filled-new-array {v0, v1, v2, v3, v4}, [Ljava/lang/String;",55
com.sec.android.app.voicenote,services,com.android.server.audio.MediaFocusControl,<com.android.server.audio.MediaFocusControl: void removeFocusStackEntryOnDeath(android.os.IBinder)>,string_compare;early_return,[invoke] java.lang.String.equals() → [reassigned] v7 overwritten,238
com.sec.android.app.voicerecorder,services,com.android.server.audio.MediaFocusControl,<com.android.server.audio.MediaFocusControl: void removeFocusStackEntryOnDeath(android.os.IBinder)>,string_compare;early_return,"[invoke] java.lang.String.equals() → [other] new-instance v7, Ljava/lang/StringBuilder; → [invoke] java.lang.StringBuilder.<init>() → [invoke] java.lang.StringBuilder.append() → [invoke] java.lang.StringBuilder.append()",238
com.sec.android.app.dmb,services,com.android.server.audio.MediaFocusControl,<com.android.server.audio.MediaFocusControl: void removeFocusStackEntryOnDeath(android.os.IBinder)>,string_compare;early_return,"[invoke] java.lang.String.equals() → [invoke] android.util.Log.i() → [other] new-instance v6, Lcom/android/server/audio/AudioEventLogger$ → [invoke] com.android.server.audio.AudioEventLogger$StringEvent.<init> → [invoke] com.android.server.audio.AudioEventLogger.log()",238
com.android.systemui,services,com.android.server.audio.MediaFocusControl,"<com.android.server.audio.MediaFocusControl: int requestAudioFocus(android.media.AudioAttributes,int,android.os.IBinder,android.media.IAudioFocusDispatcher,java.lang.String,java.lang.String,java.lang.String,int,int,boolean,int)>",string_compare;early_return,"[invoke] android.text.TextUtils.equals() → [other] move-result v1 → [branch] if-eqz v1, :cond_111 → [other] iget-object v1, v0, Lcom/android/server/audio/MediaFocusCont → [invoke] com.android.server.audio.AudioService.getStreamVolume()",1343
com.google.android.projection.gearhead,services,com.android.server.audio.MediaFocusControl,"<com.android.server.audio.MediaFocusControl: int requestAudioFocus(android.media.AudioAttributes,int,android.os.IBinder,android.media.IAudioFocusDispatcher,java.lang.String,java.lang.String,java.lang.String,int,int,boolean,int)>",string_compare;early_return,"[invoke] java.lang.String.equals() → [other] move-result v2 → [branch] if-eqz v2, :cond_349 → [other] iget-object v2, v0, Lcom/android/server/audio/MediaFocusCont → [invoke] java.util.ArrayList.add()",1343
com.google.android.projection.gearhead,services,com.android.server.audio.MediaFocusControl,"<com.android.server.audio.MediaFocusControl: int requestAudioFocus(android.media.AudioAttributes,int,android.os.IBinder,android.media.IAudioFocusDispatcher,java.lang.String,java.lang.String,java.lang.String,int,int,boolean,int)>",string_compare;early_return,"[invoke] java.lang.String.equals() → [other] move-result v8 → [branch] if-eqz v8, :cond_328",1343
com.google.android.projection.gearhead,services,com.android.server.audio.MediaFocusControl,"<com.android.server.audio.MediaFocusControl: int requestAudioFocus(android.media.AudioAttributes,int,android.os.IBinder,android.media.IAudioFocusDispatcher,java.lang.String,java.lang.String,java.lang.String,int,int,boolean,int)>",string_compare;early_return,"[invoke] java.lang.String.equals() → [other] move-result v2 → [branch] if-eqz v2, :cond_349 → [other] iget-object v2, v0, Lcom/android/server/audio/MediaFocusCont → [invoke] java.util.ArrayList.add()",1343
com.samsung.android.oneconnect,services,com.android.server.audio.AudioService$SamsungBroadcastReceiver,"<com.android.server.audio.AudioService$SamsungBroadcastReceiver: void handleIntent(android.content.Context,android.content.Intent)>",string_compare;early_return,"[invoke] java.lang.String.equals() → [other] move-result p2 → [branch] if-eqz p2, :cond_234 → [other] iget-object p2, p0, Lcom/android/server/audio/AudioService$S → [invoke] com.android.server.audio.AudioService.-$$Nest$fgetmMultiSoun",1720
com.samsung.android.setting.multisound,services,com.android.server.audio.AudioService$SamsungBroadcastReceiver,"<com.android.server.audio.AudioService$SamsungBroadcastReceiver: void handleIntent(android.content.Context,android.content.Intent)>",string_compare;early_return,[invoke] android.content.Intent.setPackage() → [reassigned] p2 overwritten,1720
com.sec.android.app.launcher,services,com.android.server.appwidget.AppWidgetServiceImpl,"<com.android.server.appwidget.AppWidgetServiceImpl: boolean bindAppWidgetId(java.lang.String,int,int,android.content.ComponentName,android.os.Bundle)>",string_compare;early_return,"[invoke] java.lang.String.equals() → [other] move-result v3 → [branch] if-eqz v3, :cond_9d → [reassigned] v3 overwritten",502
com.android.keyguard,services,com.android.server.appwidget.AppWidgetServiceImpl,<com.android.server.appwidget.AppWidgetServiceImpl: void performUpgradeLocked(int)>,early_return,[invoke] com.android.server.appwidget.AppWidgetServiceImpl.getUidForP → [invoke] com.android.server.appwidget.AppWidgetServiceImpl$HostId.<in,91
com.samsung.android.app.tips,services,com.android.server.sepunion.TipsManagerService$TipsHandler,<com.android.server.sepunion.TipsManagerService$TipsHandler: void handleMessage(android.os.Message)>,early_return,[invoke] android.content.Intent.setClassName() → [invoke] android.content.Intent.setClassName() → [reassigned] v4 overwritten,382
com.samsung.android.app.tips,services,com.android.server.sepunion.TipsManagerService,<com.android.server.sepunion.TipsManagerService: void <init>(android.content.Context)>,early_return,"[invoke] android.content.pm.PackageManager.getPackageInfo() → [other] const-string/jumbo v2, ""tips_trigger_count"" → [invoke] android.provider.Settings$System.getIntForUser() → [reassigned] v2 overwritten",234
com.samsung.android.app.tips,services,com.android.server.sepunion.TipsManagerService,"<com.android.server.sepunion.TipsManagerService: void dump(java.io.FileDescriptor,java.io.PrintWriter,java.lang.String[])>",string_compare;early_return,[invoke] android.content.Intent.setClassName() → [invoke] android.content.Intent.setClassName() → [invoke] android.content.Intent.setClassName() → [invoke] android.content.Intent.setClassName() → [invoke] android.content.Intent.setClassName(),446
com.samsung.android.app.goodcatch,services,com.android.server.sepunion.SemGoodCatchService$FeatureSetting$1,"<com.android.server.sepunion.SemGoodCatchService$FeatureSetting$1: void onReceive(android.content.Context,android.content.Intent)>",string_compare;early_return,"[invoke] java.lang.String.equals() → [other] move-result p1 → [branch] if-eqz p1, :cond_9e → [reassigned] p1 overwritten",185
com.samsung.android.sidegesturepad,services,com.android.server.sepunion.OneHandService,<com.android.server.sepunion.OneHandService: boolean isInstalled()>,early_return,[invoke] android.content.pm.PackageManager.getPackageInfo(),27
com.samsung.android.sidegesturepad,services,com.android.server.sepunion.OneHandService,<com.android.server.sepunion.OneHandService: void startGestureService()>,early_return,"[invoke] android.content.ComponentName.<init>() → [other] new-instance v1, Landroid/content/Intent; → [invoke] android.content.Intent.<init>() → [invoke] android.content.Intent.setComponent() → [other] const v1, 0x1000020",94
com.samsung.android.app.tips,services,com.android.server.sepunion.TipsManagerService$TipsReceiver,"<com.android.server.sepunion.TipsManagerService$TipsReceiver: void onReceive(android.content.Context,android.content.Intent)>",string_compare;early_return,"[invoke] android.content.Intent.setClassName() → [other] const-string/jumbo p2, ""tips_extras"" → [invoke] android.content.Intent.putExtra() → [other] sget-object p2, Landroid/os/UserHandle;->CURRENT:Landroid/os → [invoke] android.content.Context.startForegroundServiceAsUser()",534
com.samsung.android.app.galaxyregistry,services,com.android.server.sepunion.GalaxyRegistryService,<com.android.server.sepunion.GalaxyRegistryService: java.lang.String getTargetClass()>,,[invoke] android.content.pm.PackageManager.getApplicationInfo() → [reassigned] v1 overwritten,67
com.samsung.android.app.galaxyregistry,services,com.android.server.sepunion.GalaxyRegistryService,<com.android.server.sepunion.GalaxyRegistryService: boolean isInstalled()>,early_return,[invoke] android.content.pm.PackageManager.getPackageInfo() → [invoke] android.content.pm.PackageManager.checkSignatures() → [reassigned] v0 overwritten,88
com.samsung.android.app.galaxyregistry,services,com.android.server.sepunion.GalaxyRegistryService,<com.android.server.sepunion.GalaxyRegistryService: void startService()>,early_return,"[invoke] android.content.ComponentName.<init>() → [other] const-string/jumbo v2, ""start"" → [invoke] android.content.Intent.putExtra() → [other] const-string/jumbo v2, ""system"" → [invoke] android.content.Intent.putExtra()",125
com.samsung.android.bixby.wakeup,services,com.android.server.sepunion.SemExclusiveTaskManagerService,"<com.android.server.sepunion.SemExclusiveTaskManagerService: void executePostProccess(com.android.server.sepunion.SemExclusiveTaskManagerService$Task,boolean,com.android.server.sepunion.SemExclusiveTaskManagerService$UserStatus)>",string_compare;early_return,"[invoke] android.content.Intent.setPackage() → [other] iget-object v0, p0, Lcom/android/server/sepunion/SemExclusiv → [invoke] android.content.Context.sendBroadcast() → [other] const-string/jumbo v0, ""setStartType"" → [invoke] android.content.Intent.putExtra()",984
com.samsung.accessibility,services,com.android.server.sepunion.SemExclusiveTaskManagerService,"<com.android.server.sepunion.SemExclusiveTaskManagerService: void executePostProccess(com.android.server.sepunion.SemExclusiveTaskManagerService$Task,boolean,com.android.server.sepunion.SemExclusiveTaskManagerService$UserStatus)>",string_compare;early_return,[invoke] android.content.ComponentName.<init>() → [reassigned] v0 overwritten,984
com.samsung.android.bluelightfilter,services,com.android.server.sepunion.SemExclusiveTaskManagerService,"<com.android.server.sepunion.SemExclusiveTaskManagerService: void executePostProccess(com.android.server.sepunion.SemExclusiveTaskManagerService$Task,boolean,com.android.server.sepunion.SemExclusiveTaskManagerService$UserStatus)>",string_compare;early_return,[invoke] android.content.ComponentName.<init>() → [reassigned] v0 overwritten,984
com.samsung.android.app.goodcatch,services,com.android.server.sepunion.SemGoodCatchService$FeatureSetting,<com.android.server.sepunion.SemGoodCatchService$FeatureSetting: void on()>,early_return,"[invoke] android.content.IntentFilter.addDataSchemeSpecificPart() → [other] iget-object v1, p0, Lcom/android/server/sepunion/SemGoodCatc → [invoke] com.android.server.sepunion.SemGoodCatchService.-$$Nest$fget → [reassigned] v1 overwritten",43
com.samsung.android.app.tips,services,com.android.server.sepunion.TipsManagerService$TipsPackageReceiver,"<com.android.server.sepunion.TipsManagerService$TipsPackageReceiver: void onReceive(android.content.Context,android.content.Intent)>",string_compare;early_return,[invoke] java.lang.String.equals() → [invoke] java.lang.String.equals() → [reassigned] v1 overwritten,232
com.samsung.accessibility,services,com.android.server.sepunion.SemExclusiveTaskManagerService$3,<com.android.server.sepunion.SemExclusiveTaskManagerService$3: void run()>,early_return,"[invoke] android.content.Intent.setPackage() → [other] sget-object v1, Landroid/os/UserHandle;->CURRENT:Landroid/os → [invoke] android.content.Context.startServiceAsUser()",31
com.sec.android.app.kidshome,services,com.android.server.appprelauncher.AppPrelaunchService,<com.android.server.appprelauncher.AppPrelaunchService: boolean isKidsHome()>,string_compare;early_return,[invoke] java.lang.String.equals(),25
com.sec.android.easyMover,services,com.android.server.appprelauncher.AppPrelaunchService,<com.android.server.appprelauncher.AppPrelaunchService: boolean shouldSkipPrelForPackage(com.android.server.pm.parsing.pkg.AndroidPackage)>,string_compare;early_return,[invoke] java.lang.String.equals() → [reassigned] v4 overwritten,670
com.sec.android.app.voicenote,services,com.android.server.sensorprivacy.SensorPrivacyService$SensorPrivacyServiceImpl,"<com.android.server.sensorprivacy.SensorPrivacyService$SensorPrivacyServiceImpl: void onSensorUseStarted(int,java.lang.String,int)>",string_compare;early_return,"[invoke] android.text.TextUtils.equals() → [other] move-result v1 → [branch] if-eqz v1, :cond_179 → [other] iget-object v1, p0, Lcom/android/server/sensorprivacy/Sensor → [invoke] com.android.server.sensorprivacy.SensorPrivacyService.-$$Nes",657
com.google.android.gms,services,com.android.server.alarm.GmsAlarmManager,<com.android.server.alarm.GmsAlarmManager: void <init>(android.content.Context)>,early_return,"[invoke] android.content.pm.PackageManager.getPackageUid() → [other] move-result v0 → [other] iput v0, p0, Lcom/android/server/alarm/GmsAlarmManager;->mGm → [reassigned] v0 overwritten",229
com.android.vending,services,com.android.server.alarm.GmsAlarmManager,<com.android.server.alarm.GmsAlarmManager: void <init>(android.content.Context)>,early_return,"[invoke] android.content.pm.PackageManager.getPackageUid() → [other] move-result v0 → [other] iput v0, p0, Lcom/android/server/alarm/GmsAlarmManager;->mVe → [reassigned] v0 overwritten",229
com.google.android.configupdater,services,com.android.server.alarm.GmsAlarmManager,<com.android.server.alarm.GmsAlarmManager: void <init>(android.content.Context)>,early_return,[invoke] android.content.pm.PackageManager.getPackageUid() → [reassigned] v0 overwritten,229
com.samsung.android.providers.context,services,com.android.server.alarm.GmsAlarmManager,"<com.android.server.alarm.GmsAlarmManager: void insertLog(java.lang.String,java.lang.String,java.lang.String)>",early_return,[invoke] android.content.Intent.setPackage() → [reassigned] v0 overwritten,90
com.google.android.gms,services,com.android.server.alarm.GmsAlarmManager,<com.android.server.alarm.GmsAlarmManager: boolean isGmsDelay12HourAlarm(android.app.PendingIntent)>,string_compare;early_return,[invoke] java.lang.String.equals(),66
com.google.android.gms,services,com.android.server.alarm.GmsAlarmManager,<com.android.server.alarm.GmsAlarmManager: boolean isGmsDelay6HourAlarm(android.app.PendingIntent)>,string_compare;early_return,[invoke] java.lang.String.equals() → [reassigned] v1 overwritten,124
com.samsung.android.sm.policy,services,com.android.server.alarm.GmsAlarmManager,<com.android.server.alarm.GmsAlarmManager: boolean isSCPMAvailable()>,early_return,[invoke] android.content.pm.PackageManager.resolveContentProvider(),38
com.google.android.gms,services,com.android.server.alarm.GmsAlarmManager,<com.android.server.alarm.GmsAlarmManager: void restoreGcmAlarm()>,early_return,"[invoke] com.android.server.alarm.AlarmManagerService.getAlarm() → [other] move-result-wide v1 → [other] add-long/2addr v1, v4 → [invoke] com.android.server.alarm.Alarm.setPolicyElapsed()",40
com.google.android.gms,services,com.android.server.alarm.GmsAlarmManager,<com.android.server.alarm.GmsAlarmManager: void setGMSLocationProviderChangeReceiverState(int)>,early_return;package_enable_disable,[invoke] android.content.ComponentName.<init>() → [reassigned] v1 overwritten,65
com.google.android.gms,services,com.android.server.alarm.GmsAlarmManager,<com.android.server.alarm.GmsAlarmManager: boolean skipGmsAlarms(android.app.PendingIntent)>,string_compare;early_return,[invoke] java.lang.String.equals(),60
com.google.android.gms,services,com.android.server.alarm.GmsAlarmManager,<com.android.server.alarm.GmsAlarmManager: java.util.ArrayList updateMultiUserGmsUid(int)>,,[invoke] android.content.pm.PackageManager.getPackageUidAsUser() → [other] move-result v1 → [invoke] java.lang.Integer.valueOf() → [invoke] java.lang.StringBuilder.append() → [reassigned] v1 overwritten,144
com.android.vending,services,com.android.server.alarm.GmsAlarmManager,<com.android.server.alarm.GmsAlarmManager: java.util.ArrayList updateMultiUserGmsUid(int)>,,[invoke] android.content.pm.PackageManager.getPackageUidAsUser() → [other] move-result v4 → [invoke] java.lang.StringBuilder.append(),144
com.google.android.configupdater,services,com.android.server.alarm.GmsAlarmManager,<com.android.server.alarm.GmsAlarmManager: java.util.ArrayList updateMultiUserGmsUid(int)>,,[invoke] android.content.pm.PackageManager.getPackageUidAsUser(),144
com.samsung.android.sm.policy,services,com.android.server.alarm.AppSyncInfo$SCPMHelper,<com.android.server.alarm.AppSyncInfo$SCPMHelper: boolean isSCPMAvailable()>,early_return,[invoke] android.content.pm.PackageManager.resolveContentProvider(),25
com.sec.dsm.system,services,com.android.server.alarm.AppSyncInfo$PackageList,<com.android.server.alarm.AppSyncInfo$PackageList: void loadAppSync3PlusBlockList()>,early_return,[invoke] com.android.server.alarm.AppSyncInfo$PackageList.add() → [reassigned] v0 overwritten,570
com.samsung.android.fmm,services,com.android.server.alarm.AppSyncInfo$PackageList,<com.android.server.alarm.AppSyncInfo$PackageList: void loadAppSync3PlusBlockList()>,early_return,[invoke] com.android.server.alarm.AppSyncInfo$PackageList.add() → [reassigned] v0 overwritten,570
ch.bitspin.timely,services,com.android.server.alarm.AppSyncInfo$PackageList,<com.android.server.alarm.AppSyncInfo$PackageList: void loadAppSync3PlusBlockList()>,early_return,[invoke] com.android.server.alarm.AppSyncInfo$PackageList.add() → [reassigned] v0 overwritten,570
com.nhn.android.nmap,services,com.android.server.alarm.AppSyncInfo$PackageList,<com.android.server.alarm.AppSyncInfo$PackageList: void loadAppSync3PlusBlockList()>,early_return,[invoke] com.android.server.alarm.AppSyncInfo$PackageList.add() → [reassigned] v0 overwritten,570
com.qihoo.security,services,com.android.server.alarm.AppSyncInfo$PackageList,<com.android.server.alarm.AppSyncInfo$PackageList: void loadAppSync3PlusBlockList()>,early_return,[invoke] com.android.server.alarm.AppSyncInfo$PackageList.add() → [reassigned] v0 overwritten,570
com.google.android.ims,services,com.android.server.alarm.AppSyncInfo$PackageList,<com.android.server.alarm.AppSyncInfo$PackageList: void loadAppSync3PlusBlockList()>,early_return,[invoke] com.android.server.alarm.AppSyncInfo$PackageList.add() → [reassigned] v0 overwritten,570
com.google.android.apps.messaging,services,com.android.server.alarm.AppSyncInfo$PackageList,<com.android.server.alarm.AppSyncInfo$PackageList: void loadAppSync3PlusBlockList()>,early_return,[invoke] com.android.server.alarm.AppSyncInfo$PackageList.add() → [reassigned] v0 overwritten,570
com.cequint.ecid,services,com.android.server.alarm.AppSyncInfo$PackageList,<com.android.server.alarm.AppSyncInfo$PackageList: void loadAppSync3PlusBlockList()>,early_return,"[invoke] com.android.server.alarm.AppSyncInfo$PackageList.add() → [other] const-string v0, ""com.pinsight.v1"" → [invoke] com.android.server.alarm.AppSyncInfo$PackageList.add()",570
com.audible.application,services,com.android.server.alarm.AppSyncInfo$PackageList,<com.android.server.alarm.AppSyncInfo$PackageList: void loadAppSync3PlusBlockList()>,early_return,[invoke] com.android.server.alarm.AppSyncInfo$PackageList.add() → [reassigned] v0 overwritten,570
com.imdb.mobile,services,com.android.server.alarm.AppSyncInfo$PackageList,<com.android.server.alarm.AppSyncInfo$PackageList: void loadAppSync3PlusBlockList()>,early_return,[invoke] com.android.server.alarm.AppSyncInfo$PackageList.add() → [reassigned] v0 overwritten,570
com.amazon.fv,services,com.android.server.alarm.AppSyncInfo$PackageList,<com.android.server.alarm.AppSyncInfo$PackageList: void loadAppSync3PlusBlockList()>,early_return,[invoke] com.android.server.alarm.AppSyncInfo$PackageList.add() → [reassigned] v0 overwritten,570
com.gotv.nflgamecenter.us.lite,services,com.android.server.alarm.AppSyncInfo$PackageList,<com.android.server.alarm.AppSyncInfo$PackageList: void loadAppSync3PlusBlockList()>,early_return,[invoke] com.android.server.alarm.AppSyncInfo$PackageList.add() → [reassigned] v0 overwritten,570
com.slacker.radio,services,com.android.server.alarm.AppSyncInfo$PackageList,<com.android.server.alarm.AppSyncInfo$PackageList: void loadAppSync3PlusBlockList()>,early_return,[invoke] com.android.server.alarm.AppSyncInfo$PackageList.add() → [reassigned] v0 overwritten,570
com.telecomsys.directedsms.android.SCG,services,com.android.server.alarm.AppSyncInfo$PackageList,<com.android.server.alarm.AppSyncInfo$PackageList: void loadAppSync3PlusBlockList()>,early_return,[invoke] com.android.server.alarm.AppSyncInfo$PackageList.add() → [reassigned] v0 overwritten,570
com.vznavigator.Generic,services,com.android.server.alarm.AppSyncInfo$PackageList,<com.android.server.alarm.AppSyncInfo$PackageList: void loadAppSync3PlusBlockList()>,early_return,[invoke] com.android.server.alarm.AppSyncInfo$PackageList.add() → [reassigned] v0 overwritten,570
com.vcast.mediamanager,services,com.android.server.alarm.AppSyncInfo$PackageList,<com.android.server.alarm.AppSyncInfo$PackageList: void loadAppSync3PlusBlockList()>,early_return,[invoke] com.android.server.alarm.AppSyncInfo$PackageList.add() → [reassigned] v0 overwritten,570
com.sec.android.app.cmas,services,com.android.server.alarm.AppSyncInfo$PackageList,<com.android.server.alarm.AppSyncInfo$PackageList: void loadAppSync3PlusBlockList()>,early_return,[invoke] com.android.server.alarm.AppSyncInfo$PackageList.add() → [reassigned] v0 overwritten,570
com.sec.android.app.setupwizard,services,com.android.server.alarm.AppSyncInfo$PackageList,<com.android.server.alarm.AppSyncInfo$PackageList: void loadAppSync3PlusBlockList()>,early_return,[invoke] com.android.server.alarm.AppSyncInfo$PackageList.add() → [reassigned] v0 overwritten,570
com.samsung.vvm,services,com.android.server.alarm.AppSyncInfo$PackageList,<com.android.server.alarm.AppSyncInfo$PackageList: void loadAppSync3PlusBlockList()>,early_return,[invoke] com.android.server.alarm.AppSyncInfo$PackageList.add() → [reassigned] v0 overwritten,570
com.samsung.carrier.logcollector,services,com.android.server.alarm.AppSyncInfo$PackageList,<com.android.server.alarm.AppSyncInfo$PackageList: void loadAppSync3PlusBlockList()>,early_return,[invoke] com.android.server.alarm.AppSyncInfo$PackageList.add() → [reassigned] v0 overwritten,570
com.samsung.sdm,services,com.android.server.alarm.AppSyncInfo$PackageList,<com.android.server.alarm.AppSyncInfo$PackageList: void loadAppSync3PlusBlockList()>,early_return,[invoke] com.android.server.alarm.AppSyncInfo$PackageList.add() → [reassigned] v0 overwritten,570
com.samsung.sdm.sdmviewer,services,com.android.server.alarm.AppSyncInfo$PackageList,<com.android.server.alarm.AppSyncInfo$PackageList: void loadAppSync3PlusBlockList()>,early_return,[invoke] com.android.server.alarm.AppSyncInfo$PackageList.add() → [reassigned] v0 overwritten,570
com.fusionone.android.sync.vzbuaclient,services,com.android.server.alarm.AppSyncInfo$PackageList,<com.android.server.alarm.AppSyncInfo$PackageList: void loadAppSync3PlusBlockList()>,early_return,[invoke] com.android.server.alarm.AppSyncInfo$PackageList.add() → [reassigned] v0 overwritten,570
com.welldoc.diabetesmanager,services,com.android.server.alarm.AppSyncInfo$PackageList,<com.android.server.alarm.AppSyncInfo$PackageList: void loadAppSync3PlusBlockList()>,early_return,[invoke] com.android.server.alarm.AppSyncInfo$PackageList.add() → [reassigned] v0 overwritten,570
deezer.android.app,services,com.android.server.alarm.AppSyncInfo$PackageList,<com.android.server.alarm.AppSyncInfo$PackageList: void loadAppSync3PlusBlockList()>,early_return,[invoke] com.android.server.alarm.AppSyncInfo$PackageList.add() → [reassigned] v0 overwritten,570
com.amazon.mShop.android,services,com.android.server.alarm.AppSyncInfo$PackageList,<com.android.server.alarm.AppSyncInfo$PackageList: void loadAppSync3PlusBlockList()>,early_return,[invoke] com.android.server.alarm.AppSyncInfo$PackageList.add() → [invoke] com.android.server.alarm.AppSyncInfo$PackageList.add() → [invoke] com.android.server.alarm.AppSyncInfo$PackageList.add(),570
com.amazon.avod.thirdpartyclient,services,com.android.server.alarm.AppSyncInfo$PackageList,<com.android.server.alarm.AppSyncInfo$PackageList: void loadAppSync3PlusBlockList()>,early_return,[invoke] com.android.server.alarm.AppSyncInfo$PackageList.add() → [reassigned] v0 overwritten,570
com.amazon.mp3,services,com.android.server.alarm.AppSyncInfo$PackageList,<com.android.server.alarm.AppSyncInfo$PackageList: void loadAppSync3PlusBlockList()>,early_return,[invoke] com.android.server.alarm.AppSyncInfo$PackageList.add() → [reassigned] v0 overwritten,570
com.amazon.clouddrive.photos,services,com.android.server.alarm.AppSyncInfo$PackageList,<com.android.server.alarm.AppSyncInfo$PackageList: void loadAppSync3PlusBlockList()>,early_return,[invoke] com.android.server.alarm.AppSyncInfo$PackageList.add() → [reassigned] v0 overwritten,570
com.boostmobile.boosttv,services,com.android.server.alarm.AppSyncInfo$PackageList,<com.android.server.alarm.AppSyncInfo$PackageList: void loadAppSync3PlusBlockList()>,early_return,[invoke] com.android.server.alarm.AppSyncInfo$PackageList.add() → [reassigned] v0 overwritten,570
com.coremobility.app.vnotes,services,com.android.server.alarm.AppSyncInfo$PackageList,<com.android.server.alarm.AppSyncInfo$PackageList: void loadAppSync3PlusBlockList()>,early_return,[invoke] com.android.server.alarm.AppSyncInfo$PackageList.add() → [reassigned] v0 overwritten,570
com.ebay.mobile,services,com.android.server.alarm.AppSyncInfo$PackageList,<com.android.server.alarm.AppSyncInfo$PackageList: void loadAppSync3PlusBlockList()>,early_return,[invoke] com.android.server.alarm.AppSyncInfo$PackageList.add() → [reassigned] v0 overwritten,570
com.familyandco.framilywall,services,com.android.server.alarm.AppSyncInfo$PackageList,<com.android.server.alarm.AppSyncInfo$PackageList: void loadAppSync3PlusBlockList()>,early_return,[invoke] com.android.server.alarm.AppSyncInfo$PackageList.add() → [reassigned] v0 overwritten,570
com.handmark.expressweather,services,com.android.server.alarm.AppSyncInfo$PackageList,<com.android.server.alarm.AppSyncInfo$PackageList: void loadAppSync3PlusBlockList()>,early_return,[invoke] com.android.server.alarm.AppSyncInfo$PackageList.add() → [reassigned] v0 overwritten,570
com.livewiremobile.musicstore.boost,services,com.android.server.alarm.AppSyncInfo$PackageList,<com.android.server.alarm.AppSyncInfo$PackageList: void loadAppSync3PlusBlockList()>,early_return,[invoke] com.android.server.alarm.AppSyncInfo$PackageList.add() → [reassigned] v0 overwritten,570
com.nascar.nascarmobile,services,com.android.server.alarm.AppSyncInfo$PackageList,<com.android.server.alarm.AppSyncInfo$PackageList: void loadAppSync3PlusBlockList()>,early_return,[invoke] com.android.server.alarm.AppSyncInfo$PackageList.add() → [reassigned] v0 overwritten,570
com.nbadigital.gametimelite,services,com.android.server.alarm.AppSyncInfo$PackageList,<com.android.server.alarm.AppSyncInfo$PackageList: void loadAppSync3PlusBlockList()>,early_return,[invoke] com.android.server.alarm.AppSyncInfo$PackageList.add() → [reassigned] v0 overwritten,570
com.nextradioapp.nextradio,services,com.android.server.alarm.AppSyncInfo$PackageList,<com.android.server.alarm.AppSyncInfo$PackageList: void loadAppSync3PlusBlockList()>,early_return,[invoke] com.android.server.alarm.AppSyncInfo$PackageList.add() → [reassigned] v0 overwritten,570
com.spotify.music,services,com.android.server.alarm.AppSyncInfo$PackageList,<com.android.server.alarm.AppSyncInfo$PackageList: void loadAppSync3PlusBlockList()>,early_return,[invoke] com.android.server.alarm.AppSyncInfo$PackageList.add() → [reassigned] v0 overwritten,570
com.telenav.app.android.scout_us,services,com.android.server.alarm.AppSyncInfo$PackageList,<com.android.server.alarm.AppSyncInfo$PackageList: void loadAppSync3PlusBlockList()>,early_return,[invoke] com.android.server.alarm.AppSyncInfo$PackageList.add() → [reassigned] v0 overwritten,570
msgplus.jibe.sca,services,com.android.server.alarm.AppSyncInfo$PackageList,<com.android.server.alarm.AppSyncInfo$PackageList: void loadAppSync3PlusBlockList()>,early_return,[invoke] com.android.server.alarm.AppSyncInfo$PackageList.add() → [reassigned] v0 overwritten,570
com.privacystar.android.spg,services,com.android.server.alarm.AppSyncInfo$PackageList,<com.android.server.alarm.AppSyncInfo$PackageList: void loadAppSync3PlusBlockList()>,early_return,[invoke] com.android.server.alarm.AppSyncInfo$PackageList.add() → [reassigned] v0 overwritten,570
com.livewiremobile.musicstore.vmu,services,com.android.server.alarm.AppSyncInfo$PackageList,<com.android.server.alarm.AppSyncInfo$PackageList: void loadAppSync3PlusBlockList()>,early_return,[invoke] com.android.server.alarm.AppSyncInfo$PackageList.add() → [reassigned] v0 overwritten,570
com.tmobile.pr.adapt,services,com.android.server.alarm.AppSyncInfo$PackageList,<com.android.server.alarm.AppSyncInfo$PackageList: void loadAppSync3PlusBlockList()>,early_return,[invoke] com.android.server.alarm.AppSyncInfo$PackageList.add() → [reassigned] v0 overwritten,570
com.mobileposse.client,services,com.android.server.alarm.AppSyncInfo$PackageList,<com.android.server.alarm.AppSyncInfo$PackageList: void loadAppSync3PlusBlockList()>,early_return,[invoke] com.android.server.alarm.AppSyncInfo$PackageList.add() → [reassigned] v0 overwritten,570
com.sec.tetheringprovision,services,com.android.server.alarm.AppSyncInfo$PackageList,<com.android.server.alarm.AppSyncInfo$PackageList: void loadAppSync3PlusBlockList()>,early_return,[invoke] com.android.server.alarm.AppSyncInfo$PackageList.add() → [reassigned] v0 overwritten,570
com.zed.TrdWapLauncher,services,com.android.server.alarm.AppSyncInfo$PackageList,<com.android.server.alarm.AppSyncInfo$PackageList: void loadAppSync3PlusBlockList()>,early_return,[invoke] com.android.server.alarm.AppSyncInfo$PackageList.add() → [reassigned] v0 overwritten,570
com.amazon.windowshop,services,com.android.server.alarm.AppSyncInfo$PackageList,<com.android.server.alarm.AppSyncInfo$PackageList: void loadAppSync3PlusBlockList()>,early_return,"[invoke] com.android.server.alarm.AppSyncInfo$PackageList.add() → [other] sget-boolean v0, Lcom/android/server/alarm/AppSyncInfo$Sales → [branch] if-eqz v0, :cond_22f → [reassigned] v0 overwritten",570
com.rsupport.rs.activity.ntt,services,com.android.server.alarm.AppSyncInfo$PackageList,<com.android.server.alarm.AppSyncInfo$PackageList: void loadAppSync3PlusBlockList()>,early_return,[invoke] com.android.server.alarm.AppSyncInfo$PackageList.add() → [reassigned] v0 overwritten,570
com.mcafee.vsm_android_dcm,services,com.android.server.alarm.AppSyncInfo$PackageList,<com.android.server.alarm.AppSyncInfo$PackageList: void loadAppSync3PlusBlockList()>,early_return,[invoke] com.android.server.alarm.AppSyncInfo$PackageList.add() → [reassigned] v0 overwritten,570
jp.id_credit_sp.android,services,com.android.server.alarm.AppSyncInfo$PackageList,<com.android.server.alarm.AppSyncInfo$PackageList: void loadAppSync3PlusBlockList()>,early_return,"[invoke] com.android.server.alarm.AppSyncInfo$PackageList.add() → [other] const-string/jumbo v0, ""jp.dmapnavi.navi02"" → [invoke] com.android.server.alarm.AppSyncInfo$PackageList.add() → [other] const-string/jumbo v0, ""jp.co.mcdonalds.android"" → [invoke] com.android.server.alarm.AppSyncInfo$PackageList.add()",570
jp.dmapnavi.navi02,services,com.android.server.alarm.AppSyncInfo$PackageList,<com.android.server.alarm.AppSyncInfo$PackageList: void loadAppSync3PlusBlockList()>,early_return,"[invoke] com.android.server.alarm.AppSyncInfo$PackageList.add() → [other] const-string/jumbo v0, ""jp.co.mcdonalds.android"" → [invoke] com.android.server.alarm.AppSyncInfo$PackageList.add() → [other] const-string/jumbo v0, ""jp.co.lawson.activity"" → [invoke] com.android.server.alarm.AppSyncInfo$PackageList.add()",570
jp.co.mcdonalds.android,services,com.android.server.alarm.AppSyncInfo$PackageList,<com.android.server.alarm.AppSyncInfo$PackageList: void loadAppSync3PlusBlockList()>,early_return,"[invoke] com.android.server.alarm.AppSyncInfo$PackageList.add() → [other] const-string/jumbo v0, ""jp.co.lawson.activity"" → [invoke] com.android.server.alarm.AppSyncInfo$PackageList.add() → [other] const-string/jumbo v0, ""jp.co.omronsoft.android.decoemojiman → [invoke] com.android.server.alarm.AppSyncInfo$PackageList.add()",570
jp.co.lawson.activity,services,com.android.server.alarm.AppSyncInfo$PackageList,<com.android.server.alarm.AppSyncInfo$PackageList: void loadAppSync3PlusBlockList()>,early_return,"[invoke] com.android.server.alarm.AppSyncInfo$PackageList.add() → [other] const-string/jumbo v0, ""jp.co.omronsoft.android.decoemojiman → [invoke] com.android.server.alarm.AppSyncInfo$PackageList.add() → [other] const-string/jumbo v0, ""org.simalliance.openmobileapi.servic → [invoke] com.android.server.alarm.AppSyncInfo$PackageList.add()",570
org.simalliance.openmobileapi.service,services,com.android.server.alarm.AppSyncInfo$PackageList,<com.android.server.alarm.AppSyncInfo$PackageList: void loadAppSync3PlusBlockList()>,early_return,[invoke] com.android.server.alarm.AppSyncInfo$PackageList.add(),570
com.android.email,services,com.android.server.alarm.AppSyncInfo$PackageList,<com.android.server.alarm.AppSyncInfo$PackageList: void loadAppSyncBlockList()>,early_return,[invoke] com.android.server.alarm.AppSyncInfo$PackageList.add() → [reassigned] v0 overwritten,91
com.samsung.android.email.sync,services,com.android.server.alarm.AppSyncInfo$PackageList,<com.android.server.alarm.AppSyncInfo$PackageList: void loadAppSyncBlockList()>,early_return,[invoke] com.android.server.alarm.AppSyncInfo$PackageList.add() → [reassigned] v0 overwritten,91
com.sec.epdg,services,com.android.server.alarm.AppSyncInfo$PackageList,<com.android.server.alarm.AppSyncInfo$PackageList: void loadAppSyncBlockList()>,early_return,[invoke] com.android.server.alarm.AppSyncInfo$PackageList.add() → [reassigned] v0 overwritten,91
com.samsung.android.themecenter,services,com.android.server.alarm.AppSyncInfo$PackageList,<com.android.server.alarm.AppSyncInfo$PackageList: void loadAppSyncBlockList()>,early_return,[invoke] com.android.server.alarm.AppSyncInfo$PackageList.add() → [reassigned] v0 overwritten,91
com.iloen.melon,services,com.android.server.alarm.AppSyncInfo$PackageList,<com.android.server.alarm.AppSyncInfo$PackageList: void loadAppSyncBlockList()>,early_return,[invoke] com.android.server.alarm.AppSyncInfo$PackageList.add() → [reassigned] v0 overwritten,91
com.iloen.melon.tablet,services,com.android.server.alarm.AppSyncInfo$PackageList,<com.android.server.alarm.AppSyncInfo$PackageList: void loadAppSyncBlockList()>,early_return,[invoke] com.android.server.alarm.AppSyncInfo$PackageList.add() → [reassigned] v0 overwritten,91
com.android.incallui,services,com.android.server.alarm.AppSyncInfo$PackageList,<com.android.server.alarm.AppSyncInfo$PackageList: void loadAppSyncBlockList()>,early_return,[invoke] com.android.server.alarm.AppSyncInfo$PackageList.add() → [reassigned] v0 overwritten,91
com.tencent.mobileqq,services,com.android.server.alarm.AppSyncInfo$PackageList,<com.android.server.alarm.AppSyncInfo$PackageList: void loadChnAllowlist()>,early_return,[invoke] com.android.server.alarm.AppSyncInfo$PackageList.add() → [reassigned] v0 overwritten,35
com.eg.android.AlipayGphone,services,com.android.server.alarm.AppSyncInfo$PackageList,<com.android.server.alarm.AppSyncInfo$PackageList: void loadChnAllowlist()>,early_return,[invoke] com.android.server.alarm.AppSyncInfo$PackageList.add() → [reassigned] v0 overwritten,35
com.alibaba.android.rimet,services,com.android.server.alarm.AppSyncInfo$PackageList,<com.android.server.alarm.AppSyncInfo$PackageList: void loadChnAllowlist()>,early_return,[invoke] com.android.server.alarm.AppSyncInfo$PackageList.add() → [reassigned] v0 overwritten,35
com.baidu.map.location,services,com.android.server.alarm.AppSyncInfo$PackageList,<com.android.server.alarm.AppSyncInfo$PackageList: void loadChnAllowlist()>,early_return,[invoke] com.android.server.alarm.AppSyncInfo$PackageList.add() → [reassigned] v0 overwritten,35
com.sec.spp.push,services,com.android.server.alarm.AppSyncInfo,<com.android.server.alarm.AppSyncInfo: void <init>(android.content.Context)>,early_return,[invoke] java.util.ArrayList.add() → [reassigned] p1 overwritten,605
com.sec.chaton,services,com.android.server.alarm.AppSyncInfo,<com.android.server.alarm.AppSyncInfo: void <init>(android.content.Context)>,early_return,[invoke] java.util.ArrayList.add() → [reassigned] p1 overwritten,605
com.facebook.katana,services,com.android.server.alarm.AppSyncInfo,<com.android.server.alarm.AppSyncInfo: void <init>(android.content.Context)>,early_return,[invoke] java.util.ArrayList.add() → [reassigned] p1 overwritten,605
com.twitter.android,services,com.android.server.alarm.AppSyncInfo,<com.android.server.alarm.AppSyncInfo: void <init>(android.content.Context)>,early_return,[invoke] java.util.ArrayList.add() → [reassigned] p1 overwritten,605
com.facebook.orca,services,com.android.server.alarm.AppSyncInfo,<com.android.server.alarm.AppSyncInfo: void <init>(android.content.Context)>,early_return,[invoke] java.util.ArrayList.add() → [reassigned] p1 overwritten,605
com.kakao.talk,services,com.android.server.alarm.AppSyncInfo,<com.android.server.alarm.AppSyncInfo: void <init>(android.content.Context)>,early_return,[invoke] java.util.ArrayList.add() → [reassigned] p1 overwritten,605
com.google.android.apps.plus,services,com.android.server.alarm.AppSyncInfo,<com.android.server.alarm.AppSyncInfo: void <init>(android.content.Context)>,early_return,[invoke] java.util.ArrayList.add() → [reassigned] p1 overwritten,605
com.mobilesrepublic.appygeek,services,com.android.server.alarm.AppSyncInfo,<com.android.server.alarm.AppSyncInfo: void <init>(android.content.Context)>,early_return,"[invoke] java.util.ArrayList.add() → [other] const-string/jumbo p1, ""mnn.Android"" → [invoke] java.util.ArrayList.add() → [reassigned] p1 overwritten",605
com.google.android.apps.maps,services,com.android.server.alarm.AppSyncInfo,<com.android.server.alarm.AppSyncInfo: void <init>(android.content.Context)>,early_return,[invoke] java.util.ArrayList.add() → [reassigned] p1 overwritten,605
com.samsung.location,services,com.android.server.alarm.AppSyncInfo,<com.android.server.alarm.AppSyncInfo: void <init>(android.content.Context)>,early_return,"[invoke] java.util.ArrayList.add() → [other] move-result v0 → [branch] if-eqz v0, :cond_187 → [reassigned] v0 overwritten",605
com.facebook.services,services,com.android.server.alarm.AppSyncInfo,<com.android.server.alarm.AppSyncInfo: void <init>(android.content.Context)>,early_return,[invoke] java.util.Set.add() → [reassigned] v0 overwritten,605
com.facebook.katana,services,com.android.server.alarm.AppSyncInfo,<com.android.server.alarm.AppSyncInfo: void <init>(android.content.Context)>,early_return,[invoke] java.util.Set.add() → [reassigned] v0 overwritten,605
com.facebook.orca,services,com.android.server.alarm.AppSyncInfo,<com.android.server.alarm.AppSyncInfo: void <init>(android.content.Context)>,early_return,[invoke] java.util.Set.add() → [reassigned] v0 overwritten,605
com.facebook.pages.app,services,com.android.server.alarm.AppSyncInfo,<com.android.server.alarm.AppSyncInfo: void <init>(android.content.Context)>,early_return,[invoke] java.util.Set.add() → [reassigned] v0 overwritten,605
com.facebook.appmanager,services,com.android.server.alarm.AppSyncInfo,<com.android.server.alarm.AppSyncInfo: void <init>(android.content.Context)>,early_return,[invoke] java.util.Set.add() → [reassigned] v0 overwritten,605
com.facebook.system,services,com.android.server.alarm.AppSyncInfo,<com.android.server.alarm.AppSyncInfo: void <init>(android.content.Context)>,early_return,[invoke] java.util.Set.add() → [reassigned] v0 overwritten,605
com.instagram.android,services,com.android.server.alarm.AppSyncInfo,<com.android.server.alarm.AppSyncInfo: void <init>(android.content.Context)>,early_return,[invoke] java.util.Set.add() → [reassigned] v0 overwritten,605
com.skype.raider,services,com.android.server.alarm.AppSyncInfo,<com.android.server.alarm.AppSyncInfo: void <init>(android.content.Context)>,early_return,[invoke] java.util.Set.add() → [reassigned] v0 overwritten,605
com.microsoft.skydrive,services,com.android.server.alarm.AppSyncInfo,<com.android.server.alarm.AppSyncInfo: void <init>(android.content.Context)>,early_return,[invoke] java.util.Set.add(),605
com.samsung.android.opencalendar,services,com.android.server.alarm.AppSyncInfo,<com.android.server.alarm.AppSyncInfo: void <init>(android.content.Context)>,early_return,[invoke] java.util.Set.add(),605
com.sec.android.easyMover,services,com.android.server.backup.UserBackupManagerService,"<com.android.server.backup.UserBackupManagerService: void <init>(int,android.content.Context,com.android.server.backup.BackupManagerService,android.os.HandlerThread,java.io.File,java.io.File,com.android.server.backup.TransportManager)>",early_return,"[other] filled-new-array/range {v14 .. v20}, [Ljava/lang/String; → [reassigned] v14 overwritten",664
com.sec.android.Kies,services,com.android.server.backup.UserBackupManagerService,"<com.android.server.backup.UserBackupManagerService: void <init>(int,android.content.Context,com.android.server.backup.BackupManagerService,android.os.HandlerThread,java.io.File,java.io.File,com.android.server.backup.TransportManager)>",early_return,[reassigned] v15 overwritten,664
com.samsung.android.da.daagent,services,com.android.server.backup.UserBackupManagerService,"<com.android.server.backup.UserBackupManagerService: void <init>(int,android.content.Context,com.android.server.backup.BackupManagerService,android.os.HandlerThread,java.io.File,java.io.File,com.android.server.backup.TransportManager)>",early_return,[reassigned] v16 overwritten,664
com.samsung.memorysaver,services,com.android.server.backup.UserBackupManagerService,"<com.android.server.backup.UserBackupManagerService: void <init>(int,android.content.Context,com.android.server.backup.BackupManagerService,android.os.HandlerThread,java.io.File,java.io.File,com.android.server.backup.TransportManager)>",early_return,,664
com.samsung.knox.bnr,services,com.android.server.backup.UserBackupManagerService,"<com.android.server.backup.UserBackupManagerService: void <init>(int,android.content.Context,com.android.server.backup.BackupManagerService,android.os.HandlerThread,java.io.File,java.io.File,com.android.server.backup.TransportManager)>",early_return,,664
com.samsung.knox.securefolder,services,com.android.server.backup.UserBackupManagerService,"<com.android.server.backup.UserBackupManagerService: void <init>(int,android.content.Context,com.android.server.backup.BackupManagerService,android.os.HandlerThread,java.io.File,java.io.File,com.android.server.backup.TransportManager)>",early_return,,664
com.sec.android.easyMover,services,com.android.server.backup.UserBackupManagerService,"<com.android.server.backup.UserBackupManagerService: void <init>(android.content.Context,android.content.pm.PackageManager,com.android.server.backup.internal.LifecycleOperationStorage)>",early_return,"[other] filled-new-array/range {v2 .. v8}, [Ljava/lang/String; → [other] const-wide/16 v2, 0x0 → [other] iput-wide v2, p0, Lcom/android/server/backup/UserBackupManag → [other] iput-wide v2, p0, Lcom/android/server/backup/UserBackupManag → [other] iput-wide v2, p0, Lcom/android/server/backup/UserBackupManag",246
com.sec.android.Kies,services,com.android.server.backup.UserBackupManagerService,"<com.android.server.backup.UserBackupManagerService: void <init>(android.content.Context,android.content.pm.PackageManager,com.android.server.backup.internal.LifecycleOperationStorage)>",early_return,,246
com.samsung.android.da.daagent,services,com.android.server.backup.UserBackupManagerService,"<com.android.server.backup.UserBackupManagerService: void <init>(android.content.Context,android.content.pm.PackageManager,com.android.server.backup.internal.LifecycleOperationStorage)>",early_return,[reassigned] v4 overwritten,246
com.samsung.memorysaver,services,com.android.server.backup.UserBackupManagerService,"<com.android.server.backup.UserBackupManagerService: void <init>(android.content.Context,android.content.pm.PackageManager,com.android.server.backup.internal.LifecycleOperationStorage)>",early_return,,246
com.samsung.knox.bnr,services,com.android.server.backup.UserBackupManagerService,"<com.android.server.backup.UserBackupManagerService: void <init>(android.content.Context,android.content.pm.PackageManager,com.android.server.backup.internal.LifecycleOperationStorage)>",early_return,,246
com.samsung.knox.securefolder,services,com.android.server.backup.UserBackupManagerService,"<com.android.server.backup.UserBackupManagerService: void <init>(android.content.Context,android.content.pm.PackageManager,com.android.server.backup.internal.LifecycleOperationStorage)>",early_return,,246
com.android.wallpaperbackup,services,com.android.server.backup.UserBackupManagerService,<com.android.server.backup.UserBackupManagerService: boolean shouldSkipPackage(java.lang.String)>,string_compare;early_return,[invoke] java.lang.String.equals() → [other] move-result p0 → [other] return p0,14
com.android.backupconfirm,services,com.android.server.backup.UserBackupManagerService,"<com.android.server.backup.UserBackupManagerService: boolean startConfirmationUi(int,java.lang.String)>",early_return,[invoke] android.content.Intent.setClassName() → [reassigned] p2 overwritten,44
com.android.backupconfirm,services,com.android.server.backup.UserBackupManagerService,<com.android.server.backup.UserBackupManagerService: void tearDownAgentAndKill(android.content.pm.ApplicationInfo)>,string_compare;early_return,"[invoke] java.lang.String.equals() → [other] iget-object v1, p1, Landroid/content/pm/ApplicationInfo;->pr → [invoke] android.app.IActivityManager.killApplicationProcess()",65
com.android.sharedstoragebackup,services,com.android.server.backup.utils.TarBackupReader,<com.android.server.backup.utils.TarBackupReader: com.android.server.backup.FileMetadata readTarHeaders()>,string_compare,"[field_store] com.android.server.backup.FileMetadata.packageName → [other] const-string/jumbo p0, ""shared"" → [field_store] com.android.server.backup.FileMetadata.domain → [other] new-instance p0, Ljava/lang/StringBuilder; → [invoke] java.lang.StringBuilder.<init>()",496
com.android.sharedstoragebackup,services,com.android.server.backup.utils.BackupEligibilityRules,<com.android.server.backup.utils.BackupEligibilityRules: boolean appIsEligibleForBackup(android.content.pm.ApplicationInfo)>,allowlist_check;string_compare;early_return,[invoke] java.lang.String.equals(),86
com.android.sharedstoragebackup,services,com.android.server.backup.fullbackup.FullBackupEngine$FullBackupRunner,<com.android.server.backup.fullbackup.FullBackupEngine$FullBackupRunner: void run()>,string_compare;early_return,"[invoke] java.lang.String.equals() → [other] move-result v3 → [invoke] com.android.server.backup.fullbackup.FullBackupEngine$FullBa → [branch] if-nez v3, :cond_5f → [branch] if-eqz v3, :cond_8e",400
com.android.sharedstoragebackup,services,com.android.server.backup.fullbackup.PerformAdbBackupTask,<com.android.server.backup.fullbackup.PerformAdbBackupTask: void run()>,string_compare;early_return,[invoke] android.content.pm.PackageManager.getPackageInfo() → [reassigned] v1 overwritten,2118
com.android.sharedstoragebackup,services,com.android.server.backup.fullbackup.PerformAdbBackupTask,<com.android.server.backup.fullbackup.PerformAdbBackupTask: void run()>,string_compare;early_return,"[invoke] java.lang.String.equals() → [other] iget-object v2, v15, Lcom/android/server/backup/fullbackup/P → [reassigned] v2 overwritten",2118
com.android.sharedstoragebackup,services,com.android.server.backup.fullbackup.FullBackupObbConnection,<com.android.server.backup.fullbackup.FullBackupObbConnection: void establish()>,early_return,"[invoke] android.content.ComponentName.<init>() → [other] sget-object v2, Landroid/os/UserHandle;->SYSTEM:Landroid/os/ → [invoke] android.content.Context.bindServiceAsUser()",35
com.android.providers.settings,services,com.android.server.backup.restore.PerformUnifiedRestoreTask,"<com.android.server.backup.restore.PerformUnifiedRestoreTask: void <init>(com.android.server.backup.UserBackupManagerService,com.android.server.backup.OperationStorage,com.android.server.backup.transport.TransportConnection,android.app.backup.IRestoreObserver,android.app.backup.IBackupManagerMonitor,long,android.content.pm.PackageInfo,int,boolean,java.lang.String[],com.android.server.backup.internal.OnTaskFinishedListener,com.android.server.backup.utils.BackupEligibilityRules)>",string_compare;early_return,"[invoke] java.lang.String.equals() → [other] move-result p7 → [branch] if-eqz p7, :cond_b3 → [invoke] android.content.pm.PackageManager.getPackageInfoAsUser()",304
com.android.sharedstoragebackup,services,com.android.server.backup.restore.FullRestoreEngine,"<com.android.server.backup.restore.FullRestoreEngine: boolean restoreOneFile(java.io.InputStream,boolean,byte[],android.content.pm.PackageInfo,boolean,int,android.app.backup.IBackupManagerMonitor)>",allowlist_check;string_compare;early_return,"[invoke] java.lang.String.equals() → [other] move-result v7 → [branch] if-eqz v7, :cond_393 → [other] iget-object v7, v1, Lcom/android/server/backup/restore/FullR → [invoke] com.android.server.backup.BackupAgentTimeoutParameters.getSh",2263
com.samsung.android.accessibility.talkback,services,com.android.server.accessibility.AccessibilityManagerService,<com.android.server.accessibility.AccessibilityManagerService: void changeAccessibilityComponentNameIfNeed()>,early_return,[invoke] com.android.server.accessibility.AccessibilityManagerService → [reassigned] v1 overwritten,218
com.samsung.accessibility,services,com.android.server.accessibility.AccessibilityManagerService,<com.android.server.accessibility.AccessibilityManagerService: void sendComponentForUpdateProfile(java.lang.String)>,early_return,[invoke] android.content.Intent.setClassName() → [reassigned] v1 overwritten,55
com.samsung.android.accessibility.talkback,services,com.android.server.accessibility.AccessibilityManagerService,<com.android.server.accessibility.AccessibilityManagerService: void setScreenReaderEnabled(boolean)>,early_return,[invoke] com.android.server.accessibility.AccessibilityManagerService,66
com.samsung.accessibility,services,com.android.server.accessibility.AccessibilityManagerService$FlashNoti,"<com.android.server.accessibility.AccessibilityManagerService$FlashNoti: void <init>(com.android.server.accessibility.AccessibilityManagerService,android.os.IBinder,int,java.lang.String,java.lang.String,int)>",string_compare;early_return,"[invoke] java.lang.String.equals() → [other] move-result p1 → [branch] if-eqz p1, :cond_19 → [other] iget p1, p0, Lcom/android/server/accessibility/Accessibility → [other] and-int/lit8 p1, p1, 0x4",100
com.samsung.android.providers.context,services,com.android.server.accessibility.GestureWakeup,"<com.android.server.accessibility.GestureWakeup: void insertLog(android.content.Context,java.lang.String,java.lang.String)>",early_return,[invoke] android.content.Intent.setPackage(),57
com.samsung.android.app.airwakeupview,services,com.android.server.accessibility.GestureWakeup,<com.android.server.accessibility.GestureWakeup: void launchGestureWakeup()>,early_return,[invoke] com.android.server.accessibility.GestureWakeup.insertLog() → [invoke] android.util.Log.d(),171
com.android.systemui,services,com.android.server.accessibility.autoaction.actiontype.NavigationBarAction,<com.android.server.accessibility.autoaction.actiontype.NavigationBarAction: void performCornerAction(int)>,string_compare;early_return,[invoke] android.content.Intent.setPackage(),220
com.samsung.android.messaging,services,com.android.server.accessibility.autoaction.actiontype.Zoom,<com.android.server.accessibility.autoaction.actiontype.Zoom: void performCornerAction(int)>,string_compare;early_return,"[invoke] java.lang.String.equals() → [other] move-result v1 → [branch] if-nez v1, :cond_3c → [reassigned] v1 overwritten",105
com.sec.android.app.launcher,services,com.android.server.accessibility.autoaction.actiontype.Zoom,<com.android.server.accessibility.autoaction.actiontype.Zoom: void performCornerAction(int)>,string_compare;early_return,"[invoke] java.lang.String.equals() → [other] new-instance v1, Lcom/android/server/accessibility/autoactio → [other] move-object v2, v1 → [invoke] java.lang.Thread.<init>()",105
com.samsung.android.messaging,services,com.android.server.accessibility.autoaction.actiontype.Zoom,"<com.android.server.accessibility.autoaction.actiontype.Zoom: void zoom(int,int,float,int)>",string_compare;early_return,"[invoke] java.lang.String.equals() → [other] move v3, p2 → [other] move v3, p2",201
com.samsung.android.bixby.agent,services,com.android.server.accessibility.autoaction.actiontype.TalkToBixby,<com.android.server.accessibility.autoaction.actiontype.TalkToBixby: void performCornerAction(int)>,early_return,"[invoke] android.content.ComponentName.<init>() → [other] new-instance v1, Landroid/os/UserHandle; → [invoke] android.os.UserHandle.<init>() → [invoke] android.content.Context.sendBroadcastAsUser()",76
com.android.companiondevicemanager,services,com.android.server.companion.AssociationRequestsProcessor,<com.android.server.companion.AssociationRequestsProcessor: void <clinit>()>,early_return,[invoke] android.content.ComponentName.createRelative() → [reassigned] v0 overwritten,16
com.sec.smartcard.manager,services,com.samsung.ucm.ucmservice.PolicyManager,<com.samsung.ucm.ucmservice.PolicyManager: void <init>(android.content.Context)>,early_return,"[other] filled-new-array {v1, v2}, [Ljava/lang/String; → [reassigned] v1 overwritten",35
com.samsung.ucs.agent.boot,services,com.samsung.ucm.ucmservice.PolicyManager,<com.samsung.ucm.ucmservice.PolicyManager: void <init>(android.content.Context)>,early_return,"[other] filled-new-array {v1, v2}, [Ljava/lang/String;",35
com.samsung.ucs.agent.boot,services,com.samsung.ucm.ucmservice.UcmAgentWrapper$2,"<com.samsung.ucm.ucmservice.UcmAgentWrapper$2: void onServiceConnected(android.content.ComponentName,android.os.IBinder)>",string_compare;early_return,"[invoke] java.lang.String.equals() → [other] move-result p2 → [branch] if-ne p2, v1, :cond_6c → [other] new-instance p2, Ljava/lang/StringBuilder; → [invoke] java.lang.StringBuilder.<init>()",221
com.samsung.ucs.agent.ese,services,com.samsung.ucm.ucmservice.UcmServiceAgentManager,<com.samsung.ucm.ucmservice.UcmServiceAgentManager: boolean isEseManaged()>,early_return,[invoke] android.content.ContentValues.put(),127
com.samsung.ucs.agent.ese,services,com.samsung.ucm.ucmservice.UcmServiceAgentManager,<com.samsung.ucm.ucmservice.UcmServiceAgentManager: boolean isSystemStorage(java.lang.String)>,string_compare;early_return,"[invoke] java.lang.String.equals() → [other] move-result p0 → [branch] if-nez p0, :cond_13 → [reassigned] p0 overwritten",34
com.samsung.ucs.agent.boot,services,com.samsung.ucm.ucmservice.UcmServiceAgentManager,<com.samsung.ucm.ucmservice.UcmServiceAgentManager: boolean isSystemStorage(java.lang.String)>,string_compare;early_return,"[invoke] java.lang.String.equals() → [other] move-result p0 → [branch] if-eqz p0, :cond_11 → [reassigned] p0 overwritten",34
com.samsung.ucs.agent.ese,services,com.samsung.ucm.ucmservice.UcmServiceAgentManager,"<com.samsung.ucm.ucmservice.UcmServiceAgentManager: void refreshAgentListInternal(android.util.ArraySet,android.os.Bundle)>",allowlist_check;string_compare;early_return,"[invoke] java.lang.String.equals() → [other] move-result v12 → [branch] if-eqz v12, :cond_151 → [other] iget-boolean v12, v1, Lcom/samsung/ucm/ucmservice/UcmService → [branch] if-nez v12, :cond_151",619
com.skms.android.agent,services,com.samsung.ucm.ucmservice.CredentialManagerService,<com.samsung.ucm.ucmservice.CredentialManagerService: void lambda$runLccmScript$0()>,early_return,[invoke] android.content.Intent.setPackage() → [reassigned] v2 overwritten,114
com.android.settings,services,com.samsung.ucm.ucmservice.CredentialManagerService,"<com.samsung.ucm.ucmservice.CredentialManagerService: void enforceLockType(int,java.lang.String)>",early_return,"[invoke] android.content.Intent.setClassName() → [other] new-instance v2, Ljava/lang/StringBuilder; → [invoke] java.lang.StringBuilder.<init>() → [invoke] java.lang.StringBuilder.append() → [invoke] java.lang.StringBuilder.append()",137
com.samsung.ucs.agent.ese,services,com.samsung.ucm.ucmservice.CredentialManagerService,<com.samsung.ucm.ucmservice.CredentialManagerService: void registerPackageReceiver()>,string_compare;early_return,[invoke] java.lang.String.equals(),81
com.samsung.knox.kss,services,com.samsung.ucm.ucmservice.CredentialManagerService,"<com.samsung.ucm.ucmservice.CredentialManagerService: void sendStateChangeBroadcast(int,java.lang.String)>",early_return,"[invoke] android.content.ComponentName.<init>() → [other] new-instance v3, Landroid/os/UserHandle; → [invoke] android.os.UserHandle.<init>() → [invoke] android.content.Context.sendBroadcastAsUser()",172
com.samsung.ucs.agent.boot,services,com.samsung.ucm.ucmservice.UcmAgentWrapper,"<com.samsung.ucm.ucmservice.UcmAgentWrapper: void initialize(android.content.pm.ResolveInfo,android.os.UserHandle)>",string_compare;early_return,[invoke] java.lang.String.equals(),136
com.samsung.android.wallpaper.res,services,com.samsung.server.wallpaper.DefaultWallpaper,<com.samsung.server.wallpaper.DefaultWallpaper: android.graphics.Bitmap getDefaultWallpaperBitmap(int)>,,"[invoke] android.content.Context.createPackageContext() → [invoke] android.content.res.Resources.getIdentifier() → [other] move-result v0 → [invoke] java.lang.StringBuilder.append() → [other] if-lez v0, :cond_50",126
com.sec.android.app.desktoplauncher,services,com.samsung.server.wallpaper.DefaultWallpaper,"<com.samsung.server.wallpaper.DefaultWallpaper: void updateTransparencySettingIfNeed(java.lang.String,int,boolean)>",string_compare;early_return,[invoke] java.lang.String.equals() → [reassigned] v0 overwritten,86
com.samsung.android.themecenter,services,com.samsung.server.wallpaper.DefaultWallpaper,"<com.samsung.server.wallpaper.DefaultWallpaper: void updateTransparencySettingIfNeed(java.lang.String,int,boolean)>",string_compare;early_return,"[invoke] java.lang.String.equals() → [other] move-result v0 → [branch] if-eq v0, v1, :cond_2a → [other] const-string/jumbo v0, ""service.odtcfactory.sec.com.odtcfact → [invoke] java.lang.String.equals()",86
com.samsung.android.app.dressroom,services,com.samsung.server.wallpaper.DefaultWallpaper,"<com.samsung.server.wallpaper.DefaultWallpaper: void updateTransparencySettingIfNeed(java.lang.String,int,boolean)>",string_compare;early_return,[invoke] java.lang.String.equals(),86
com.samsung.android.themecenter,services,com.samsung.server.wallpaper.SemWallpaperData,<com.samsung.server.wallpaper.SemWallpaperData: boolean isThemeContents()>,string_compare;early_return,[invoke] java.lang.String.equals() → [reassigned] v0 overwritten,40
com.samsung.android.themecenter,services,com.samsung.server.wallpaper.SemWallpaperManagerService,"<com.samsung.server.wallpaper.SemWallpaperManagerService: boolean generateCroppedBitmap(com.samsung.server.wallpaper.SemWallpaperData,java.lang.String)>",string_compare;early_return,[invoke] java.lang.String.equals() → [reassigned] v5 overwritten,261
com.android.systemui,services,com.samsung.server.wallpaper.SemWallpaperManagerService,"<com.samsung.server.wallpaper.SemWallpaperManagerService: void removeOriginalSavedFile(java.lang.String,int)>",string_compare;early_return,[invoke] java.lang.String.equals() → [invoke] android.content.Intent.setPackage() → [reassigned] v0 overwritten,51
com.samsung.android.app.dressroom,services,com.samsung.server.wallpaper.SemWallpaperManagerService,"<com.samsung.server.wallpaper.SemWallpaperManagerService: void removeOriginalSavedFile(java.lang.String,int)>",string_compare;early_return,[invoke] java.lang.String.equals() → [reassigned] v1 overwritten,51
com.sec.android.app.SecSetupWizard,services,com.samsung.android.hardware.display.AdaptiveDisplayColorService,<com.samsung.android.hardware.display.AdaptiveDisplayColorService: void <init>(android.content.Context)>,string_compare;early_return,[field_store] com.samsung.android.hardware.display.AdaptiveDisplayColorSer → [reassigned] v14 overwritten,1006
com.android.systemui,services,com.samsung.android.hardware.display.AdaptiveDisplayColorService,<com.samsung.android.hardware.display.AdaptiveDisplayColorService: void <init>(android.content.Context)>,string_compare;early_return,[field_store] com.samsung.android.hardware.display.AdaptiveDisplayColorSer → [reassigned] v14 overwritten,1006
com.sec.android.app.sbrowser,services,com.samsung.android.hardware.display.AdaptiveDisplayColorService,<com.samsung.android.hardware.display.AdaptiveDisplayColorService: void <init>(android.content.Context)>,string_compare;early_return,"[field_store] com.samsung.android.hardware.display.AdaptiveDisplayColorSer → [other] filled-new-array {v14, v15}, [Ljava/lang/String; → [reassigned] v14 overwritten",1006
com.google.android.apps.books,services,com.samsung.android.hardware.display.AdaptiveDisplayColorService,<com.samsung.android.hardware.display.AdaptiveDisplayColorService: void <init>(android.content.Context)>,string_compare;early_return,"[other] filled-new-array {v15}, [Ljava/lang/String; → [reassigned] v15 overwritten",1006
com.android.chrome,services,com.samsung.android.hardware.display.AdaptiveDisplayColorService,<com.samsung.android.hardware.display.AdaptiveDisplayColorService: void <init>(android.content.Context)>,string_compare;early_return,"[other] filled-new-array {v14, v15}, [Ljava/lang/String; → [reassigned] v15 overwritten",1006
com.zgz.supervideo,services,com.samsung.android.hardware.display.AdaptiveDisplayColorService,<com.samsung.android.hardware.display.AdaptiveDisplayColorService: void <init>(android.content.Context)>,string_compare;early_return,"[other] filled-new-array/range {v15 .. v23}, [Ljava/lang/String; → [reassigned] v15 overwritten",1006
com.pg.gom,services,com.samsung.android.hardware.display.AdaptiveDisplayColorService,<com.samsung.android.hardware.display.AdaptiveDisplayColorService: void <init>(android.content.Context)>,string_compare;early_return,,1006
com.nhn.android.naverplayer,services,com.samsung.android.hardware.display.AdaptiveDisplayColorService,<com.samsung.android.hardware.display.AdaptiveDisplayColorService: void <init>(android.content.Context)>,string_compare;early_return,,1006
com.inisoft.mediaplayer,services,com.samsung.android.hardware.display.AdaptiveDisplayColorService,<com.samsung.android.hardware.display.AdaptiveDisplayColorService: void <init>(android.content.Context)>,string_compare;early_return,,1006
com.google.android.youtube,services,com.samsung.android.hardware.display.AdaptiveDisplayColorService,<com.samsung.android.hardware.display.AdaptiveDisplayColorService: void <init>(android.content.Context)>,string_compare;early_return,,1006
com.google.android.videos,services,com.samsung.android.hardware.display.AdaptiveDisplayColorService,<com.samsung.android.hardware.display.AdaptiveDisplayColorService: void <init>(android.content.Context)>,string_compare;early_return,"[other] filled-new-array/range {v15 .. v23}, [Ljava/lang/String;",1006
com.android.systemui,services,com.samsung.android.hardware.display.AdaptiveDisplayColorService,"<com.samsung.android.hardware.display.AdaptiveDisplayColorService: void monitorForegroundBrowser(java.lang.String,int,int)>",string_compare;early_return,[invoke] java.lang.String.equals() → [invoke] java.lang.String.equals(),467
com.samsung.android.lool,services,com.samsung.android.hardware.display.AfterimageCompensationService$AfcThread,<com.samsung.android.hardware.display.AfterimageCompensationService$AfcThread: void run()>,string_compare;early_return;system_property_read,"[invoke] com.samsung.android.feature.SemFloatingFeature.getString() → [other] new-array v5, v2, [Ljava/lang/Object; → [field_store] aput-object v6, v5, v1 → [invoke] java.lang.String.format() → [reassigned] v5 overwritten",4538
com.samsung.android.bluelightfilter,services,com.samsung.android.displaysolution.EyeComfortSolutionService,<com.samsung.android.displaysolution.EyeComfortSolutionService: void updateSleepWakeupTime(java.lang.String)>,string_compare;early_return,[invoke] android.content.ContentResolver.call() → [reassigned] v8 overwritten,960
com.sec.android.gallery3d,services,com.samsung.android.displaysolution.MdnieScenarioControlService,<com.samsung.android.displaysolution.MdnieScenarioControlService: void <init>(android.content.Context)>,string_compare;early_return,[field_store] com.samsung.android.displaysolution.MdnieScenarioControlServ → [reassigned] v6 overwritten,1837
com.att.iqi,services,com.samsung.android.displaysolution.MdnieScenarioControlService$1,"<com.samsung.android.displaysolution.MdnieScenarioControlService$1: void onForegroundActivitiesChanged(int,int,boolean)>",string_compare;early_return,"[invoke] java.lang.String.contains() → [other] move-result p3 → [branch] if-nez p3, :cond_c2 → [other] new-instance p3, Ljava/lang/StringBuilder; → [invoke] java.lang.StringBuilder.<init>()",404
com.sec.android.diagmonagent,services,com.samsung.android.security.mdf.MdfService.MdfPolicy,<com.samsung.android.security.mdf.MdfService.MdfPolicy: void sendSamsungAnalyticsMultiLog()>,early_return,[invoke] android.content.Intent.setPackage(),278
com.samsung.android.vtcamerasettings,services,com.samsung.android.camera.CameraServiceWorker$DeviceInjectorRequirementChecker,<com.samsung.android.camera.CameraServiceWorker$DeviceInjectorRequirementChecker: void notifyDeviceInjectorAvailabilityChanged()>,early_return,"[invoke] android.content.Intent.setPackage() → [other] iget-boolean v1, p0, Lcom/samsung/android/camera/CameraServi → [invoke] android.content.Intent.putExtra() → [other] sget-object v1, Landroid/os/UserHandle;->CURRENT_OR_SELF:Lan → [invoke] android.content.Context.startServiceAsUser()",138
com.sec.android.app.camera,services,com.samsung.android.camera.CameraServiceWorker,<com.samsung.android.camera.CameraServiceWorker: void <clinit>()>,string_compare;early_return,"[other] filled-new-array {v0, v1, v2}, [Ljava/lang/String; → [reassigned] v0 overwritten",69
com.samsung.android.smartface,services,com.samsung.android.camera.CameraServiceWorker,<com.samsung.android.camera.CameraServiceWorker: void <clinit>()>,string_compare;early_return,"[other] filled-new-array {v0, v1, v2}, [Ljava/lang/String; → [reassigned] v1 overwritten",69
com.samsung.adaptivebrightnessgo,services,com.samsung.android.camera.CameraServiceWorker,<com.samsung.android.camera.CameraServiceWorker: void <clinit>()>,string_compare;early_return,"[other] filled-new-array {v0, v1, v2}, [Ljava/lang/String;",69
com.sec.android.diagmonagent,services,com.samsung.android.camera.CameraServiceWorker,"<com.samsung.android.camera.CameraServiceWorker: void insertDMALog(java.lang.String,java.lang.String,java.lang.Long)>",early_return,[invoke] android.content.Intent.setPackage() → [other] move-result-wide p2 → [invoke] android.os.Binder.restoreCallingIdentity(),125
com.samsung.android.vtcamerasettings,services,com.samsung.android.camera.requestinjector.RequestInjectorService,<com.samsung.android.camera.requestinjector.RequestInjectorService: void tryRegisterCameraOpenListener()>,early_return,"[invoke] com.samsung.android.camera.requestinjector.RequestInjectorSe → [other] move-result v0 → [branch] if-eqz v0, :cond_29 → [reassigned] v0 overwritten",60
com.samsung.android.vtcamerasettings,services,com.samsung.android.camera.requestinjector.RequestInjectorService$1,"<com.samsung.android.camera.requestinjector.RequestInjectorService$1: void onCameraDeviceStateChanged(java.lang.String,int,int,java.lang.String,int)>",early_return,[invoke] android.content.Intent.setPackage() → [invoke] android.content.Intent.setPackage() → [reassigned] v1 overwritten,215
com.samsung.android.vtcamerasettings,services,com.samsung.android.camera.requestinjector.VtCameraProviderObserver,<com.samsung.android.camera.requestinjector.VtCameraProviderObserver: boolean providerExistOrNot()>,string_compare;early_return,"[invoke] android.content.pm.PackageManager.getPackageInfo() → [other] iget-object v2, p0, Landroid/content/pm/PackageInfo;->applic → [branch] if-eqz v2, :cond_3a → [invoke] android.content.pm.ApplicationInfo.isSystemApp() → [invoke] android.content.pm.ApplicationInfo.isUpdatedSystemApp()",112
com.sec.android.sdhms,services,com.samsung.android.camera.visionserver.VisionServerReceiver$3,"<com.samsung.android.camera.visionserver.VisionServerReceiver$3: void onCameraDeviceStateChanged(java.lang.String,int,int,java.lang.String)>",string_compare;early_return,[invoke] android.content.Intent.setPackage() → [invoke] android.content.Intent.setPackage(),211
com.tmobile.echolocate,services,com.samsung.android.server.pm.cmd.ShellRestrictionsHelper,<com.samsung.android.server.pm.cmd.ShellRestrictionsHelper: void buildCmdBlockList()>,early_return,[invoke] java.util.List.add(),12
com.samsung.android.providers.context,services,com.samsung.android.server.pm.install.PackageInstallTimeLogger,"<com.samsung.android.server.pm.install.PackageInstallTimeLogger: void insertLog(java.lang.String,java.lang.String,java.lang.String,long,android.os.UserHandle)>",early_return,"[invoke] android.content.Intent.setPackage() → [other] const/high16 p2, 0x4000000 → [invoke] android.content.Intent.addFlags()",76
com.samsung.android.localeoverlaymanager,services,com.samsung.android.server.pm.install.PrePackageInstallerBase,<com.samsung.android.server.pm.install.PrePackageInstallerBase: void installPreloadPackage(java.io.File)>,early_return,[invoke] android.content.ComponentName.<init>(),462
com.samsung.android.sm.devicesecurity,services,com.samsung.android.server.pm.install.SilentUninstallerList,<com.samsung.android.server.pm.install.SilentUninstallerList: void <init>()>,early_return,"[other] filled-new-array/range {v0 .. v15}, [Ljava/lang/String; → [reassigned] v0 overwritten",53
com.samsung.android.sm.devicesecurity.tcm,services,com.samsung.android.server.pm.install.SilentUninstallerList,<com.samsung.android.server.pm.install.SilentUninstallerList: void <init>()>,early_return,"[other] move-object/from16 v1, p0 → [field_store] com.samsung.android.server.pm.install.SilentUninstallerList.",53
com.samsung.android.asksmanager,services,com.samsung.android.server.pm.install.SilentUninstallerList,<com.samsung.android.server.pm.install.SilentUninstallerList: void <init>()>,early_return,,53
com.samsung.android.lool,services,com.samsung.android.server.pm.install.SilentUninstallerList,<com.samsung.android.server.pm.install.SilentUninstallerList: void <init>()>,early_return,,53
com.samsung.android.sm_cn,services,com.samsung.android.server.pm.install.SilentUninstallerList,<com.samsung.android.server.pm.install.SilentUninstallerList: void <init>()>,early_return,,53
com.ws.dm,services,com.samsung.android.server.pm.install.SilentUninstallerList,<com.samsung.android.server.pm.install.SilentUninstallerList: void <init>()>,early_return,,53
com.samsung.knox.securefolder,services,com.samsung.android.server.pm.install.SilentUninstallerList,<com.samsung.android.server.pm.install.SilentUninstallerList: void <init>()>,early_return,,53
com.android.managedprovisioning,services,com.samsung.android.server.pm.install.SilentUninstallerList,<com.samsung.android.server.pm.install.SilentUninstallerList: void <init>()>,early_return,,53
com.samsung.android.app.watchmanagerstub,services,com.samsung.android.server.pm.install.SilentUninstallerList,<com.samsung.android.server.pm.install.SilentUninstallerList: void <init>()>,early_return,,53
com.sec.android.AutoPreconfig,services,com.samsung.android.server.pm.install.SilentUninstallerList,<com.samsung.android.server.pm.install.SilentUninstallerList: void <init>()>,early_return,,53
com.sec.android.app.myfiles,services,com.samsung.android.server.pm.install.SilentUninstallerList,<com.samsung.android.server.pm.install.SilentUninstallerList: void <init>()>,early_return,,53
com.samsung.android.cidmanager,services,com.samsung.android.server.pm.install.SilentUninstallerList,<com.samsung.android.server.pm.install.SilentUninstallerList: void <init>()>,early_return,,53
com.samsung.android.timezone.updater,services,com.samsung.android.server.pm.install.SilentUninstallerList,<com.samsung.android.server.pm.install.SilentUninstallerList: void <init>()>,early_return,,53
com.sec.android.app.camera,services,com.samsung.android.server.pm.install.SilentUninstallerList,<com.samsung.android.server.pm.install.SilentUninstallerList: void <init>()>,early_return,,53
com.sec.android.mimage.photoretouching,services,com.samsung.android.server.pm.install.SilentUninstallerList,<com.samsung.android.server.pm.install.SilentUninstallerList: void <init>()>,early_return,,53
com.sec.android.app.vepreload,services,com.samsung.android.server.pm.install.SilentUninstallerList,<com.samsung.android.server.pm.install.SilentUninstallerList: void <init>()>,early_return,"[other] filled-new-array/range {v0 .. v15}, [Ljava/lang/String;",53
com.google.android.gms,services,com.samsung.android.server.pm.google.ChinaGmsToggleUtils,<com.samsung.android.server.pm.google.ChinaGmsToggleUtils: void <clinit>()>,early_return,"[other] filled-new-array {v0, v1, v2}, [Ljava/lang/String; → [reassigned] v0 overwritten",18
com.google.android.configupdater,services,com.samsung.android.server.pm.google.ChinaGmsToggleUtils,<com.samsung.android.server.pm.google.ChinaGmsToggleUtils: void <clinit>()>,early_return,"[other] filled-new-array {v0, v1, v2}, [Ljava/lang/String;",18
com.google.android.syncadapters.calendar,services,com.samsung.android.server.pm.google.ChinaGmsToggleUtils,<com.samsung.android.server.pm.google.ChinaGmsToggleUtils: void <clinit>()>,early_return,"[other] filled-new-array {v0, v1, v2}, [Ljava/lang/String;",18
com.samsung.android.dqagent,services,com.samsung.android.server.pm.maintenancemode.MaintenanceModeServiceUtils,<com.samsung.android.server.pm.maintenancemode.MaintenanceModeServiceUtils: void <clinit>()>,early_return,"[other] filled-new-array {v0, v1}, [Ljava/lang/String; → [reassigned] v0 overwritten",25
com.sec.android.sdhms,services,com.samsung.android.server.pm.maintenancemode.MaintenanceModeServiceUtils,<com.samsung.android.server.pm.maintenancemode.MaintenanceModeServiceUtils: void <clinit>()>,early_return,"[other] filled-new-array {v0, v1}, [Ljava/lang/String; → [reassigned] v1 overwritten",25
com.sec.android.app.SecSetupWizard,services,com.samsung.android.server.pm.maintenancemode.MaintenanceModeServiceUtils,<com.samsung.android.server.pm.maintenancemode.MaintenanceModeServiceUtils: void skipSetupWizard()>,early_return,[reassigned] v5 overwritten,100
com.google.android.setupwizard,services,com.samsung.android.server.pm.maintenancemode.MaintenanceModeServiceUtils,<com.samsung.android.server.pm.maintenancemode.MaintenanceModeServiceUtils: void skipSetupWizard()>,early_return,,100
com.samsung.android.wearable.samsungaccount,services,com.samsung.android.server.continuity.AbstractPreconditionObserver,<com.samsung.android.server.continuity.AbstractPreconditionObserver: void <clinit>()>,early_return,[reassigned] v0 overwritten,47
com.osp.app.signin,services,com.samsung.android.server.continuity.AbstractPreconditionObserver,<com.samsung.android.server.continuity.AbstractPreconditionObserver: void <clinit>()>,early_return,[field_store] com.samsung.android.server.continuity.AbstractPreconditionOb,47
com.samsung.android.mcfds,services,com.samsung.android.server.continuity.AbstractPreconditionObserver,<com.samsung.android.server.continuity.AbstractPreconditionObserver: void logContinuitySettingEnable()>,early_return,[invoke] android.content.Intent.setPackage(),53
com.samsung.android.scloud,services,com.samsung.android.server.continuity.AbstractPreconditionObserver,<com.samsung.android.server.continuity.AbstractPreconditionObserver: void registerPackageObserver()>,early_return,[invoke] android.content.IntentFilter.addDataSchemeSpecificPart() → [reassigned] v2 overwritten,73
com.samsung.android.mcfds,services,com.samsung.android.server.continuity.AbstractPreconditionObserver,<com.samsung.android.server.continuity.AbstractPreconditionObserver: void registerPackageObserver()>,early_return,[invoke] android.content.IntentFilter.addDataSchemeSpecificPart() → [invoke] android.content.IntentFilter.addDataSchemeSpecificPart(),73
com.samsung.android.scloud,services,com.samsung.android.server.continuity.AbstractPreconditionObserver,<com.samsung.android.server.continuity.AbstractPreconditionObserver: void setInstalledFlag(java.lang.String)>,string_compare;early_return,"[invoke] java.lang.String.equals() → [other] move-result v0 → [branch] if-eqz v0, :cond_16 → [reassigned] v0 overwritten",50
com.samsung.android.mcfds,services,com.samsung.android.server.continuity.AbstractPreconditionObserver,<com.samsung.android.server.continuity.AbstractPreconditionObserver: void setInstalledFlag(java.lang.String)>,string_compare;early_return,[invoke] java.lang.String.equals(),50
com.samsung.android.scloud,services,com.samsung.android.server.continuity.AbstractPreconditionObserver,"<com.samsung.android.server.continuity.AbstractPreconditionObserver: void start(int,com.samsung.android.server.continuity.AbstractPreconditionObserver$StateChangedListener)>",early_return,[invoke] com.samsung.android.server.continuity.common.Utils.isPackage → [reassigned] p2 overwritten,82
com.samsung.android.mcfds,services,com.samsung.android.server.continuity.AbstractPreconditionObserver,"<com.samsung.android.server.continuity.AbstractPreconditionObserver: void start(int,com.samsung.android.server.continuity.AbstractPreconditionObserver$StateChangedListener)>",early_return,[invoke] com.samsung.android.server.continuity.common.Utils.isPackage,82
com.samsung.android.scloud,services,com.samsung.android.server.continuity.AbstractPreconditionObserver,<com.samsung.android.server.continuity.AbstractPreconditionObserver: void unsetInstalledFlag(java.lang.String)>,string_compare;early_return,"[invoke] java.lang.String.equals() → [other] move-result v0 → [branch] if-eqz v0, :cond_16 → [reassigned] v0 overwritten",50
com.samsung.android.mcfds,services,com.samsung.android.server.continuity.AbstractPreconditionObserver,<com.samsung.android.server.continuity.AbstractPreconditionObserver: void unsetInstalledFlag(java.lang.String)>,string_compare;early_return,[invoke] java.lang.String.equals(),50
com.sec.android.app.camera,services,com.samsung.android.server.kernelmemory.UnifiedMemoryReclaimer,<com.samsung.android.server.kernelmemory.UnifiedMemoryReclaimer: void notifyAppLaunchStarted(java.lang.String)>,string_compare;early_return,[invoke] java.lang.String.equals(),66
com.android.settings,services,com.samsung.android.server.audio.CommandHelper,"<com.samsung.android.server.audio.CommandHelper: void executePanel(android.content.Context,java.lang.String)>",string_compare;early_return,[invoke] android.content.ComponentName.<init>(),74
com.miHoYo.GenshinImpact,services,com.samsung.android.server.audio.SoundAppPolicyManager,<com.samsung.android.server.audio.SoundAppPolicyManager: void setDefaultAllowList()>,early_return,[invoke] com.samsung.android.server.audio.AudioSettingsHelper.putAppL → [reassigned] v1 overwritten,329
com.miHoYo.Yuanshen,services,com.samsung.android.server.audio.SoundAppPolicyManager,<com.samsung.android.server.audio.SoundAppPolicyManager: void setDefaultAllowList()>,early_return,[invoke] com.samsung.android.server.audio.AudioSettingsHelper.putAppL → [reassigned] v1 overwritten,329
com.riotgames.league.teamfighttactics,services,com.samsung.android.server.audio.SoundAppPolicyManager,<com.samsung.android.server.audio.SoundAppPolicyManager: void setDefaultAllowList()>,early_return,[invoke] com.samsung.android.server.audio.AudioSettingsHelper.putAppL → [reassigned] v1 overwritten,329
com.ncsoft.lineagew,services,com.samsung.android.server.audio.SoundAppPolicyManager,<com.samsung.android.server.audio.SoundAppPolicyManager: void setDefaultAllowList()>,early_return,[invoke] com.samsung.android.server.audio.AudioSettingsHelper.putAppL → [reassigned] v1 overwritten,329
com.plarium.mechlegion,services,com.samsung.android.server.audio.SoundAppPolicyManager,<com.samsung.android.server.audio.SoundAppPolicyManager: void setDefaultAllowList()>,early_return,[invoke] com.samsung.android.server.audio.AudioSettingsHelper.putAppL → [reassigned] v1 overwritten,329
com.netease.cloudmusic,services,com.samsung.android.server.audio.SoundAppPolicyManager,<com.samsung.android.server.audio.SoundAppPolicyManager: void setDefaultAllowList()>,early_return,[invoke] com.samsung.android.server.audio.AudioSettingsHelper.putAppL → [reassigned] v1 overwritten,329
com.tencent.qqmusic,services,com.samsung.android.server.audio.SoundAppPolicyManager,<com.samsung.android.server.audio.SoundAppPolicyManager: void setDefaultAllowList()>,early_return,[invoke] com.samsung.android.server.audio.AudioSettingsHelper.putAppL → [reassigned] v1 overwritten,329
com.ximalaya.ting.android,services,com.samsung.android.server.audio.SoundAppPolicyManager,<com.samsung.android.server.audio.SoundAppPolicyManager: void setDefaultAllowList()>,early_return,[invoke] com.samsung.android.server.audio.AudioSettingsHelper.putAppL → [reassigned] v1 overwritten,329
com.audiocn.kalaok,services,com.samsung.android.server.audio.SoundAppPolicyManager,<com.samsung.android.server.audio.SoundAppPolicyManager: void setDefaultAllowList()>,early_return,[invoke] com.samsung.android.server.audio.AudioSettingsHelper.putAppL → [invoke] com.samsung.android.server.audio.AudioSettingsHelper.putAppL → [reassigned] v1 overwritten,329
com.tencent.karaoke,services,com.samsung.android.server.audio.SoundAppPolicyManager,<com.samsung.android.server.audio.SoundAppPolicyManager: void setDefaultAllowList()>,early_return,[invoke] com.samsung.android.server.audio.AudioSettingsHelper.putAppL → [invoke] com.samsung.android.server.audio.AudioSettingsHelper.putAppL,329
com.tencent.wesing,services,com.samsung.android.server.audio.SoundAppPolicyManager,<com.samsung.android.server.audio.SoundAppPolicyManager: void setDefaultAllowList()>,early_return,[invoke] com.samsung.android.server.audio.AudioSettingsHelper.putAppL → [invoke] com.samsung.android.server.audio.AudioSettingsHelper.putAppL,329
com.app.hero.ui,services,com.samsung.android.server.audio.SoundAppPolicyManager,<com.samsung.android.server.audio.SoundAppPolicyManager: void setDefaultAllowList()>,early_return,[invoke] com.samsung.android.server.audio.AudioSettingsHelper.putAppL → [invoke] com.samsung.android.server.audio.AudioSettingsHelper.putAppL,329
cn.banshenggua.aichang,services,com.samsung.android.server.audio.SoundAppPolicyManager,<com.samsung.android.server.audio.SoundAppPolicyManager: void setDefaultAllowList()>,early_return,[invoke] com.samsung.android.server.audio.AudioSettingsHelper.putAppL → [invoke] com.samsung.android.server.audio.AudioSettingsHelper.putAppL,329
com.kibey.echo,services,com.samsung.android.server.audio.SoundAppPolicyManager,<com.samsung.android.server.audio.SoundAppPolicyManager: void setDefaultAllowList()>,early_return,[invoke] com.samsung.android.server.audio.AudioSettingsHelper.putAppL → [invoke] com.samsung.android.server.audio.AudioSettingsHelper.putAppL,329
cn.kuwo.sing,services,com.samsung.android.server.audio.SoundAppPolicyManager,<com.samsung.android.server.audio.SoundAppPolicyManager: void setDefaultAllowList()>,early_return,[invoke] com.samsung.android.server.audio.AudioSettingsHelper.putAppL → [invoke] com.samsung.android.server.audio.AudioSettingsHelper.putAppL,329
com.michong.haochang,services,com.samsung.android.server.audio.SoundAppPolicyManager,<com.samsung.android.server.audio.SoundAppPolicyManager: void setDefaultAllowList()>,early_return,[invoke] com.samsung.android.server.audio.AudioSettingsHelper.putAppL → [invoke] com.samsung.android.server.audio.AudioSettingsHelper.putAppL,329
com.sm1.EverySing,services,com.samsung.android.server.audio.SoundAppPolicyManager,<com.samsung.android.server.audio.SoundAppPolicyManager: void setDefaultAllowList()>,early_return,[invoke] com.samsung.android.server.audio.AudioSettingsHelper.putAppL → [reassigned] v12 overwritten,329
com.netease.karaoke,services,com.samsung.android.server.audio.SoundAppPolicyManager,<com.samsung.android.server.audio.SoundAppPolicyManager: void setDefaultAllowList()>,early_return,[invoke] com.samsung.android.server.audio.AudioSettingsHelper.putAppL → [invoke] com.samsung.android.server.audio.AudioSettingsHelper.putAppL,329
com.ss.android.ugc.aweme,services,com.samsung.android.server.audio.SoundAppPolicyManager,<com.samsung.android.server.audio.SoundAppPolicyManager: void setDefaultAllowList()>,early_return,[invoke] com.samsung.android.server.audio.AudioSettingsHelper.putAppL → [invoke] com.samsung.android.server.audio.AudioSettingsHelper.putAppL,329
com.google.android.youtube,services,com.samsung.android.server.audio.SoundAppPolicyManager,<com.samsung.android.server.audio.SoundAppPolicyManager: void setDefaultAllowList()>,early_return,[invoke] com.samsung.android.server.audio.AudioSettingsHelper.putAppL → [reassigned] v1 overwritten,329
com.android.chrome,services,com.samsung.android.server.audio.SoundAppPolicyManager,<com.samsung.android.server.audio.SoundAppPolicyManager: void setDefaultAllowList()>,early_return,[invoke] com.samsung.android.server.audio.AudioSettingsHelper.putAppL → [reassigned] v1 overwritten,329
com.google.android.apps.youtube.kids,services,com.samsung.android.server.audio.SoundAppPolicyManager,<com.samsung.android.server.audio.SoundAppPolicyManager: void setDefaultAllowList()>,early_return,[invoke] com.samsung.android.server.audio.AudioSettingsHelper.putAppL → [reassigned] v1 overwritten,329
com.mxtech.videoplayer.ad,services,com.samsung.android.server.audio.SoundAppPolicyManager,<com.samsung.android.server.audio.SoundAppPolicyManager: void setDefaultAllowList()>,early_return,[invoke] com.samsung.android.server.audio.AudioSettingsHelper.putAppL → [reassigned] v1 overwritten,329
com.tencent.mobileqq,services,com.samsung.android.server.audio.SoundAppPolicyManager,<com.samsung.android.server.audio.SoundAppPolicyManager: void setDefaultAllowList()>,early_return,[invoke] com.samsung.android.server.audio.AudioSettingsHelper.putAppL → [reassigned] v1 overwritten,329
com.tencent.mobileqqi,services,com.samsung.android.server.audio.SoundAppPolicyManager,<com.samsung.android.server.audio.SoundAppPolicyManager: void setDefaultAllowList()>,early_return,[invoke] com.samsung.android.server.audio.AudioSettingsHelper.putAppL → [reassigned] v1 overwritten,329
com.facebook.orca,services,com.samsung.android.server.audio.SoundAppPolicyManager,<com.samsung.android.server.audio.SoundAppPolicyManager: void setDefaultAllowList()>,early_return,[invoke] com.samsung.android.server.audio.AudioSettingsHelper.putAppL → [reassigned] v1 overwritten,329
kr.co.vcnc.android.couple,services,com.samsung.android.server.audio.SoundAppPolicyManager,<com.samsung.android.server.audio.SoundAppPolicyManager: void setDefaultAllowList()>,early_return,[invoke] com.samsung.android.server.audio.AudioSettingsHelper.putAppL → [reassigned] v1 overwritten,329
jp.naver.line.android,services,com.samsung.android.server.audio.SoundAppPolicyManager,<com.samsung.android.server.audio.SoundAppPolicyManager: void setDefaultAllowList()>,early_return,"[invoke] com.samsung.android.server.audio.AudioSettingsHelper.putAppL → [other] const v1, 0x788659ac → [invoke] com.samsung.android.server.audio.AudioSettingsHelper.setIntV",329
com.android.providers.settings,services,com.samsung.android.server.audio.AudioSettingsHelper,"<com.samsung.android.server.audio.AudioSettingsHelper: void initSystemVibration(java.lang.String,int)>",string_compare;early_return,[invoke] java.lang.String.equals() → [reassigned] v1 overwritten,181
com.samsung.android.mdecservice,services,com.samsung.android.server.audio.AudioHelper,<com.samsung.android.server.audio.AudioHelper: boolean hasCmcFeature(android.content.Context)>,early_return,[invoke] android.content.pm.PackageManager.getPackageInfo() → [reassigned] v1 overwritten,89
com.samsung.android.oneconnect,services,com.samsung.android.server.audio.MultiSoundManager,<com.samsung.android.server.audio.MultiSoundManager: void dump(java.io.PrintWriter)>,early_return,"[invoke] com.samsung.android.server.audio.MultiSoundManager$MultiSoun → [other] iget-object v1, p0, Lcom/samsung/android/server/audio/MultiS → [other] monitor-enter v1 → [other] monitor-exit v1 → [other] monitor-exit v1",363
com.samsung.android.setting.multisound,services,com.samsung.android.server.audio.MultiSoundManager,<com.samsung.android.server.audio.MultiSoundManager: void showNotification()>,early_return,"[invoke] android.content.Intent.setClassName() → [other] iget-object v2, p0, Lcom/samsung/android/server/audio/MultiS → [invoke] android.app.PendingIntent.getActivity() → [other] new-instance v2, Landroid/content/Intent; → [invoke] android.content.Intent.<init>()",356
com.samsung.android.service.aircommand,services,com.samsung.android.server.battery.SpenBatteryManager,<com.samsung.android.server.battery.SpenBatteryManager: void lambda$bindSpenService$2()>,early_return,"[invoke] android.content.pm.PackageManager.getApplicationInfo() → [invoke] android.content.Intent.setClassName() → [other] iget-object v1, p0, Lcom/samsung/android/server/battery/Spen → [invoke] android.content.Context.bindServiceAsUser() → [other] move-result v1",192
com.samsung.android.service.aircommand,services,com.samsung.android.server.battery.SpenBatteryManager,<com.samsung.android.server.battery.SpenBatteryManager: void onUserUnlocked()>,early_return,"[invoke] android.content.IntentFilter.addDataSchemeSpecificPart() → [other] iget-object v1, p0, Lcom/samsung/android/server/battery/Spen → [invoke] android.content.Context.registerReceiver()",78
com.samsung.android.kgclient,services,com.samsung.android.knoxguard.service.KnoxGuardService,<com.samsung.android.knoxguard.service.KnoxGuardService: void registerReceiver(android.content.Context)>,early_return,[invoke] android.content.IntentFilter.addDataSchemeSpecificPart() → [reassigned] v1 overwritten,122
com.android.systemui,services,com.samsung.android.knoxguard.service.KnoxGuardService,<com.samsung.android.knoxguard.service.KnoxGuardService: void registerReceiver(android.content.Context)>,early_return,[invoke] android.content.IntentFilter.addDataSchemeSpecificPart(),122
com.samsung.android.kgclient,services,com.samsung.android.knoxguard.service.KnoxGuardSeService,<com.samsung.android.knoxguard.service.KnoxGuardSeService: void registerReceiver(android.content.Context)>,early_return,[invoke] android.content.IntentFilter.addDataSchemeSpecificPart() → [reassigned] v1 overwritten,129
com.android.systemui,services,com.samsung.android.knoxguard.service.KnoxGuardSeService,<com.samsung.android.knoxguard.service.KnoxGuardSeService: void registerReceiver(android.content.Context)>,early_return,[invoke] android.content.IntentFilter.addDataSchemeSpecificPart(),129
com.samsung.android.kgclient,services,com.samsung.android.knoxguard.service.KnoxGuardSeService,<com.samsung.android.knoxguard.service.KnoxGuardSeService: java.lang.String verifyKgRot()>,string_compare,[invoke] java.lang.String.equals(),198
com.samsung.android.kgclient,services,com.samsung.android.knoxguard.service.IntentRelayManager,"<com.samsung.android.knoxguard.service.IntentRelayManager: void sendRequestedIntent(android.content.Context,java.lang.String,android.os.Bundle)>",early_return,[invoke] android.content.Intent.setPackage() → [reassigned] v1 overwritten,52
com.samsung.android.kgclient,services,com.samsung.android.knoxguard.service.utils.IntegritySeUtil,"<com.samsung.android.knoxguard.service.utils.IntegritySeUtil: boolean checkComponents(android.content.Context,com.samsung.android.knoxguard.service.utils.IntegritySeUtil$IntegritySeResult)>",early_return,[invoke] android.content.pm.PackageManager.getPackageInfo() → [invoke] com.samsung.android.knoxguard.service.utils.IntegritySeUtil. → [invoke] com.samsung.android.knoxguard.service.utils.IntegritySeUtil. → [invoke] com.samsung.android.knoxguard.service.utils.IntegritySeUtil. → [invoke] com.samsung.android.knoxguard.service.utils.IntegritySeUtil.,159
com.samsung.android.kgclient,services,com.samsung.android.knoxguard.service.utils.IntegritySeUtil,<com.samsung.android.knoxguard.service.utils.IntegritySeUtil: boolean checkSignatures(android.content.Context)>,early_return,"[invoke] android.content.pm.PackageManager.getPackageInfo() → [invoke] android.content.pm.PackageManager.checkSignatures() → [other] sget-object v0, Lcom/samsung/android/knoxguard/service/utils → [invoke] android.util.Slog.e()",95
com.samsung.android.kgclient,services,com.samsung.android.knoxguard.service.utils.IntegritySeUtil,<com.samsung.android.knoxguard.service.utils.IntegritySeUtil: void disableClient(android.content.Context)>,early_return;package_enable_disable,"[invoke] android.content.pm.PackageManager.setApplicationEnabledSetti → [other] sget-object v0, Lcom/samsung/android/knoxguard/service/utils → [invoke] android.util.Slog.e()",70
com.samsung.android.kgclient,services,com.samsung.android.knoxguard.service.utils.IntegritySeUtil,"<com.samsung.android.knoxguard.service.utils.IntegritySeUtil: long getClientVersionCode(android.content.Context,long)>",,"[invoke] android.content.pm.PackageManager.getPackageInfo() → [other] sget-object v0, Lcom/samsung/android/knoxguard/service/utils → [invoke] android.util.Slog.e()",66
com.samsung.android.kgclient,services,com.samsung.android.knoxguard.service.utils.IntegritySeUtil,<com.samsung.android.knoxguard.service.utils.IntegritySeUtil: boolean isEnabled(android.content.Context)>,early_return,"[invoke] android.content.pm.PackageManager.getApplicationInfo() → [other] sget-object v1, Lcom/samsung/android/knoxguard/service/utils → [invoke] android.util.Slog.e()",49
com.samsung.android.kgclient,services,com.samsung.android.knoxguard.service.utils.IntegritySeUtil,<com.samsung.android.knoxguard.service.utils.IntegritySeUtil: boolean isSystemApp(android.content.Context)>,early_return,[invoke] android.content.pm.PackageManager.getApplicationInfo() → [reassigned] v1 overwritten,56
com.samsung.android.kgclient,services,com.samsung.android.knoxguard.service.utils.IntegritySeUtil,"<com.samsung.android.knoxguard.service.utils.IntegritySeUtil: void setInitialState(android.content.Context,int)>",early_return;appops_set,[invoke] android.content.pm.PackageManager.getApplicationInfo() → [invoke] android.content.pm.IPackageManager.getApplicationHiddenSetti → [invoke] android.content.pm.IPackageManager.setApplicationHiddenSetti → [invoke] android.content.ComponentName.<init>() → [invoke] android.content.pm.PackageManager.getPackageInfo(),281
com.android.systemui,services,com.samsung.android.knoxguard.service.utils.IntegritySeUtil,<com.samsung.android.knoxguard.service.utils.IntegritySeUtil: int testSystemUiCorrupted(android.content.Context)>,early_return,"[other] sget-object p0, Lcom/samsung/android/knoxguard/service/utils → [invoke] android.util.Slog.w() → [invoke] android.content.pm.IPackageManager.getApplicationInfo() → [invoke] android.content.pm.IPackageManager.getApplicationHiddenSetti → [invoke] android.content.pm.IPackageManager.setApplicationHiddenSetti",169
com.android.systemui,services,com.samsung.android.knoxguard.service.utils.IntegritySeUtil,<com.samsung.android.knoxguard.service.utils.IntegritySeUtil: int testSystemUiCorrupted(android.content.Context)>,early_return,"[other] sget-object v1, Lcom/samsung/android/knoxguard/service/utils → [invoke] android.util.Slog.e() → [other] new-instance v1, Ljava/lang/StringBuilder; → [invoke] java.lang.StringBuilder.<init>() → [invoke] java.lang.StringBuilder.append()",169
com.samsung.android.kgclient,services,com.samsung.android.knoxguard.service.utils.IntegrityUtil,"<com.samsung.android.knoxguard.service.utils.IntegrityUtil: boolean checkComponents(android.content.Context,com.samsung.android.knoxguard.service.utils.IntegrityUtil$IntegrityResult)>",early_return,[invoke] android.content.pm.PackageManager.getPackageInfo() → [invoke] com.samsung.android.knoxguard.service.utils.IntegrityUtil.ha → [invoke] com.samsung.android.knoxguard.service.utils.IntegrityUtil.ha → [invoke] com.samsung.android.knoxguard.service.utils.IntegrityUtil.ha → [invoke] com.samsung.android.knoxguard.service.utils.IntegrityUtil.ha,159
com.samsung.android.kgclient,services,com.samsung.android.knoxguard.service.utils.IntegrityUtil,<com.samsung.android.knoxguard.service.utils.IntegrityUtil: boolean checkSignatures(android.content.Context)>,early_return,"[invoke] android.content.pm.PackageManager.getPackageInfo() → [invoke] android.content.pm.PackageManager.checkSignatures() → [other] sget-object v0, Lcom/samsung/android/knoxguard/service/utils → [invoke] android.util.Slog.e()",95
com.samsung.android.kgclient,services,com.samsung.android.knoxguard.service.utils.IntegrityUtil,<com.samsung.android.knoxguard.service.utils.IntegrityUtil: boolean isEnabled(android.content.Context)>,early_return,"[invoke] android.content.pm.PackageManager.getApplicationInfo() → [other] sget-object v1, Lcom/samsung/android/knoxguard/service/utils → [invoke] android.util.Slog.e()",49
com.samsung.android.kgclient,services,com.samsung.android.knoxguard.service.utils.IntegrityUtil,<com.samsung.android.knoxguard.service.utils.IntegrityUtil: boolean isSystemApp(android.content.Context)>,early_return,[invoke] android.content.pm.PackageManager.getApplicationInfo() → [reassigned] v1 overwritten,56
com.samsung.android.kgclient,services,com.samsung.android.knoxguard.service.utils.IntegrityUtil,"<com.samsung.android.knoxguard.service.utils.IntegrityUtil: void setInitialState(android.content.Context,java.lang.String)>",string_compare;early_return;appops_set,[invoke] android.content.pm.PackageManager.getApplicationInfo() → [invoke] android.content.pm.IPackageManager.getApplicationHiddenSetti → [invoke] android.content.pm.IPackageManager.setApplicationHiddenSetti → [invoke] android.content.ComponentName.<init>() → [invoke] android.content.pm.PackageManager.getPackageInfo(),259
com.android.systemui,services,com.samsung.android.knoxguard.service.utils.IntegrityUtil,<com.samsung.android.knoxguard.service.utils.IntegrityUtil: int testSystemUiCorrupted(android.content.Context)>,early_return,"[other] sget-object p0, Lcom/samsung/android/knoxguard/service/utils → [invoke] android.util.Slog.w() → [invoke] android.content.pm.IPackageManager.getApplicationInfo() → [invoke] android.content.pm.IPackageManager.getApplicationHiddenSetti → [invoke] android.content.pm.IPackageManager.setApplicationHiddenSetti",169
com.android.systemui,services,com.samsung.android.knoxguard.service.utils.IntegrityUtil,<com.samsung.android.knoxguard.service.utils.IntegrityUtil: int testSystemUiCorrupted(android.content.Context)>,early_return,"[other] sget-object v1, Lcom/samsung/android/knoxguard/service/utils → [invoke] android.util.Slog.e() → [other] new-instance v1, Ljava/lang/StringBuilder; → [invoke] java.lang.StringBuilder.<init>() → [invoke] java.lang.StringBuilder.append()",169
com.samsung.android.kgclient,services,com.samsung.android.knoxguard.service.receiver.SystemReceiver,"<com.samsung.android.knoxguard.service.receiver.SystemReceiver: void onReceive(android.content.Context,android.content.Intent)>",allowlist_check;string_compare;early_return,[invoke] java.lang.String.equals() → [invoke] java.lang.String.equals(),612
com.android.systemui,services,com.samsung.android.knoxguard.service.receiver.SystemReceiver,"<com.samsung.android.knoxguard.service.receiver.SystemReceiver: void onReceive(android.content.Context,android.content.Intent)>",allowlist_check;string_compare;early_return,[invoke] java.lang.String.equals(),612
com.samsung.android.kgclient,services,com.samsung.android.knoxguard.service.receiver.SystemSeReceiver,"<com.samsung.android.knoxguard.service.receiver.SystemSeReceiver: void onReceive(android.content.Context,android.content.Intent)>",allowlist_check;string_compare;early_return,[invoke] java.lang.String.equals() → [invoke] java.lang.String.equals(),593
com.android.systemui,services,com.samsung.android.knoxguard.service.receiver.SystemSeReceiver,"<com.samsung.android.knoxguard.service.receiver.SystemSeReceiver: void onReceive(android.content.Context,android.content.Intent)>",allowlist_check;string_compare;early_return,[invoke] java.lang.String.equals(),593
com.samsung.android.app.cocktailbarservice,services,com.samsung.android.knox.custom.KnoxCustomManagerService,<com.samsung.android.knox.custom.KnoxCustomManagerService: void <clinit>()>,early_return,"[other] filled-new-array/range {v1 .. v11}, [Ljava/lang/String;",61
com.samsung.android.app.appsedge,services,com.samsung.android.knox.custom.KnoxCustomManagerService,<com.samsung.android.knox.custom.KnoxCustomManagerService: void <clinit>()>,early_return,,61
com.samsung.android.app.taskedge,services,com.samsung.android.knox.custom.KnoxCustomManagerService,<com.samsung.android.knox.custom.KnoxCustomManagerService: void <clinit>()>,early_return,,61
com.samsung.android.service.peoplestripe,services,com.samsung.android.knox.custom.KnoxCustomManagerService,<com.samsung.android.knox.custom.KnoxCustomManagerService: void <clinit>()>,early_return,,61
com.samsung.android.bixby.agent,services,com.samsung.android.knox.custom.KnoxCustomManagerService,<com.samsung.android.knox.custom.KnoxCustomManagerService: void <clinit>()>,early_return,,61
com.samsung.android.bixby.es.globalaction,services,com.samsung.android.knox.custom.KnoxCustomManagerService,<com.samsung.android.knox.custom.KnoxCustomManagerService: void <clinit>()>,early_return,,61
com.samsung.android.bixby.voiceinput,services,com.samsung.android.knox.custom.KnoxCustomManagerService,<com.samsung.android.knox.custom.KnoxCustomManagerService: void <clinit>()>,early_return,,61
com.samsung.android.bixby.wakeup,services,com.samsung.android.knox.custom.KnoxCustomManagerService,<com.samsung.android.knox.custom.KnoxCustomManagerService: void <clinit>()>,early_return,,61
com.samsung.android.bixby.plmsync,services,com.samsung.android.knox.custom.KnoxCustomManagerService,<com.samsung.android.knox.custom.KnoxCustomManagerService: void <clinit>()>,early_return,,61
com.samsung.android.app.spage,services,com.samsung.android.knox.custom.KnoxCustomManagerService,<com.samsung.android.knox.custom.KnoxCustomManagerService: void <clinit>()>,early_return,"[other] filled-new-array/range {v1 .. v11}, [Ljava/lang/String;",61
com.sec.android.app.launcher,services,com.samsung.android.knox.custom.KnoxCustomManagerService,<com.samsung.android.knox.custom.KnoxCustomManagerService: void lambda$closeLauncherApp$135()>,early_return,[invoke] android.app.ActivityManager.forceStopPackage(),26
com.android.settings,services,com.samsung.android.knox.custom.KnoxCustomManagerService,<com.samsung.android.knox.custom.KnoxCustomManagerService: void lambda$closeSettingsApp$139()>,early_return,[invoke] android.app.ActivityManager.forceStopPackageByAdmin() → [reassigned] v2 overwritten,67
com.android.settings.intelligence,services,com.samsung.android.knox.custom.KnoxCustomManagerService,<com.samsung.android.knox.custom.KnoxCustomManagerService: void lambda$closeSettingsApp$139()>,early_return,[invoke] android.app.ActivityManager.forceStopPackageByAdmin() → [reassigned] v2 overwritten,67
com.sec.android.app.launcher,services,com.samsung.android.knox.custom.KnoxCustomManagerService,<com.samsung.android.knox.custom.KnoxCustomManagerService: java.lang.Boolean lambda$launchProkioskHomeActivity$148()>,,[invoke] android.app.ActivityManager.forceStopPackage() → [reassigned] v2 overwritten,239
com.samsung.android.service.aircommand,services,com.samsung.android.knox.custom.KnoxCustomManagerService,"<com.samsung.android.knox.custom.KnoxCustomManagerService: java.lang.Integer lambda$setAirGestureOptionState$30(int,int,boolean)>",,"[invoke] android.content.Intent.setPackage() → [other] new-instance p2, Landroid/os/UserHandle; → [invoke] android.os.UserHandle.<init>() → [invoke] android.content.Context.sendBroadcastAsUser() → [other] const-string/jumbo p2, ""setAirGestureOptionState() failed """,183
com.samsung.sec.android.application.csc,services,com.samsung.android.knox.custom.KnoxCustomManagerService,<com.samsung.android.knox.custom.KnoxCustomManagerService: java.lang.Integer lambda$setBrowserHomepage$59(java.lang.String)>,,"[invoke] android.content.Intent.setPackage() → [other] new-instance p1, Landroid/os/UserHandle; → [invoke] android.os.UserHandle.<init>() → [invoke] android.content.Context.sendBroadcastAsUser() → [invoke] android.content.Intent.putExtra()",125
com.sec.android.app.sbrowser,services,com.samsung.android.knox.custom.KnoxCustomManagerService,<com.samsung.android.knox.custom.KnoxCustomManagerService: java.lang.Integer lambda$setBrowserHomepage$59(java.lang.String)>,,"[invoke] android.content.Intent.setPackage() → [other] new-instance p1, Landroid/os/UserHandle; → [invoke] android.os.UserHandle.<init>() → [invoke] android.content.Context.sendBroadcastAsUser() → [other] new-instance p1, Ljava/lang/StringBuilder;",125
com.samsung.android.smartmirroring,services,com.samsung.android.knox.custom.KnoxCustomManagerService,<com.samsung.android.knox.custom.KnoxCustomManagerService: java.lang.Integer lambda$setDisplayMirroringState$63(boolean)>,,"[invoke] android.content.ComponentName.<init>() → [other] new-instance v0, Landroid/content/Intent; → [invoke] android.content.Intent.<init>() → [invoke] android.content.Intent.addCategory() → [invoke] android.content.Intent.setComponent()",105
com.samsung.android.homemode,services,com.samsung.android.knox.custom.KnoxCustomManagerService,<com.samsung.android.knox.custom.KnoxCustomManagerService: void lambda$startProKioskModeInternal$138()>,early_return,"[invoke] android.app.SemStatusBarManager.setNavigationBarShortcut() → [other] filled-new-array {v0}, [Ljava/lang/String; → [reassigned] v0 overwritten",581
com.samsung.android.smartmirroring,services,com.samsung.android.knox.custom.KnoxCustomManagerService,<com.samsung.android.knox.custom.KnoxCustomManagerService: java.lang.Integer lambda$startSmartView$51()>,,[invoke] android.content.ComponentName.<init>() → [invoke] android.content.Intent.putExtra() → [reassigned] v2 overwritten,75
com.samsung.android.app.cocktailbarservice,services,com.samsung.android.knox.custom.KnoxCustomManagerService,<com.samsung.android.knox.custom.KnoxCustomManagerService: void lambda$stopProKioskModeInternal$137()>,early_return,"[invoke] android.content.Intent.setClassName() → [other] iget-object v1, p0, Lcom/samsung/android/knox/custom/KnoxCus → [invoke] android.content.Context.startService() → [other] const-string/jumbo v1, ""people_stripe"" → [invoke] android.provider.Settings$System.putInt()",415
com.samsung.android.homemode,services,com.samsung.android.knox.custom.KnoxCustomManagerService,<com.samsung.android.knox.custom.KnoxCustomManagerService: void lambda$stopProKioskModeInternal$137()>,early_return,"[other] filled-new-array {v1}, [Ljava/lang/String; → [reassigned] v1 overwritten",415
com.sec.android.app.launcher,services,com.samsung.android.knox.custom.KnoxCustomManagerService,<com.samsung.android.knox.custom.KnoxCustomManagerService: void lambda$stopProKioskModeInternal$137()>,early_return,,415
com.android.settings,services,com.samsung.android.knox.custom.KnoxCustomManagerService,<com.samsung.android.knox.custom.KnoxCustomManagerService: void closeSettingsApp()>,early_return,[invoke] com.samsung.android.knox.custom.KnoxCustomManagerService.get → [reassigned] v0 overwritten,34
com.android.settings,services,com.samsung.android.knox.custom.KnoxCustomManagerService,"<com.samsung.android.knox.custom.KnoxCustomManagerService: void dump(java.io.FileDescriptor,java.io.PrintWriter,java.lang.String[])>",early_return,[invoke] com.samsung.android.knox.custom.KnoxCustomManagerService.cop → [reassigned] p3 overwritten,2540
com.samsung.android.SettingsReceiver,services,com.samsung.android.knox.custom.KnoxCustomManagerService,"<com.samsung.android.knox.custom.KnoxCustomManagerService: void dump(java.io.FileDescriptor,java.io.PrintWriter,java.lang.String[])>",early_return,[invoke] com.samsung.android.knox.custom.KnoxCustomManagerService.cop → [reassigned] p3 overwritten,2540
com.sec.android.app.launcher,services,com.samsung.android.knox.custom.KnoxCustomManagerService,"<com.samsung.android.knox.custom.KnoxCustomManagerService: void dump(java.io.FileDescriptor,java.io.PrintWriter,java.lang.String[])>",early_return,[invoke] com.samsung.android.knox.custom.KnoxCustomManagerService.cop → [reassigned] p3 overwritten,2540
com.samsung.android.app.telephonyui,services,com.samsung.android.knox.custom.KnoxCustomManagerService,"<com.samsung.android.knox.custom.KnoxCustomManagerService: void dump(java.io.FileDescriptor,java.io.PrintWriter,java.lang.String[])>",early_return,[invoke] com.samsung.android.knox.custom.KnoxCustomManagerService.cop → [reassigned] p3 overwritten,2540
com.sec.android.desktopmode.uiservice,services,com.samsung.android.knox.custom.KnoxCustomManagerService,"<com.samsung.android.knox.custom.KnoxCustomManagerService: void dump(java.io.FileDescriptor,java.io.PrintWriter,java.lang.String[])>",early_return,[invoke] com.samsung.android.knox.custom.KnoxCustomManagerService.cop → [reassigned] p3 overwritten,2540
com.sec.android.app.desktoplauncher,services,com.samsung.android.knox.custom.KnoxCustomManagerService,"<com.samsung.android.knox.custom.KnoxCustomManagerService: void dump(java.io.FileDescriptor,java.io.PrintWriter,java.lang.String[])>",early_return,[invoke] com.samsung.android.knox.custom.KnoxCustomManagerService.cop → [reassigned] p3 overwritten,2540
com.sec.android.desktopcommunity,services,com.samsung.android.knox.custom.KnoxCustomManagerService,"<com.samsung.android.knox.custom.KnoxCustomManagerService: void dump(java.io.FileDescriptor,java.io.PrintWriter,java.lang.String[])>",early_return,[invoke] com.samsung.android.knox.custom.KnoxCustomManagerService.cop → [reassigned] p3 overwritten,2540
com.samsung.android.honeyboard,services,com.samsung.android.knox.custom.KnoxCustomManagerService,<com.samsung.android.knox.custom.KnoxCustomManagerService: boolean getKeyboardModeOverriden(int)>,string_compare;early_return,[invoke] java.lang.String.equals() → [other] move-result-wide v8 → [invoke] android.os.Binder.restoreCallingIdentity() → [invoke] android.os.Binder.restoreCallingIdentity() → [invoke] android.os.Binder.restoreCallingIdentity(),391
com.samsung.android.knox.kpecore,services,com.samsung.android.knox.custom.KnoxCustomManagerService,<com.samsung.android.knox.custom.KnoxCustomManagerService: android.os.ParcelFileDescriptor getTcpDump()>,string_compare,"[invoke] java.lang.String.equals() → [other] move-result v1 → [branch] if-eqz v1, :cond_60 → [other] iget-object v1, p0, Lcom/samsung/android/knox/custom/KnoxCus → [invoke] android.content.Context.getPackageManager()",125
com.samsung.android.knox.kpu,services,com.samsung.android.knox.custom.KnoxCustomManagerService,<com.samsung.android.knox.custom.KnoxCustomManagerService: java.lang.String isChameleon()>,,[invoke] com.samsung.android.knox.custom.KnoxCustomManagerService.isP → [other] return-object v0 → [reassigned] v0 overwritten,67
com.samsung.android.knox.kpu.beta,services,com.samsung.android.knox.custom.KnoxCustomManagerService,<com.samsung.android.knox.custom.KnoxCustomManagerService: java.lang.String isChameleon()>,,[invoke] com.samsung.android.knox.custom.KnoxCustomManagerService.isP → [other] return-object v0 → [reassigned] v0 overwritten,67
com.samsung.android.knox.kpu.demo,services,com.samsung.android.knox.custom.KnoxCustomManagerService,<com.samsung.android.knox.custom.KnoxCustomManagerService: java.lang.String isChameleon()>,,[invoke] com.samsung.android.knox.custom.KnoxCustomManagerService.isP → [other] return-object v0 → [reassigned] v0 overwritten,67
com.samsung.android.knox.kpu.poc,services,com.samsung.android.knox.custom.KnoxCustomManagerService,<com.samsung.android.knox.custom.KnoxCustomManagerService: java.lang.String isChameleon()>,,[invoke] com.samsung.android.knox.custom.KnoxCustomManagerService.isP → [other] return-object v0 → [reassigned] v0 overwritten,67
com.samsung.android.app.telephonyui,services,com.samsung.android.knox.custom.KnoxCustomManagerService,<com.samsung.android.knox.custom.KnoxCustomManagerService: boolean isDataAllowedFromKnox(int)>,string_compare;early_return,[invoke] com.samsung.android.knox.custom.KnoxCustomManagerService.get → [reassigned] v1 overwritten,97
com.samsung.android.knox.kpu,services,com.samsung.android.knox.custom.KnoxCustomManagerService,<com.samsung.android.knox.custom.KnoxCustomManagerService: boolean isManagedDevice(java.lang.String)>,string_compare;early_return,"[invoke] java.lang.String.equals() → [other] move-result v0 → [branch] if-nez v0, :cond_2b",71
com.samsung.android.smartmirroring,services,com.samsung.android.knox.custom.KnoxCustomManagerService,<com.samsung.android.knox.custom.KnoxCustomManagerService: boolean isSupportSmartView()>,early_return,[invoke] android.content.pm.PackageManager.getPackageInfo(),31
com.android.systemui,services,com.samsung.android.knox.custom.KnoxCustomManagerService,<com.samsung.android.knox.custom.KnoxCustomManagerService: boolean isSystemUiApp()>,string_compare;early_return,[invoke] android.content.pm.PackageManager.getPackageUidAsUser() → [reassigned] v4 overwritten,92
com.android.settings,services,com.samsung.android.knox.custom.KnoxCustomManagerService,<com.samsung.android.knox.custom.KnoxCustomManagerService: void migrateApplicationRestrictions()>,early_return,[invoke] com.samsung.android.knox.localservice.ApplicationRestriction → [invoke] com.samsung.android.knox.localservice.ApplicationRestriction,207
com.samsung.desktopsystemui,services,com.samsung.android.knox.custom.KnoxCustomManagerService,<com.samsung.android.knox.custom.KnoxCustomManagerService: void migrateApplicationRestrictions()>,early_return,[invoke] com.samsung.android.knox.localservice.ApplicationRestriction → [invoke] com.samsung.android.knox.localservice.ApplicationRestriction → [reassigned] v3 overwritten,207
com.android.settings,services,com.samsung.android.knox.custom.KnoxCustomManagerService,<com.samsung.android.knox.custom.KnoxCustomManagerService: void removeSettingTask()>,string_compare;early_return,[invoke] java.lang.String.equals(),125
com.samsung.android.knox.kpecore,services,com.samsung.android.knox.custom.KnoxCustomManagerService,"<com.samsung.android.knox.custom.KnoxCustomManagerService: android.os.Bundle setApplicationRestrictionsInternal(com.samsung.android.knox.ContextInfo,java.lang.String,java.lang.String,android.os.Bundle,int)>",allowlist_check;string_compare,"[invoke] java.lang.String.equals() → [other] move-result v0 → [branch] if-eqz v0, :cond_67 → [other] sget-object v0, Lcom/samsung/android/knox/EdmConstants;->APP → [invoke] java.util.List.contains()",300
com.android.settings,services,com.samsung.android.knox.custom.KnoxCustomManagerService,"<com.samsung.android.knox.custom.KnoxCustomManagerService: android.os.Bundle setApplicationRestrictionsInternal(com.samsung.android.knox.ContextInfo,java.lang.String,java.lang.String,android.os.Bundle,int)>",allowlist_check;string_compare,"[invoke] java.lang.String.equals() → [other] move-result p1 → [branch] if-eqz p1, :cond_128",300
com.samsung.android.knox.kpecore,services,com.samsung.android.knox.custom.KnoxCustomManagerService,"<com.samsung.android.knox.custom.KnoxCustomManagerService: int setHardKeyIntentBroadcastInternal(java.lang.String,boolean,int,int,android.content.Intent,java.lang.String,boolean)>",allowlist_check;string_compare;early_return,[invoke] java.lang.String.equals() → [reassigned] v9 overwritten,361
com.android.settings,services,com.samsung.android.knox.custom.KnoxCustomManagerService,"<com.samsung.android.knox.custom.KnoxCustomManagerService: int setHardKeyIntentBroadcastInternal(java.lang.String,boolean,int,int,android.content.Intent,java.lang.String,boolean)>",allowlist_check;string_compare;early_return,[invoke] com.samsung.android.knox.custom.KnoxCustomManagerService.get → [reassigned] v8 overwritten,361
com.samsung.android.honeyboard,services,com.samsung.android.knox.custom.KnoxCustomManagerService,<com.samsung.android.knox.custom.KnoxCustomManagerService: int setKeyboardMode(int)>,string_compare;early_return,"[invoke] java.lang.String.equals() → [other] iget-object v2, p0, Lcom/samsung/android/knox/custom/KnoxCus → [invoke] com.samsung.android.knox.custom.KnoxCustomManagerService$Inj",139
com.samsung.android.localeoverlaymanager,services,com.samsung.android.knox.custom.KnoxCustomManagerService,"<com.samsung.android.knox.custom.KnoxCustomManagerService: int setSystemLocale(java.lang.String,java.lang.String)>",early_return,"[invoke] android.content.ComponentName.<init>() → [other] new-instance v0, Landroid/content/Intent; → [invoke] android.content.Intent.<init>() → [invoke] android.content.Intent.setComponent() → [invoke] android.content.Intent.putExtra()",322
com.samsung.android.knox.kpecore,services,com.samsung.android.knox.custom.KnoxCustomManagerService,"<com.samsung.android.knox.custom.KnoxCustomManagerService: int startTcpDump(java.lang.String,int)>",string_compare;early_return,"[invoke] java.lang.String.equals() → [other] move-result v1 → [branch] if-eqz v1, :cond_36 → [other] iget-object v1, p0, Lcom/samsung/android/knox/custom/KnoxCus → [invoke] android.content.Context.getPackageManager()",67
com.samsung.android.knox.kpecore,services,com.samsung.android.knox.custom.KnoxCustomManagerService,<com.samsung.android.knox.custom.KnoxCustomManagerService: int stopTcpDump()>,string_compare;early_return,"[invoke] java.lang.String.equals() → [other] move-result v1 → [branch] if-eqz v1, :cond_36 → [other] iget-object v1, p0, Lcom/samsung/android/knox/custom/KnoxCus → [invoke] android.content.Context.getPackageManager()",67
com.samsung.android.knox.kpu.demo,services,com.samsung.android.knox.analytics.util.SecurityUtils,<com.samsung.android.knox.analytics.util.SecurityUtils: void <clinit>()>,string_compare;early_return;system_property_read,,79
com.samsung.android.knox.kpu.poc,services,com.samsung.android.knox.analytics.util.SecurityUtils,<com.samsung.android.knox.analytics.util.SecurityUtils: void <clinit>()>,string_compare;early_return;system_property_read,,79
com.samsung.android.knox.analytics.uploader,services,com.samsung.android.knox.analytics.util.SecurityUtils,"<com.samsung.android.knox.analytics.util.SecurityUtils: void enforcePackageNameForContentProvider(java.lang.String,int)>",string_compare;early_return,"[invoke] java.lang.String.equals() → [other] move-result p1 → [branch] if-eqz p1, :cond_1e → [reassigned] p1 overwritten",78
com.samsung.android.knox.analytics.uploader,services,com.samsung.android.knox.analytics.util.UploaderBroadcaster,"<com.samsung.android.knox.analytics.util.UploaderBroadcaster: void broadcastAnalyticsStatus(android.content.Context,boolean,boolean)>",early_return,[invoke] android.content.ComponentName.<init>(),76
com.samsung.android.knox.analytics.uploader,services,com.samsung.android.knox.analytics.util.UploaderBroadcaster,<com.samsung.android.knox.analytics.util.UploaderBroadcaster: void broadcastDbSizeWarning(android.content.Context)>,early_return,[invoke] android.content.ComponentName.<init>(),35
com.sec.android.app.shealth,services,com.samsung.android.knox.analytics.activation.ActivationMonitor,<com.samsung.android.knox.analytics.activation.ActivationMonitor: void <clinit>()>,early_return,"[other] filled-new-array {v0}, [Ljava/lang/String; → [reassigned] v0 overwritten",46
com.samsung.knox.securefolder,services,com.samsung.android.knox.analytics.activation.ActivationMonitor,<com.samsung.android.knox.analytics.activation.ActivationMonitor: void <clinit>()>,early_return,"[other] filled-new-array {v0}, [Ljava/lang/String; → [reassigned] v0 overwritten",46
com.samsung.android.mcfds,services,com.samsung.android.mcfds.lib.AbstractDeviceSyncManager,<com.samsung.android.mcfds.lib.AbstractDeviceSyncManager: boolean connectService(com.samsung.android.mcfds.lib.AbstractDeviceSyncManager$StateListener)>,early_return,[invoke] android.content.ComponentName.<init>() → [reassigned] v4 overwritten,103
com.samsung.android.mcfds,services,com.samsung.android.mcfds.lib.AbstractDeviceSyncManager,"<com.samsung.android.mcfds.lib.AbstractDeviceSyncManager: boolean connectServiceAsUser(com.samsung.android.mcfds.lib.AbstractDeviceSyncManager$StateListener,android.os.UserHandle)>",early_return,[invoke] android.content.ComponentName.<init>() → [reassigned] v4 overwritten,123
com.samsung.android.mcfserver,services,com.samsung.android.mcf.McfContext,<com.samsung.android.mcf.McfContext: boolean a(com.samsung.android.mcf.McfContext$EventListener)>,early_return,[invoke] android.content.ComponentName.<init>() → [reassigned] v6 overwritten,102
com.samsung.android.mcfserver,services,com.samsung.android.mcf.McfAdapter,<com.samsung.android.mcf.McfAdapter: long getServiceVersionCode(android.content.Context)>,,"[invoke] android.content.pm.PackageManager.getPackageInfo() → [other] move-result-wide v1 → [invoke] java.lang.StringBuilder.append() → [other] return-wide v1 → [other] new-instance v1, Ljava/lang/StringBuilder;",73
com.samsung.android.mcfds,services,com.samsung.android.mcf.continuity.impl.ContinuityAdapterImpl,<com.samsung.android.mcf.continuity.impl.ContinuityAdapterImpl: android.content.Intent createStartIntent(android.content.Context)>,,[invoke] android.content.ComponentName.<init>(),35
com.samsung.android.mcfds,services,com.samsung.android.mcf.continuity.impl.ContinuityAdapterImpl,<com.samsung.android.mcf.continuity.impl.ContinuityAdapterImpl: android.content.Intent createStartIntentForPublicService(android.content.Context)>,,[invoke] android.content.ComponentName.<init>(),43
com.samsung.android.mcfds,services,com.samsung.android.mcf.continuity.impl.ContinuityAdapterImpl,"<com.samsung.android.mcf.continuity.impl.ContinuityAdapterImpl: void lambda$bindService$2(com.samsung.android.mcf.continuity.api.ContinuityAdapter$ServiceStateListener,android.content.Context)>",early_return,"[invoke] android.content.pm.PackageManager.checkSignatures() → [other] move v4, v3 → [reassigned] v4 overwritten",157
com.samsung.android.mcfds,services,com.samsung.android.mcf.continuity.common.VersionUtil,<com.samsung.android.mcf.continuity.common.VersionUtil: long getServiceVersionCode(android.content.Context)>,,"[invoke] android.content.pm.PackageManager.getPackageInfo() → [other] move-result-wide v0 → [other] return-wide v0 → [other] new-instance v0, Ljava/lang/StringBuilder; → [invoke] java.lang.StringBuilder.<init>()",62
com.samsung.android.mcfserver,services,com.samsung.android.mcf.common.Utils,<com.samsung.android.mcf.common.Utils: long getMcfVersionCode(android.content.Context)>,,"[invoke] android.content.pm.PackageManager.getPackageInfo() → [other] move-result-wide v0 → [other] return-wide v0 → [other] new-instance v0, Ljava/lang/StringBuilder; → [invoke] java.lang.StringBuilder.<init>()",54
com.samsung.android.mcfserver,services,com.samsung.android.mcf.common.Utils,<com.samsung.android.mcf.common.Utils: java.util.ArrayList getServerDeniedPermissions(android.content.Context)>,,"[invoke] android.content.pm.PackageManager.checkPermission() → [other] move-result v7 → [branch] if-eqz v7, :cond_3d → [other] new-instance v7, Ljava/lang/StringBuilder; → [invoke] java.lang.StringBuilder.<init>()",89
com.samsung.android.mcfserver,services,com.samsung.android.mcf.common.Utils,"<com.samsung.android.mcf.common.Utils: boolean hasNoPermission(android.content.Context,java.lang.String)>",early_return,"[invoke] android.content.pm.PackageManager.checkPermission() → [other] move-result p0 → [branch] if-eqz p0, :cond_3e → [other] new-instance p0, Ljava/lang/StringBuilder; → [invoke] java.lang.StringBuilder.<init>()",80
com.samsung.android.mcfserver,services,com.samsung.android.mcf.common.Utils,<com.samsung.android.mcf.common.Utils: boolean isMcfInstalled(android.content.Context)>,early_return,"[invoke] android.content.pm.PackageManager.getPackageInfo() → [other] new-instance v1, Ljava/lang/StringBuilder; → [invoke] java.lang.StringBuilder.<init>() → [invoke] java.lang.StringBuilder.append() → [invoke] java.lang.StringBuilder.append()",50
com.sec.enterprise.knox.cloudmdm.smdms,services,com.samsung.accessory.manager.authentication.usb.UsbAuthenticator,"<com.samsung.accessory.manager.authentication.usb.UsbAuthenticator: boolean notifyFriendsStateChanged(boolean,byte[],byte[])>",early_return,"[invoke] android.content.ComponentName.<init>() → [other] new-instance v0, Landroid/content/Intent; → [invoke] android.content.Intent.<init>() → [invoke] android.content.Intent.setComponent() → [reassigned] v0 overwritten",104
com.sec.enterprise.knox.cloudmdm.smdms,services,com.samsung.accessory.manager.authentication.cover.CoverAuthenticator,"<com.samsung.accessory.manager.authentication.cover.CoverAuthenticator: boolean notifyFriendsStateChanged(boolean,byte[],byte[])>",early_return,"[invoke] android.content.ComponentName.<init>() → [other] new-instance v0, Landroid/content/Intent; → [invoke] android.content.Intent.<init>() → [invoke] android.content.Intent.setComponent() → [reassigned] v0 overwritten",117
com.sec.android.app.applinker,services,com.samsung.accessory.manager.authentication.cover.CoverAuthenticator,"<com.samsung.accessory.manager.authentication.cover.CoverAuthenticator: void setCoverVerified(boolean,boolean,com.samsung.accessory.manager.authentication.cover.CoverInfo,com.samsung.accessory.manager.authentication.AuthenticationResult)>",early_return,"[invoke] android.content.Intent.setPackage() → [other] iget-object v8, v0, Lcom/samsung/accessory/manager/authentic → [branch] if-eqz v8, :cond_1a9 → [other] array-length v9, v8 → [other] aget-byte v1, v8, v10",661
com.sec.android.app.applinker,services,com.samsung.accessory.manager.authentication.cover.RestrictionPolicyOberver,<com.samsung.accessory.manager.authentication.cover.RestrictionPolicyOberver: void showFelicaNotification()>,early_return,[invoke] android.content.Intent.setPackage() → [reassigned] v1 overwritten,43
com.samsung.android.rajaampat,services,com.android.server.spay.UpdateReceiver$2,<com.android.server.spay.UpdateReceiver$2: void handleMessage(android.os.Message)>,string_compare;early_return,[invoke] com.android.server.spay.Utils.backgroundWhitelist() → [invoke] java.lang.String.contains() → [invoke] com.android.server.spay.Utils.backgroundWhitelist(),359
com.samsung.android.samsungpay.gear,services,com.android.server.spay.UpdateReceiver$2,<com.android.server.spay.UpdateReceiver$2: void handleMessage(android.os.Message)>,string_compare;early_return,[invoke] com.android.server.spay.Utils.backgroundWhitelist() → [invoke] java.lang.String.contains() → [invoke] com.android.server.spay.Utils.backgroundWhitelist(),359
com.samsung.android.spaymini,services,com.android.server.spay.UpdateReceiver$2,<com.android.server.spay.UpdateReceiver$2: void handleMessage(android.os.Message)>,string_compare;early_return,[invoke] com.android.server.spay.Utils.backgroundWhitelist() → [invoke] java.lang.String.contains() → [invoke] com.android.server.spay.Utils.backgroundWhitelist(),359
com.samsung.android.spay,services,com.android.server.spay.UpdateReceiver$2,<com.android.server.spay.UpdateReceiver$2: void handleMessage(android.os.Message)>,string_compare;early_return,[invoke] com.android.server.spay.Utils.backgroundWhitelist() → [invoke] java.lang.String.contains() → [invoke] com.android.server.spay.Utils.backgroundWhitelist(),359
com.samsung.android.spayfw,services,com.android.server.spay.UpdateReceiver$2,<com.android.server.spay.UpdateReceiver$2: void handleMessage(android.os.Message)>,string_compare;early_return,[invoke] com.android.server.spay.Utils.backgroundWhitelist() → [invoke] java.lang.StringBuilder.append() → [invoke] java.lang.StringBuilder.append() → [reassigned] v0 overwritten,359
com.samsung.android.spay,services,com.android.server.spay.UpdateReceiver,<com.android.server.spay.UpdateReceiver: void triggerPFInstall(android.content.Context)>,early_return,[invoke] android.content.ComponentName.<init>() → [reassigned] v1 overwritten,38
com.samsung.android.spay,services,com.android.server.spay.Utils,"<com.android.server.spay.Utils: boolean backgroundWhitelist(android.content.Context,java.lang.String,boolean)>",allowlist_check;string_compare;early_return,"[invoke] java.lang.String.equals() → [invoke] java.lang.String.equals() → [other] move-result v2 → [branch] if-eqz v2, :cond_4f → [other] move-result v2",299
com.samsung.android.rajaampat,services,com.android.server.spay.Utils,"<com.android.server.spay.Utils: boolean backgroundWhitelist(android.content.Context,java.lang.String,boolean)>",allowlist_check;string_compare;early_return,[invoke] java.lang.String.equals() → [invoke] java.lang.String.equals() → [reassigned] v4 overwritten,299
com.samsung.android.spayfw,services,com.android.server.spay.Utils,"<com.android.server.spay.Utils: boolean backgroundWhitelist(android.content.Context,java.lang.String,boolean)>",allowlist_check;string_compare;early_return,"[invoke] java.lang.String.equals() → [other] move-result v3 → [branch] if-nez v3, :cond_43 → [reassigned] v3 overwritten",299
com.samsung.android.spaymini,services,com.android.server.spay.Utils,"<com.android.server.spay.Utils: boolean backgroundWhitelist(android.content.Context,java.lang.String,boolean)>",allowlist_check;string_compare;early_return,"[invoke] java.lang.String.equals() → [other] move-result v3 → [branch] if-nez v3, :cond_43 → [reassigned] v3 overwritten",299
com.samsung.android.samsungpay.gear,services,com.android.server.spay.Utils,"<com.android.server.spay.Utils: boolean backgroundWhitelist(android.content.Context,java.lang.String,boolean)>",allowlist_check;string_compare;early_return,"[invoke] java.lang.String.equals() → [other] move-result v3 → [branch] if-nez v3, :cond_43 → [other] move-result v3 → [branch] if-nez v3, :cond_43",299
com.qualcomm.qti.services.secureui,services,com.android.server.spay.Utils,<com.android.server.spay.Utils: boolean sendSecureUIAbortIntent(android.content.Context)>,early_return,"[invoke] android.content.Intent.setPackage() → [other] sget-object v1, Landroid/os/UserHandle;->CURRENT:Landroid/os → [invoke] android.content.Context.sendBroadcastAsUser()",34
com.samsung.android.spayfw,services,com.android.server.spay.PaymentManagerService,<com.android.server.spay.PaymentManagerService: void <init>(android.content.Context)>,early_return,[invoke] android.content.IntentFilter.addDataSchemeSpecificPart() → [invoke] com.android.server.spay.Utils.backgroundWhitelist(),112
com.samsung.android.spay,services,com.android.server.spay.PaymentManagerService,<com.android.server.spay.PaymentManagerService: void <init>(android.content.Context)>,early_return,[invoke] android.content.IntentFilter.addDataSchemeSpecificPart() → [invoke] com.android.server.spay.Utils.backgroundWhitelist(),112
com.samsung.android.spaymini,services,com.android.server.spay.PaymentManagerService,<com.android.server.spay.PaymentManagerService: void <init>(android.content.Context)>,early_return,[invoke] android.content.IntentFilter.addDataSchemeSpecificPart() → [invoke] com.android.server.spay.Utils.backgroundWhitelist(),112
com.samsung.android.samsungpay.gear,services,com.android.server.spay.PaymentManagerService,<com.android.server.spay.PaymentManagerService: void <init>(android.content.Context)>,early_return,[invoke] android.content.IntentFilter.addDataSchemeSpecificPart() → [invoke] com.android.server.spay.Utils.backgroundWhitelist(),112
com.samsung.android.rajaampat,services,com.android.server.spay.PaymentManagerService,<com.android.server.spay.PaymentManagerService: void <init>(android.content.Context)>,early_return,[invoke] android.content.IntentFilter.addDataSchemeSpecificPart() → [invoke] com.android.server.spay.Utils.backgroundWhitelist(),112
com.samsung.android.spayfw,services,com.android.server.spay.PaymentManagerService,<com.android.server.spay.PaymentManagerService: void disablePaymentFrameworkUpdateRemoval()>,string_compare;early_return,[invoke] com.samsung.android.knox.application.ApplicationPolicy.setAp,41
com.samsung.android.spay,services,com.android.server.spay.PaymentManagerService,<com.android.server.spay.PaymentManagerService: void disableSpay(android.content.Context)>,early_return;package_enable_disable,[invoke] android.content.pm.PackageManager.getPackageInfo() → [invoke] android.content.pm.PackageManager.getApplicationEnabledSetti → [invoke] android.content.pm.PackageManager.setApplicationEnabledSetti,104
com.samsung.android.hmt.vrsvc,services,com.android.server.vr.XrManagerService,<com.android.server.vr.XrManagerService: boolean isReady()>,early_return,[invoke] android.content.pm.PackageManager.checkSignatures(),74
com.samsung.android.hmt.vrsvc,services,com.android.server.vr.XrManagerService,<com.android.server.vr.XrManagerService: void updateDockStateLocked()>,early_return;identity_read,[invoke] android.content.Intent.setPackage() → [reassigned] v0 overwritten,133
com.samsung.android.hmt.vrsvc,services,com.android.server.vr.HmtManager,<com.android.server.vr.HmtManager: java.util.ArrayList getSupportDevices(java.lang.String)>,string_compare,[invoke] android.content.pm.PackageManager.getApplicationInfo() → [reassigned] v1 overwritten,157
com.samsung.android.scpm,services,com.android.server.vr.HmtManager,<com.android.server.vr.HmtManager: boolean isScpmV2Available(android.content.Context)>,early_return,"[invoke] android.content.pm.PackageManager.getPackageInfo() → [other] new-instance v1, Ljava/lang/StringBuilder; → [invoke] java.lang.StringBuilder.<init>() → [invoke] java.lang.StringBuilder.append() → [invoke] java.lang.StringBuilder.append()",83
com.samsung.android.sm.policy,services,com.android.server.vr.HmtManager,<com.android.server.vr.HmtManager: void updateSupportDevicePolicy()>,string_compare;early_return,"[invoke] java.lang.StringBuilder.append() → [other] const-string/jumbo v3, ""policy_item"" → [invoke] android.net.Uri.withAppendedPath() → [reassigned] v3 overwritten",992
com.samsung.android.hmt.vrsvc,services,com.android.server.vr.XrPackageHelper$1,"<com.android.server.vr.XrPackageHelper$1: void onPackageAdded(java.lang.String,int)>",string_compare;early_return,[invoke] java.lang.String.equals() → [reassigned] v0 overwritten,45
com.samsung.android.hmt.vrsvc,services,com.android.server.vr.XrPackageHelper$1,"<com.android.server.vr.XrPackageHelper$1: void onPackageAppeared(java.lang.String,int)>",string_compare;early_return,[invoke] java.lang.String.equals() → [reassigned] v0 overwritten,45
com.samsung.android.hmt.vrsvc,services,com.android.server.vr.XrPackageHelper$1,"<com.android.server.vr.XrPackageHelper$1: void onPackageDisappeared(java.lang.String,int)>",string_compare;early_return,[invoke] java.lang.String.equals() → [reassigned] v0 overwritten,45
com.samsung.android.hmt.vrsvc,services,com.android.server.vr.XrPackageHelper$1,<com.android.server.vr.XrPackageHelper$1: void onPackageModified(java.lang.String)>,string_compare;early_return,[invoke] java.lang.String.equals() → [reassigned] v0 overwritten,31
com.samsung.android.hmt.vrsvc,services,com.android.server.vr.XrPackageHelper$1,"<com.android.server.vr.XrPackageHelper$1: void onPackageRemoved(java.lang.String,int)>",string_compare;early_return,[invoke] java.lang.String.equals() → [reassigned] v0 overwritten,45
com.samsung.android.hmt.vrsvc,services,com.android.server.vr.XrPackageHelper$1,"<com.android.server.vr.XrPackageHelper$1: void onPackageUpdateFinished(java.lang.String,int)>",string_compare;early_return,"[invoke] java.lang.String.equals() → [other] move-result p0 → [branch] if-eqz p0, :cond_23 → [other] new-instance p0, Ljava/lang/StringBuilder; → [invoke] java.lang.StringBuilder.<init>()",38
com.samsung.android.hmt.vrsvc,services,com.android.server.vr.XrPackageHelper$1,"<com.android.server.vr.XrPackageHelper$1: void onPackageUpdateStarted(java.lang.String,int)>",string_compare;early_return,"[invoke] java.lang.String.equals() → [other] move-result p0 → [branch] if-eqz p0, :cond_23 → [other] new-instance p0, Ljava/lang/StringBuilder; → [invoke] java.lang.StringBuilder.<init>()",38
com.samsung.android.hmt.vrsvc,services,com.android.server.vr.XrPackageHelper,<com.android.server.vr.XrPackageHelper: boolean isVrServiceEnabled()>,early_return,[invoke] android.content.pm.PackageManager.getApplicationEnabledSetti → [invoke] android.content.pm.PackageManager.getApplicationEnabledSetti,59
com.samsung.android.hmt.vrsvc,services,com.android.server.vr.XrPackageHelper,<com.android.server.vr.XrPackageHelper: boolean isVrServiceInstalled()>,early_return,[invoke] android.content.pm.PackageManager.getPackageInfo(),27
com.android.traceur,services,com.android.server.tracing.TracingServiceProxy,<com.android.server.tracing.TracingServiceProxy: void notifyTraceur(boolean)>,early_return,[invoke] android.content.pm.PackageManager.getPackageInfo() → [reassigned] v3 overwritten,111
com.samsung.android.oneconnect,services,com.android.server.smartthings.SmartThingsService,<com.android.server.smartthings.SmartThingsService: void <init>(android.content.Context)>,early_return,[invoke] android.content.IntentFilter.addDataSchemeSpecificPart() → [reassigned] v1 overwritten,53
com.samsung.android.oneconnect,services,com.android.server.smartthings.SmartThingsService,<com.android.server.smartthings.SmartThingsService: void backgroundWhitelist(android.content.Context)>,early_return,[invoke] android.content.pm.PackageManager.getApplicationInfo() → [reassigned] v0 overwritten,90
com.android.shell,services,com.android.server.vibrator.VibratorManagerService$VibratorManagerShellCommand$CommonOptions,<com.android.server.vibrator.VibratorManagerService$VibratorManagerShellCommand$CommonOptions: void <init>(com.android.server.vibrator.VibratorManagerService$VibratorManagerShellCommand)>,string_compare;early_return,[field_store] com.android.server.vibrator.VibratorManagerService$VibratorM → [reassigned] v1 overwritten,177
com.nttdocomo.android.phonemotion,services,com.android.server.vibrator.VibratorManagerService,<com.android.server.vibrator.VibratorManagerService: boolean isDocomoVibrate(java.lang.String)>,string_compare;early_return,"[invoke] android.text.TextUtils.equals() → [other] move-result p0 → [branch] if-eqz p0, :cond_e → [reassigned] p0 overwritten",27
com.google.android.cellbroadcastreceiver,services,com.android.server.vibrator.VibratorManagerService,<com.android.server.vibrator.VibratorManagerService: com.android.server.vibrator.Vibration$Status shouldIgnoreVibrationForOngoingLocked(com.android.server.vibrator.Vibration)>,string_compare,[invoke] android.text.TextUtils.equals() → [reassigned] p1 overwritten,167
com.sds.squaremessenger,services,com.android.server.statusbar.StatusBarManagerService,<com.android.server.statusbar.StatusBarManagerService: void <init>(android.content.Context)>,early_return,"[invoke] java.util.List.of() → [other] const-class v6, Lcom/android/server/statusbar/StatusBarManag → [invoke] com.android.server.LocalServices.addService()",284
com.sds.teams,services,com.android.server.statusbar.StatusBarManagerService,<com.android.server.statusbar.StatusBarManagerService: void <init>(android.content.Context)>,early_return,[invoke] java.util.List.of(),284
com.samsung.android.incallui,services,com.android.server.wm.FoldingPolicy,"<com.android.server.wm.FoldingPolicy: boolean isInCallPackage(java.lang.String,java.lang.String)>",string_compare;early_return,"[invoke] java.lang.String.equals() → [other] move-result p1 → [branch] if-eqz p1, :cond_15",35
com.samsung.android.spay,services,com.android.server.wm.DisplayPolicyExt,"<com.android.server.wm.DisplayPolicyExt: void addWindowLw(com.android.server.wm.WindowState,android.view.WindowManager$LayoutParams)>",early_return,[invoke] java.lang.String.startsWith() → [reassigned] v1 overwritten,140
com.samsung.android.rajaampat,services,com.android.server.wm.DisplayPolicyExt,"<com.android.server.wm.DisplayPolicyExt: void addWindowLw(com.android.server.wm.WindowState,android.view.WindowManager$LayoutParams)>",early_return,[invoke] java.lang.String.startsWith(),140
com.android.systemui,services,com.android.server.wm.CoreStateController,"<com.android.server.wm.CoreStateController: void notifyCoreStatesChangedLocked(int,java.lang.Runnable)>",allowlist_check;string_compare;early_return,"[invoke] java.lang.String.equals() → [other] const-string/jumbo v9, ""update systemUI\'s states with curre → [invoke] android.util.Slog.d() → [other] new-instance v9, Ljava/lang/StringBuilder; → [invoke] java.lang.StringBuilder.<init>()",308
com.samsung.android.app.notes,services,com.android.server.wm.WindowProcessController,<com.android.server.wm.WindowProcessController: void <clinit>()>,early_return,"[other] filled-new-array {v1, v2, v3}, [Ljava/lang/String; → [reassigned] v1 overwritten",27
com.sec.android.app.sbrowser,services,com.android.server.wm.WindowProcessController,<com.android.server.wm.WindowProcessController: void <clinit>()>,early_return,"[other] filled-new-array {v1, v2, v3}, [Ljava/lang/String;",27
com.sec.android.app.myfiles,services,com.android.server.wm.WindowProcessController,<com.android.server.wm.WindowProcessController: void <clinit>()>,early_return,"[other] filled-new-array {v1, v2, v3}, [Ljava/lang/String;",27
com.samsung.android.multistar,services,com.android.server.wm.MultiStarController,<com.android.server.wm.MultiStarController: void <clinit>()>,early_return,"[other] filled-new-array {v0, v1, v2}, [Ljava/lang/String; → [reassigned] v0 overwritten",22
com.android.systemui,services,com.android.server.wm.MultiStarController,<com.android.server.wm.MultiStarController: void <clinit>()>,early_return,"[other] filled-new-array {v0, v1, v2}, [Ljava/lang/String;",22
com.android.settings,services,com.android.server.wm.MultiStarController,<com.android.server.wm.MultiStarController: void <clinit>()>,early_return,"[other] filled-new-array {v0, v1, v2}, [Ljava/lang/String;",22
com.android.settings,services,com.android.server.wm.ActivityStarter,"<com.android.server.wm.ActivityStarter: int checkStartActivityAllowedByEDM(android.content.Intent,android.content.pm.ActivityInfo,int,com.android.server.wm.SafeActivityOptions,android.content.ComponentName,java.lang.String)>",string_compare;early_return,"[invoke] java.lang.String.equals() → [other] move-result v8 → [branch] if-eqz v8, :cond_17c → [reassigned] v8 overwritten",1179
com.vlingo.midas,services,com.android.server.wm.ActivityStarter,"<com.android.server.wm.ActivityStarter: int checkStartActivityAllowedByEDM(android.content.Intent,android.content.pm.ActivityInfo,int,com.android.server.wm.SafeActivityOptions,android.content.ComponentName,java.lang.String)>",string_compare;early_return,"[invoke] java.lang.String.equals() → [other] move-result v8 → [branch] if-nez v8, :cond_1ad → [reassigned] v8 overwritten",1179
com.samsung.voiceserviceplatform,services,com.android.server.wm.ActivityStarter,"<com.android.server.wm.ActivityStarter: int checkStartActivityAllowedByEDM(android.content.Intent,android.content.pm.ActivityInfo,int,com.android.server.wm.SafeActivityOptions,android.content.ComponentName,java.lang.String)>",string_compare;early_return,"[invoke] java.lang.String.equals() → [other] move-result v8 → [branch] if-eqz v8, :cond_1a9 → [reassigned] v8 overwritten",1179
com.samsung.android.applock,services,com.android.server.wm.ActivityStarter,<com.android.server.wm.ActivityStarter: int executeRequest(com.android.server.wm.ActivityStarter$Request)>,string_compare;early_return,[invoke] android.content.Intent.setPackage() → [reassigned] v1 overwritten,3241
com.android.systemui,services,com.android.server.wm.ScreenshotExecutor,<com.android.server.wm.ScreenshotExecutor: void takeScreenshot(com.android.server.wm.ScreenshotExecutor$ScreenshotInfo)>,early_return,[invoke] android.content.ComponentName.<init>() → [reassigned] v4 overwritten,159
com.samsung.android.da.daagent,services,com.android.server.wm.ActivityTaskManagerService,"<com.android.server.wm.ActivityTaskManagerService: int startActivityAsCaller(android.app.IApplicationThread,java.lang.String,android.content.Intent,java.lang.String,android.os.IBinder,java.lang.String,int,int,android.app.ProfilerInfo,android.os.Bundle,boolean,int)>",string_compare;early_return,"[invoke] java.lang.String.equals() → [other] move-result v7 → [branch] if-eqz v7, :cond_8d → [other] move v7, v9 → [other] move v7, v10",478
com.tencent.mm,services,com.android.server.wm.ActivityStartController,"<com.android.server.wm.ActivityStartController: int startActivityInPackage(int,int,int,java.lang.String,java.lang.String,android.content.Intent,java.lang.String,android.os.IBinder,java.lang.String,int,int,com.android.server.wm.SafeActivityOptions,int,com.android.server.wm.Task,java.lang.String,boolean,com.android.server.am.PendingIntentRecord,boolean)>",string_compare;early_return,[invoke] java.lang.String.equals() → [reassigned] v3 overwritten,524
com.tencent.mobileqq,services,com.android.server.wm.ActivityStartController,"<com.android.server.wm.ActivityStartController: int startActivityInPackage(int,int,int,java.lang.String,java.lang.String,android.content.Intent,java.lang.String,android.os.IBinder,java.lang.String,int,int,com.android.server.wm.SafeActivityOptions,int,com.android.server.wm.Task,java.lang.String,boolean,com.android.server.am.PendingIntentRecord,boolean)>",string_compare;early_return,[invoke] java.lang.String.equals() → [reassigned] v3 overwritten,524
com.samsung.android.applock,services,com.android.server.wm.ActivityTaskManagerServiceExt,"<com.android.server.wm.ActivityTaskManagerServiceExt: void lambda$checkAppLockState$0(java.lang.String,int,boolean,android.content.Intent)>",early_return,[invoke] android.content.Intent.setPackage() → [reassigned] v1 overwritten,104
com.android.systemui,services,com.android.server.wm.ActivityTaskManagerServiceExt,<com.android.server.wm.ActivityTaskManagerServiceExt: void setSystemUiPidIfNeed(com.android.server.wm.WindowProcessController)>,string_compare;early_return,"[invoke] java.lang.String.equals() → [other] const-string/jumbo v1, ""setSystemUiPidIfNeed : "" → [invoke] java.lang.StringBuilder.append() → [other] move-result v1 → [invoke] java.lang.StringBuilder.append()",51
com.samsung.android.applock,services,com.android.server.wm.ActivityTaskManagerServiceExt,<com.android.server.wm.ActivityTaskManagerServiceExt: void startAppLockActivity(com.android.server.wm.ActivityRecord)>,early_return;installer_check,"[invoke] android.content.Intent.setPackage() → [other] iget-object v3, v0, Lcom/android/server/wm/ActivityTaskManag → [other] iget-object v7, v3, Lcom/android/server/wm/ActivityTaskManag → [other] iget-object v3, v0, Lcom/android/server/wm/ActivityTaskManag → [invoke] android.content.Context.getContentResolver()",436
com.android.systemui,services,com.android.server.wm.MinimizeContainerServiceBinder,<com.android.server.wm.MinimizeContainerServiceBinder: void <init>(com.android.server.wm.ActivityTaskManagerService)>,early_return,[invoke] com.android.server.wm.FreeformContainerServiceBinder.setServ,15
com.samsung.android.app.tips,services,com.android.server.wm.WindowManagerServiceExt,"<com.android.server.wm.WindowManagerServiceExt: void showJustInTimeTips(java.lang.String,java.lang.String,java.lang.String,android.content.Intent,int)>",early_return,"[invoke] android.content.Intent.setClassName() → [other] const-string/jumbo v1, ""tips_extras"" → [invoke] android.content.Intent.putExtra() → [other] const-string/jumbo v1, ""tips_extras2"" → [invoke] android.content.Intent.putExtra()",99
com.samsung.android.incallui,services,com.android.server.wm.MultiWindowFoldController,"<com.android.server.wm.MultiWindowFoldController: boolean lambda$findDialerTaskLocked$1(java.lang.String,com.android.server.wm.Task)>",string_compare;early_return,[invoke] java.lang.String.equals(),49
com.sec.android.app.kidshome,services,com.android.server.wm.MultiWindowEnableController,<com.android.server.wm.MultiWindowEnableController: boolean isKidsHomeMode()>,early_return,[invoke] java.lang.String.contains(),62
com.att.iqi,services,com.android.server.wm.WindowSurfaceController,"<com.android.server.wm.WindowSurfaceController: void <init>(java.lang.String,int,int,com.android.server.wm.WindowStateAnimator,int)>",early_return,[invoke] java.lang.String.replace(),254
com.samsung.controlpanel,services,com.android.server.wm.MultiTaskingBinder,"<com.android.server.wm.MultiTaskingBinder: void dismissSplitTask(android.os.IBinder,boolean)>",early_return,"[other] filled-new-array {v2}, [Ljava/lang/String; → [reassigned] v2 overwritten",320
com.samsung.systemui.navillera,services,com.android.server.wm.MultiTaskingBinder,<com.android.server.wm.MultiTaskingBinder: void setNaviStarSplitImmersiveMode(boolean)>,early_return,"[other] filled-new-array {v3}, [Ljava/lang/String; → [reassigned] v3 overwritten",105
com.samsung.android.sidegesturepad,services,com.android.server.wm.MultiTaskingBinder,<com.android.server.wm.MultiTaskingBinder: boolean toggleFreeformWindowingMode()>,early_return,"[other] filled-new-array {v3}, [Ljava/lang/String; → [reassigned] v3 overwritten",85
com.samsung.android.incallui,services,com.android.server.wm.PersonaActivityHelper,<com.android.server.wm.PersonaActivityHelper: boolean canShowWhenLocked(com.android.server.wm.ActivityRecord)>,string_compare;early_return,[invoke] java.lang.String.equals() → [reassigned] v0 overwritten,90
com.sec.android.app.camera,services,com.android.server.wm.PersonaActivityHelper,"<com.android.server.wm.PersonaActivityHelper: boolean isIntentFromShowWhenLockedCase(android.content.Intent,android.content.pm.ActivityInfo)>",string_compare;early_return,"[invoke] java.lang.String.equalsIgnoreCase() → [other] const/high16 v1, 0x800000 → [other] and-int/2addr p2, v1 → [reassigned] v1 overwritten",408
com.att.iqi,services,com.android.server.wm.ActivityRecord,<com.android.server.wm.ActivityRecord: java.lang.String toString()>,,[invoke] java.lang.String.replace(),165
com.sec.android.sdhms,services,com.android.server.wm.ActivityMetricsLogger,"<com.android.server.wm.ActivityMetricsLogger: void logAppTransition(long,long,int,com.android.server.wm.ActivityMetricsLogger$TransitionInfoSnapshot,boolean)>",early_return,"[invoke] android.content.Intent.setPackage() → [other] iget-object v3, v1, Lcom/android/server/wm/ActivityMetricsLo → [invoke] android.content.Intent.putExtra() → [other] iget-object v3, v1, Lcom/android/server/wm/ActivityMetricsLo → [invoke] android.content.Intent.putExtra()",797
com.android.systemui,services,com.android.server.wm.RecentTasks,<com.android.server.wm.RecentTasks: boolean isSystemProcessName(java.lang.String)>,string_compare;early_return,"[invoke] java.lang.String.equals() → [other] move-result p0 → [branch] if-nez p0, :cond_14 → [other] const-string/jumbo p0, ""system:ui"" → [invoke] java.lang.String.equals()",34
com.samsung.android.app.appsedge,services,com.android.server.wm.RecentTasks,<com.android.server.wm.RecentTasks: void loadRecentsComponent(android.content.res.Resources)>,early_return,[invoke] android.content.pm.IPackageManager.getApplicationInfo() → [reassigned] v2 overwritten,140
com.sec.android.easyonehand,services,com.android.server.wm.OneHandOpPolicy,<com.android.server.wm.OneHandOpPolicy: void lambda$screenTurnedOff$1()>,early_return,[invoke] android.content.ComponentName.<init>(),40
com.sec.android.easyonehand,services,com.android.server.wm.OneHandOpPolicy,<com.android.server.wm.OneHandOpPolicy: void lambda$startService$2(int)>,early_return,[invoke] android.content.ComponentName.<init>(),57
com.sec.android.easyonehand,services,com.android.server.wm.OneHandOpPolicy,<com.android.server.wm.OneHandOpPolicy: void lambda$stopService$3()>,early_return,[invoke] android.content.ComponentName.<init>() → [reassigned] v2 overwritten,47
com.att.iqi,services,com.android.server.wm.WindowState,<com.android.server.wm.WindowState: java.lang.String toString()>,,[invoke] java.lang.String.replace(),120
com.samsung.android.app.appsedge,services,com.android.server.wm.MultiTaskingController,<com.android.server.wm.MultiTaskingController: void <init>(com.android.server.wm.ActivityTaskManagerService)>,early_return,"[other] filled-new-array {v0, v1}, [Ljava/lang/String; → [reassigned] v0 overwritten",174
com.samsung.controlpanel,services,com.android.server.wm.MultiTaskingController,<com.android.server.wm.MultiTaskingController: void <init>(com.android.server.wm.ActivityTaskManagerService)>,early_return,"[other] filled-new-array {v0, v1}, [Ljava/lang/String; → [other] new-instance v1, Landroid/os/RemoteCallbackList; → [invoke] android.os.RemoteCallbackList.<init>() → [field_store] com.android.server.wm.MultiTaskingController.mRemoteAppTrans → [other] new-instance v1, Lcom/android/server/wm/MultiTaskingControll",174
com.android.systemui,services,com.android.server.wm.MultiTaskingController,<com.android.server.wm.MultiTaskingController: int getSystemUiUid()>,early_return,[invoke] android.content.pm.PackageManagerInternal.getPackageUid(),36
com.samsung.android.app.appsedge,services,com.android.server.wm.MultiTaskingController,"<com.android.server.wm.MultiTaskingController: void showOverlayAllApps(android.os.IBinder,int[])>",early_return,"[invoke] android.content.Intent.setClassName() → [other] sget-object p2, Lcom/android/server/wm/MultiTaskingControlle → [invoke] android.util.Slog.d() → [other] iget-object p2, p0, Lcom/android/server/wm/MultiTaskingContr → [invoke] android.os.Handler.post()",142
com.android.systemui,services,com.android.server.wm.SmartPopupViewServiceBinder,<com.android.server.wm.SmartPopupViewServiceBinder: void <init>(com.android.server.wm.ActivityTaskManagerService)>,early_return,[invoke] com.android.server.wm.FreeformContainerServiceBinder.setServ,15
com.samsung.android.carlink,services,com.android.server.wm.ActivityStartInterceptor,"<com.android.server.wm.ActivityStartInterceptor: android.content.Intent createCarlifeHomeIntent(int,java.lang.String)>",,[invoke] android.content.Intent.setClassName() → [reassigned] v0 overwritten,34
com.samsung.android.service.aircommand,services,com.android.server.smartclip.BleSpenManager,"<com.android.server.smartclip.BleSpenManager: void startBlindChargeService(android.content.Context,android.os.Bundle)>",early_return,"[invoke] android.content.Intent.setClassName() → [other] const-string/jumbo v1, ""startBlindChargeService : Failed to  → [invoke] java.lang.StringBuilder.append()",130
com.samsung.android.service.aircommand,services,com.android.server.smartclip.BleSpenManager,"<com.android.server.smartclip.BleSpenManager: void startRemoteSpenService(android.content.Context,android.os.Bundle)>",early_return,"[invoke] android.content.Intent.setClassName() → [other] const-string/jumbo v1, ""startRemoteSpenService : Failed to s → [invoke] java.lang.StringBuilder.append()",131
com.samsung.android.pentastic,services,com.android.server.smartclip.SpenThemeManager,<com.android.server.smartclip.SpenThemeManager: void clearCustomDoubleTapAction(java.lang.String)>,string_compare;early_return,[invoke] java.lang.String.equals() → [reassigned] v0 overwritten,47
com.samsung.android.service.aircommand,services,com.android.server.smartclip.SpenThemeManager,"<com.android.server.smartclip.SpenThemeManager: void launchCustomDoubleTapAction(android.os.UserHandle,android.graphics.Point)>",early_return,"[invoke] android.content.Intent.setPackage() → [other] iget v1, p2, Landroid/graphics/Point;->x:I → [invoke] android.content.Intent.putExtra() → [other] const-string/jumbo v1, ""tabY"" → [invoke] android.content.Intent.putExtra()",43
com.samsung.android.app.notes,services,com.android.server.smartclip.SpenGestureManagerService,<com.android.server.smartclip.SpenGestureManagerService: void launchActionMemo(android.graphics.Point)>,early_return,"[invoke] android.content.Intent.setClassName() → [other] iget v1, p1, Landroid/graphics/Point;->x:I → [invoke] android.content.Intent.putExtra() → [other] iget v1, p1, Landroid/graphics/Point;->y:I → [invoke] android.content.Intent.putExtra()",155
com.samsung.android.snote,services,com.android.server.smartclip.SpenGestureManagerService,<com.android.server.smartclip.SpenGestureManagerService: void launchActionMemo(android.graphics.Point)>,early_return,"[invoke] android.content.Intent.setClassName() → [other] sget-object v1, Lcom/android/server/smartclip/SpenGestureMan → [invoke] android.util.Log.d() → [other] sget-object v1, Lcom/android/server/smartclip/SpenGestureMan → [invoke] android.content.Context.startServiceAsUser()",155
com.diotek.mini_penmemo,services,com.android.server.smartclip.SpenGestureManagerService,<com.android.server.smartclip.SpenGestureManagerService: void launchActionMemo(android.graphics.Point)>,early_return,"[invoke] android.content.Intent.setClassName() → [other] sget-object p1, Lcom/android/server/smartclip/SpenGestureMan → [invoke] android.content.Context.startServiceAsUser() → [reassigned] p1 overwritten",155
com.samsung.android.providers.context,services,com.android.server.smartclip.SpenGestureManagerService,"<com.android.server.smartclip.SpenGestureManagerService: void sendLogSpenInsertInfo(java.lang.String,java.lang.String)>",early_return,"[invoke] android.content.Intent.setPackage() → [other] sget-object p0, Lcom/android/server/smartclip/SpenGestureMan → [invoke] android.content.Context.sendBroadcast()",52
com.sec.android.app.shealth,services,com.android.server.shealth.SamsungHealthService,<com.android.server.shealth.SamsungHealthService: void <init>(android.content.Context)>,early_return,[invoke] android.content.IntentFilter.addDataSchemeSpecificPart() → [reassigned] v0 overwritten,53
com.sec.android.app.shealth,services,com.android.server.shealth.SamsungHealthService,<com.android.server.shealth.SamsungHealthService: void backgroundAllowlist(android.content.Context)>,early_return,[invoke] android.content.pm.PackageManager.getApplicationInfo() → [reassigned] v1 overwritten,90
com.samsung.memorysaver,services,com.android.server.storage.DeviceStorageMonitorYuva,<com.android.server.storage.DeviceStorageMonitorYuva: void sendCancelUserMemLowNotification(int)>,early_return,[invoke] android.content.Intent.setClassName() → [reassigned] v1 overwritten,74
com.sec.android.autobackup,services,com.android.server.storage.DeviceStorageMonitorYuva,<com.android.server.storage.DeviceStorageMonitorYuva: void sendCancelUserMemLowNotification(int)>,early_return,[invoke] android.content.Intent.setClassName(),74
com.samsung.memorysaver,services,com.android.server.storage.DeviceStorageMonitorYuva,<com.android.server.storage.DeviceStorageMonitorYuva: void sendUserMemLowNotification(int)>,early_return,[invoke] android.content.Intent.setClassName() → [reassigned] v1 overwritten,74
com.sec.android.autobackup,services,com.android.server.storage.DeviceStorageMonitorYuva,<com.android.server.storage.DeviceStorageMonitorYuva: void sendUserMemLowNotification(int)>,early_return,[invoke] android.content.Intent.setClassName(),74
com.samsung.android.lool,services,com.android.server.storage.DeviceStorageMonitorService,"<com.android.server.storage.DeviceStorageMonitorService: void updateBroadcasts(android.os.storage.VolumeInfo,int,int,int)>",early_return,[invoke] com.samsung.android.feature.SemFloatingFeature.getString() → [invoke] com.samsung.android.feature.SemFloatingFeature.getString(),672
com.sec.usbsettings,services,com.android.server.usb.UsbDeviceManager,<com.android.server.usb.UsbDeviceManager: void setCurrentFunctions(long)>,string_compare;early_return,"[invoke] java.lang.String.equals() → [other] move-result v2 → [branch] if-nez v2, :cond_3c → [reassigned] v2 overwritten",215
com.sec.hiddenmenu,services,com.android.server.usb.UsbDeviceManager,<com.android.server.usb.UsbDeviceManager: void setCurrentFunctions(long)>,string_compare;early_return,"[invoke] java.lang.String.equals() → [other] const-string/jumbo v2, ""persist.sys.usb.q_config"" → [invoke] android.os.SystemProperties.set() → [invoke] android.os.SystemProperties.set() → [other] new-instance v2, Ljava/lang/StringBuilder;",215
com.android.settings,services,com.android.server.usb.UsbDeviceManager$UsbHandler,<com.android.server.usb.UsbDeviceManager$UsbHandler: void updateUsbNotification(boolean)>,string_compare;early_return,"[invoke] android.content.ComponentName.<init>() → [other] sget-object v7, Lcom/android/internal/notification/SystemNot → [invoke] android.content.Intent.setClassName() → [reassigned] v7 overwritten",857
com.sec.android.easyMover,services,com.android.server.usb.UsbProfileGroupSettingsManager,"<com.android.server.usb.UsbProfileGroupSettingsManager: android.content.pm.ActivityInfo getSmartSwitchActivityInfo(android.hardware.usb.UsbDevice,java.util.ArrayList)>",string_compare,[invoke] java.lang.String.equals() → [invoke] com.android.server.usb.UsbProfileGroupSettingsManager.isPrei → [invoke] java.lang.String.equals(),223
com.android.settings,services,com.android.server.usb.UsbHostRestrictor,<com.android.server.usb.UsbHostRestrictor: void showAlertDialog()>,early_return,[invoke] android.content.Intent.setClassName() → [reassigned] v1 overwritten,62
com.sec.android.app.voicenote,services,com.android.server.voicenote.VoiceNoteService,<com.android.server.voicenote.VoiceNoteService: void <init>(android.content.Context)>,early_return,[invoke] android.content.IntentFilter.addDataSchemeSpecificPart() → [reassigned] v0 overwritten,53
com.sec.android.app.voicenote,services,com.android.server.voicenote.VoiceNoteService,<com.android.server.voicenote.VoiceNoteService: void backgroundWhitelist(android.content.Context)>,early_return,[invoke] android.content.pm.PackageManager.getApplicationInfo() → [reassigned] v1 overwritten,90
com.samsung.android.themecenter,services,com.android.server.wallpaper.WallpaperManagerService,"<com.android.server.wallpaper.WallpaperManagerService: void clearWallpaper(java.lang.String,int,int)>",string_compare;early_return,"[invoke] java.lang.String.equals() → [other] move-result v2 → [branch] if-nez v2, :cond_a2 → [other] iget-object v2, v0, Lcom/android/server/wallpaper/WallpaperM → [other] iget-object v2, v2, Lcom/samsung/server/wallpaper/SemWallpap",320
com.android.wallpaperbackup,services,com.android.server.wallpaper.WallpaperManagerService,"<com.android.server.wallpaper.WallpaperManagerService: void clearWallpaperLocked(boolean,int,int,android.os.IRemoteCallback,java.lang.String)>",string_compare;early_return,"[invoke] java.lang.String.equals() → [other] move-result v10 → [branch] if-eqz v10, :cond_96 → [other] move-result v10 → [branch] if-eqz v10, :cond_f0",746
com.android.wallpaper.livepicker,services,com.android.server.wallpaper.WallpaperManagerService,"<com.android.server.wallpaper.WallpaperManagerService: void clearWallpaperLocked(boolean,int,int,android.os.IRemoteCallback,java.lang.String)>",string_compare;early_return,"[invoke] java.lang.String.equals() → [other] move-result v2 → [branch] if-eqz v2, :cond_b7 → [reassigned] v2 overwritten",746
com.samsung.android.wallpaper.res,services,com.android.server.wallpaper.WallpaperManagerService,"<com.android.server.wallpaper.WallpaperManagerService: void initVideoWallpaper(boolean,boolean)>",early_return,,197
com.android.wallpaper.livepicker,services,com.android.server.wallpaper.WallpaperManagerService,"<com.android.server.wallpaper.WallpaperManagerService: boolean isDefaultMultipack(int,int,java.lang.String)>",string_compare;early_return,"[invoke] java.lang.String.equals() → [other] move-result p0 → [branch] if-nez p0, :cond_26 → [reassigned] p0 overwritten",52
com.samsung.android.themecenter,services,com.android.server.wallpaper.WallpaperManagerService,"<com.android.server.wallpaper.WallpaperManagerService: void saveVideoWallpaperData(int,java.lang.String,java.lang.String,java.lang.String,java.lang.String,int,boolean,boolean,android.os.Bundle)>",string_compare;early_return,"[invoke] java.lang.String.equals() → [other] move-result p2 → [branch] if-nez p2, :cond_79 → [reassigned] p2 overwritten",316
com.android.systemui,services,com.android.server.wallpaper.WallpaperManagerService,"<com.android.server.wallpaper.WallpaperManagerService: void semRequestWallpaperColorsAnalysis(int,java.lang.String)>",string_compare;early_return,"[invoke] java.lang.String.equals() → [other] move-result v0 → [branch] if-nez v0, :cond_21 → [reassigned] v0 overwritten",188
com.samsung.android.app.dressroom,services,com.android.server.wallpaper.WallpaperManagerService,"<com.android.server.wallpaper.WallpaperManagerService: void semRequestWallpaperColorsAnalysis(int,java.lang.String)>",string_compare;early_return,"[invoke] java.lang.String.equals() → [other] iget-object v0, p0, Lcom/android/server/wallpaper/WallpaperM → [other] iget-object v0, v0, Lcom/samsung/server/wallpaper/SemWallpap → [invoke] com.samsung.server.wallpaper.DesktopMode.isDesktopSingleMode → [other] move-result v0",188
com.android.systemui,services,com.android.server.wallpaper.WallpaperManagerService,"<com.android.server.wallpaper.WallpaperManagerService: void semSetUri(java.lang.String,boolean,int,int,java.lang.String,int,android.os.Bundle)>",string_compare;early_return,"[invoke] java.lang.String.equals() → [other] move-result v2 → [branch] if-nez v2, :cond_33 → [reassigned] v2 overwritten",370
com.samsung.android.app.dressroom,services,com.android.server.wallpaper.WallpaperManagerService,"<com.android.server.wallpaper.WallpaperManagerService: void semSetUri(java.lang.String,boolean,int,int,java.lang.String,int,android.os.Bundle)>",string_compare;early_return,"[invoke] java.lang.String.equals() → [other] move-result v2 → [branch] if-eqz v2, :cond_2b → [other] iget-object v2, v0, Lcom/android/server/wallpaper/WallpaperM → [other] iget-object v2, v2, Lcom/samsung/server/wallpaper/SemWallpap",370
com.samsung.android.wallpaper.res,services,com.android.server.wallpaper.WallpaperManagerService,"<com.android.server.wallpaper.WallpaperManagerService: void setVideoWallpaper(java.lang.String,java.lang.String,java.lang.String,java.lang.String,int,int,boolean,android.os.Bundle)>",string_compare;early_return,"[invoke] java.lang.String.equals() → [other] move-object/from16 v5, p4",186
com.android.systemui,services,com.android.server.wallpaper.WallpaperManagerService,"<com.android.server.wallpaper.WallpaperManagerService: android.os.ParcelFileDescriptor setWallpaper(java.lang.String,java.lang.String,android.graphics.Rect,boolean,android.os.Bundle,int,android.app.IWallpaperManagerCallback,int,int,boolean,android.os.Bundle)>",string_compare,"[invoke] java.lang.String.equals() → [other] move-result v9 → [branch] if-nez v9, :cond_c7 → [reassigned] v9 overwritten",614
com.samsung.android.app.dressroom,services,com.android.server.wallpaper.WallpaperManagerService,"<com.android.server.wallpaper.WallpaperManagerService: android.os.ParcelFileDescriptor setWallpaper(java.lang.String,java.lang.String,android.graphics.Rect,boolean,android.os.Bundle,int,android.app.IWallpaperManagerCallback,int,int,boolean,android.os.Bundle)>",string_compare,"[invoke] java.lang.String.equals() → [other] move-result v9 → [branch] if-eqz v9, :cond_bf → [other] and-int/lit8 v9, v5, 0x3 → [branch] if-eqz v9, :cond_225",614
com.samsung.android.themecenter,services,com.android.server.wallpaper.WallpaperManagerService,"<com.android.server.wallpaper.WallpaperManagerService: android.os.ParcelFileDescriptor setWallpaper(java.lang.String,java.lang.String,android.graphics.Rect,boolean,android.os.Bundle,int,android.app.IWallpaperManagerCallback,int,int,boolean,android.os.Bundle)>",string_compare,"[invoke] java.lang.String.equals() → [other] move-result v13 → [branch] if-nez v13, :cond_160 → [reassigned] v13 overwritten",614
com.android.systemui,services,com.android.server.wallpaper.WallpaperManagerService,"<com.android.server.wallpaper.WallpaperManagerService: android.os.ParcelFileDescriptor setWallpaper(java.lang.String,java.lang.String,android.graphics.Rect,boolean,android.os.Bundle,int,android.app.IWallpaperManagerCallback,int,int,boolean,android.os.Bundle)>",string_compare,"[invoke] java.lang.String.equals() → [other] move-result v13 → [branch] if-nez v13, :cond_160 → [other] iget-object v13, v0, Lcom/android/server/wallpaper/Wallpaper → [other] iget-object v13, v13, Lcom/samsung/server/wallpaper/SemWallp",614
com.android.systemui,services,com.android.server.wallpaper.WallpaperManagerService$WallpaperData,<com.android.server.wallpaper.WallpaperManagerService$WallpaperData: boolean isSameWallpaperData(com.android.server.wallpaper.WallpaperManagerService$WallpaperData)>,string_compare;early_return,"[invoke] android.content.ComponentName.<init>() → [other] iget-object v1, p1, Lcom/android/server/wallpaper/WallpaperM → [invoke] android.content.ComponentName.equals()",108
com.samsung.android.mateagent,services,com.android.server.sepunion.friends.executable.ExecAccessMgr,<com.android.server.sepunion.friends.executable.ExecAccessMgr: void <clinit>()>,early_return;system_property_read,[invoke] com.android.server.sepunion.friends.executable.ExecAccessMgr → [reassigned] v2 overwritten,87
com.samsung.android.mateagent,services,com.android.server.sepunion.friends.agentsvc.AgentSvcMgr,"<com.android.server.sepunion.friends.agentsvc.AgentSvcMgr: void <init>(android.content.Context,com.android.server.sepunion.friends.common.Logger)>",early_return,[invoke] android.content.ComponentName.<init>(),50
com.samsung.android.mateagent,services,com.android.server.sepunion.friends.agentsvc.AgentSvcClient,<com.android.server.sepunion.friends.agentsvc.AgentSvcClient: boolean connect()>,early_return,"[invoke] android.content.Intent.setClassName() → [other] iget-object v4, p0, Lcom/android/server/sepunion/friends/age → [invoke] com.android.server.sepunion.friends.common.FwDependency.bind → [other] const-wide/16 v4, 0x7d0 → [invoke] java.util.concurrent.BlockingDeque.poll()",146
com.sec.android.app.popupuireceiver,services,com.android.server.sepunion.cover.CoverManagerUtils,"<com.android.server.sepunion.cover.CoverManagerUtils: void showRuggedizedPopup(android.content.Context,boolean,boolean)>",early_return,"[invoke] android.content.Intent.setClassName() → [invoke] android.content.Intent.setClassName() → [other] const-string/jumbo v1, ""verified"" → [invoke] android.content.Intent.putExtra() → [reassigned] v1 overwritten",95
com.android.systemui,services,com.android.server.sepunion.cover.CoverServiceManager$1,"<com.android.server.sepunion.cover.CoverServiceManager$1: void onReceive(android.content.Context,android.content.Intent)>",string_compare;early_return,"[invoke] java.lang.String.equals() → [other] move-result p2 → [branch] if-eqz p2, :cond_a9 → [reassigned] p2 overwritten",209
com.samsung.android.incallui,services,com.android.server.sepunion.cover.StateNotifier,"<com.android.server.sepunion.cover.StateNotifier: void registerListenerCallback(android.os.IBinder,android.content.ComponentName,int)>",string_compare;early_return,"[invoke] java.lang.String.equals() → [other] move-result v0 → [branch] if-eqz v0, :cond_1b → [other] iget-object v0, p0, Lcom/android/server/sepunion/cover/State → [other] monitor-enter v0",70
com.sec.android.cover.ledcover,services,com.android.server.sepunion.cover.CoverServiceManager,<com.android.server.sepunion.cover.CoverServiceManager: void <clinit>()>,early_return,[invoke] android.content.ComponentName.<init>() → [reassigned] v1 overwritten,61
com.android.systemui,services,com.android.server.sepunion.cover.CoverServiceManager,<com.android.server.sepunion.cover.CoverServiceManager: void <clinit>()>,early_return,[invoke] android.content.ComponentName.<init>() → [reassigned] v1 overwritten,61
com.sec.android.app.applinker,services,com.android.server.sepunion.cover.CoverServiceManager,"<com.android.server.sepunion.cover.CoverServiceManager: void bindCoverService(int,boolean)>",early_return,[invoke] android.content.Intent.setPackage() → [reassigned] p2 overwritten,142
com.android.systemui,services,com.android.server.sepunion.cover.CoverManagerServiceImpl,"<com.android.server.sepunion.cover.CoverManagerServiceImpl: void sendDataToCover(int,byte[])>",string_compare;early_return,"[invoke] java.lang.String.equals() → [other] const-string/jumbo p1, ""sendDataToCover : ignoring call from → [invoke] com.samsung.android.sepunion.Log.w()",76
com.android.systemui,services,com.android.server.sepunion.cover.CoverManagerServiceImpl,"<com.android.server.sepunion.cover.CoverManagerServiceImpl: void sendDataToNfcLedCover(int,byte[])>",string_compare;early_return,[invoke] java.lang.String.equals() → [reassigned] v1 overwritten,164
com.att.iqi,services,com.att.iqi.libs.IQIServiceBroker,<com.att.iqi.libs.IQIServiceBroker: void <clinit>()>,early_return,[invoke] android.content.ComponentName.<init>(),23
com.att.iqi,services,com.att.iqi.libs.IQIServiceBroker,<com.att.iqi.libs.IQIServiceBroker: void disablePackage()>,early_return;package_enable_disable,[invoke] android.content.pm.PackageManager.setApplicationEnabledSetti,33
com.samsung.android.knox.containeragent,services,com.android.server.pm.PersonaManagerService$5,"<com.android.server.pm.PersonaManagerService$5: void onReceive(android.content.Context,android.content.Intent)>",string_compare;early_return;package_enable_disable,"[invoke] java.lang.String.equals() → [other] move-result v5 → [branch] if-nez v5, :cond_54 → [reassigned] v5 overwritten",330
com.samsung.android.knox.containercore,services,com.android.server.pm.PersonaManagerService$5,"<com.android.server.pm.PersonaManagerService$5: void onReceive(android.content.Context,android.content.Intent)>",string_compare;early_return;package_enable_disable,"[invoke] java.lang.String.equals() → [other] move-result v5 → [branch] if-eqz v5, :cond_70 → [other] iget-object v5, p0, Lcom/android/server/pm/PersonaManagerSer → [invoke] com.android.server.pm.PersonaManagerService.-$$Nest$fgetmCon",330
com.samsung.knox.securefolder,services,com.android.server.pm.PersonaManagerService,<com.android.server.pm.PersonaManagerService: void <clinit>()>,string_compare;early_return;system_property_read,"[other] filled-new-array/range {v1 .. v6}, [Ljava/lang/String; → [reassigned] v1 overwritten",89
com.samsung.android.knox.containeragent,services,com.android.server.pm.PersonaManagerService,<com.android.server.pm.PersonaManagerService: void <clinit>()>,string_compare;early_return;system_property_read,,89
com.samsung.android.knox.containercore,services,com.android.server.pm.PersonaManagerService,<com.android.server.pm.PersonaManagerService: void <clinit>()>,string_compare;early_return;system_property_read,,89
com.sec.knox.bluetooth,services,com.android.server.pm.PersonaManagerService,<com.android.server.pm.PersonaManagerService: void <clinit>()>,string_compare;early_return;system_property_read,,89
com.samsung.knox.appsupdateagent,services,com.android.server.pm.PersonaManagerService,<com.android.server.pm.PersonaManagerService: void <clinit>()>,string_compare;early_return;system_property_read,,89
com.samsung.knox.securefolder,services,com.android.server.pm.PersonaManagerService,<com.android.server.pm.PersonaManagerService: void resetSecureFolderAdmin(android.content.Context)>,early_return,"[invoke] android.content.ComponentName.<init>() → [other] move-result v1 → [branch] if-eqz v1, :cond_1a → [reassigned] v1 overwritten",32
com.samsung.android.appseparation,services,com.android.server.pm.PersonaManagerService,<com.android.server.pm.PersonaManagerService: void enforceAppSeparationAllowListUpdateInternal()>,allowlist_check;early_return,"[other] move-object/from16 v21, v10 → [reassigned] v10 overwritten",2004
com.samsung.android.appseparation,services,com.android.server.pm.PersonaManagerService,<com.android.server.pm.PersonaManagerService: void enforceAppSeparationDeletionInternal()>,early_return,"[invoke] android.content.Intent.setClassName() → [other] iget-object v2, p0, Lcom/android/server/pm/PersonaManagerSer → [invoke] android.content.Context.sendBroadcastAsUser() → [other] move-result v2 → [branch] if-eqz v2, :cond_30",139
com.samsung.android.appseparation,services,com.android.server.pm.PersonaManagerService,<com.android.server.pm.PersonaManagerService: boolean enforceSeparatedAppsRemoveInternal()>,allowlist_check;early_return,"[invoke] android.content.Intent.setClassName() → [other] sget-object v1, Landroid/os/UserHandle;->SYSTEM:Landroid/os/ → [invoke] android.content.Context.sendBroadcastAsUser()",262
com.android.settings,services,com.android.server.pm.PersonaManagerService,<com.android.server.pm.PersonaManagerService: byte[] getKnoxGlobalSettingsIcon()>,string_compare,[invoke] com.android.server.knox.ContainerDependencyWrapper.isPackage → [invoke] java.lang.String.equals() → [reassigned] v3 overwritten,241
com.samsung.android.knox.containeragent,services,com.android.server.pm.PersonaManagerService,<com.android.server.pm.PersonaManagerService: byte[] getKnoxGlobalSettingsIcon()>,string_compare,"[invoke] android.content.pm.PackageManager.getResourcesForApplication → [invoke] java.lang.StringBuilder.append() → [invoke] android.content.pm.PackageManager.getResourcesForApplication → [other] sget-object v3, Landroid/graphics/Bitmap$CompressFormat;->PN → [invoke] android.graphics.Bitmap.compress()",241
com.samsung.android.knox.containeragent,services,com.android.server.pm.PersonaManagerService,"<com.android.server.pm.PersonaManagerService: byte[] getKnoxIcon(java.lang.String,java.lang.String,int)>",string_compare,"[invoke] java.lang.String.equals() → [other] move-result v5 → [branch] if-nez v5, :cond_46",211
com.samsung.knox.securefolder,services,com.android.server.pm.PersonaManagerService,"<com.android.server.pm.PersonaManagerService: byte[] getKnoxIcon(java.lang.String,java.lang.String,int)>",string_compare,[invoke] java.lang.String.equals() → [invoke] java.lang.String.equals() → [invoke] java.lang.String.equals() → [invoke] java.lang.String.equals() → [invoke] java.lang.String.equals(),211
com.samsung.android.knox.containeragent,services,com.android.server.pm.PersonaManagerService,<com.android.server.pm.PersonaManagerService: byte[] getKnoxPhoneOrMessageIcon(java.lang.String)>,string_compare,"[other] move-result v6 → [other] if-gtz v6, :cond_64 → [reassigned] v6 overwritten",428
com.samsung.android.dialer,services,com.android.server.pm.PersonaManagerService,<com.android.server.pm.PersonaManagerService: byte[] getKnoxPhoneOrMessageIcon(java.lang.String)>,string_compare,"[invoke] com.android.server.knox.ContainerDependencyWrapper.isPackage → [invoke] java.lang.String.equals() → [other] iget-object p1, p0, Lcom/android/server/pm/PersonaManagerSer → [invoke] android.content.Context.getPackageManager() → [reassigned] p1 overwritten",428
com.samsung.android.messaging,services,com.android.server.pm.PersonaManagerService,<com.android.server.pm.PersonaManagerService: byte[] getKnoxPhoneOrMessageIcon(java.lang.String)>,string_compare,"[invoke] com.android.server.knox.ContainerDependencyWrapper.isPackage → [invoke] android.content.Intent.setPackage() → [invoke] android.content.Intent.setPackage() → [other] move-object v6, p1 → [other] iget-object p1, p0, Lcom/android/server/pm/PersonaManagerSer",428
com.samsung.android.knox.containeragent,services,com.android.server.pm.PersonaManagerService,<com.android.server.pm.PersonaManagerService: java.lang.String getKnoxSettingsCustomName(int)>,,[invoke] android.content.Context.createPackageContextAsUser() → [invoke] android.content.res.Resources.getIdentifier() → [other] move-result v0 → [invoke] android.content.res.Resources.getString() → [reassigned] v0 overwritten,96
com.samsung.android.knox.containeragent,services,com.android.server.pm.PersonaManagerService,"<com.android.server.pm.PersonaManagerService: byte[] getKnoxSwitcherIcon(java.lang.String,java.lang.String,int)>",string_compare,[invoke] com.android.server.pm.PersonaManagerService.loadDefaultIconR → [invoke] com.android.server.pm.PersonaManagerService.loadDefaultIconR → [invoke] com.android.server.pm.PersonaManagerService.loadDefaultIconR,170
com.samsung.android.dialer,services,com.android.server.pm.PersonaManagerService,<com.android.server.pm.PersonaManagerService: java.util.ArrayList getMoveToKnoxMenuList(int)>,string_compare;early_return,[invoke] java.lang.String.equals() → [reassigned] v6 overwritten,877
com.samsung.knox.securefolder,services,com.android.server.pm.PersonaManagerService,<com.android.server.pm.PersonaManagerService: byte[] getSecureFolderIcon()>,,"[invoke] android.content.pm.PackageManager.getApplicationIcon() → [invoke] android.content.pm.PackageManager.semGetApplicationIconForIc → [other] sget-object v1, Landroid/graphics/Bitmap$CompressFormat;->PN → [invoke] android.graphics.Bitmap.compress() → [reassigned] v1 overwritten",134
com.samsung.knox.securefolder,services,com.android.server.pm.PersonaManagerService,<com.android.server.pm.PersonaManagerService: java.lang.String getSecureFolderName()>,,[invoke] android.content.pm.PackageManager.getPackageInfo() → [reassigned] v0 overwritten,44
com.nttdocomo.android.dhome,services,com.android.server.pm.PersonaManagerService,<com.android.server.pm.PersonaManagerService: java.util.ArrayList getWorkTabSupportLauncherUids()>,allowlist_check,"[other] filled-new-array {v1, v2}, [Ljava/lang/String; → [reassigned] v1 overwritten",103
com.nttdocomo.android.homezozo,services,com.android.server.pm.PersonaManagerService,<com.android.server.pm.PersonaManagerService: java.util.ArrayList getWorkTabSupportLauncherUids()>,allowlist_check,"[other] filled-new-array {v1, v2}, [Ljava/lang/String; → [reassigned] v2 overwritten",103
com.samsung.android.knox.containeragent,services,com.android.server.pm.PersonaManagerService,"<com.android.server.pm.PersonaManagerService: java.lang.String getWorkspaceName(android.content.pm.UserInfo,boolean)>",early_return,[invoke] android.content.pm.PackageManager.getResourcesForApplication → [invoke] java.lang.StringBuilder.append(),113
com.samsung.knox.securefolder,services,com.android.server.pm.PersonaManagerService,<com.android.server.pm.PersonaManagerService: boolean isContainerService(int)>,string_compare;early_return,"[invoke] java.lang.String.equals() → [other] move-result v2 → [branch] if-eqz v2, :cond_3d → [reassigned] v2 overwritten",144
com.samsung.android.appseparation,services,com.android.server.pm.PersonaManagerService,<com.android.server.pm.PersonaManagerService: boolean isContainerService(int)>,string_compare;early_return,"[invoke] java.lang.String.equals() → [other] move-result v2 → [branch] if-eqz v2, :cond_5a → [other] iget-object v2, p0, Lcom/android/server/pm/PersonaManagerSer → [invoke] com.android.server.pm.PersonaManagerService$Injector.getPack",144
com.samsung.knox.securefolder,services,com.android.server.pm.PersonaManagerService,<com.android.server.pm.PersonaManagerService: boolean isSecureFolderSupported()>,early_return,[invoke] android.content.pm.PackageManager.getApplicationEnabledSetti,129
com.samsung.android.appseparation,services,com.android.server.pm.PersonaManagerService,<com.android.server.pm.PersonaManagerService: void processAppSeparationCreation()>,early_return,"[invoke] android.content.Intent.setClassName() → [other] const-string/jumbo v1, ""packageNames"" → [invoke] android.content.Intent.putStringArrayListExtra() → [other] iget-object v1, p0, Lcom/android/server/pm/PersonaManagerSer → [invoke] android.content.Context.sendBroadcastAsUser()",267
com.samsung.klmsagent,services,com.android.server.pm.PersonaManagerService,<com.android.server.pm.PersonaManagerService: void sendRequestKeyStatus(int)>,early_return,"[invoke] android.content.Intent.setPackage() → [other] iget-object p1, p0, Lcom/android/server/pm/PersonaManagerSer → [invoke] android.content.Context.sendBroadcast() → [other] move-exception p1 → [other] throw p1",52
com.samsung.android.knox.containeragent,services,com.android.server.pm.PersonaManagerService,<com.android.server.pm.PersonaManagerService: void systemReady()>,early_return,"[invoke] com.android.server.pm.PersonaManagerService.clearHomeCrossPr → [other] iget-object v2, p0, Lcom/android/server/pm/PersonaManagerSer → [invoke] android.app.admin.DevicePolicyManager.getDeviceOwnerComponen → [reassigned] v2 overwritten",530
com.samsung.knox.securefolder,services,com.android.server.pm.PersonaManagerService,<com.android.server.pm.PersonaManagerService: void systemReady()>,early_return,[invoke] android.content.pm.PackageManager.getPackageUidAsUser() → [reassigned] v4 overwritten,530
com.samsung.android.knox.containercore,services,com.android.server.pm.PersonaManagerService,<com.android.server.pm.PersonaManagerService: void systemReady()>,early_return,[invoke] android.content.pm.PackageManager.getPackageUidAsUser() → [reassigned] v4 overwritten,530
com.samsung.android.appseparation,services,com.android.server.pm.PersonaManagerService,<com.android.server.pm.PersonaManagerService: void systemReady()>,early_return,[invoke] android.content.pm.PackageManager.getPackageUidAsUser(),530
com.google.android.providers.media.module,services,com.android.server.pm.PersonaServiceHelper$2,<com.android.server.pm.PersonaServiceHelper$2: void <init>()>,early_return,[invoke] java.util.HashMap.put() → [reassigned] v1 overwritten,47
com.samsung.knox.securefolder,services,com.android.server.pm.PersonaServiceHelper$2,<com.android.server.pm.PersonaServiceHelper$2: void <init>()>,early_return,"[invoke] java.util.HashMap.put() → [other] sget-object v1, Ljava/lang/Boolean;->FALSE:Ljava/lang/Boolea → [invoke] java.util.HashMap.put() → [invoke] java.util.HashMap.put() → [invoke] java.util.HashMap.put()",47
com.samsung.android.forest,services,com.android.server.pm.PersonaServiceHelper$2,<com.android.server.pm.PersonaServiceHelper$2: void <init>()>,early_return,[invoke] java.util.HashMap.put() → [reassigned] v2 overwritten,47
com.samsung.android.secsoundpicker,services,com.android.server.pm.PersonaServiceHelper$2,<com.android.server.pm.PersonaServiceHelper$2: void <init>()>,early_return,[invoke] java.util.HashMap.put() → [reassigned] v2 overwritten,47
com.samsung.advp.imssettings,services,com.android.server.pm.PersonaServiceHelper$2,<com.android.server.pm.PersonaServiceHelper$2: void <init>()>,early_return,[invoke] java.util.HashMap.put() → [reassigned] v2 overwritten,47
com.sec.epdgtestapp,services,com.android.server.pm.PersonaServiceHelper$2,<com.android.server.pm.PersonaServiceHelper$2: void <init>()>,early_return,[invoke] java.util.HashMap.put(),47
com.android.permissioncontroller,services,com.android.server.pm.PersonaServiceHelper$2,<com.android.server.pm.PersonaServiceHelper$2: void <init>()>,early_return,[invoke] java.util.HashMap.put(),47
com.samsung.android.container,services,com.android.server.pm.AsecInstallArgs,<com.android.server.pm.AsecInstallArgs: void <clinit>()>,early_return,[invoke] android.content.ComponentName.<init>(),16
com.samsung.android.messaging,services,com.android.server.pm.DexOptHelper,<com.android.server.pm.DexOptHelper: void <init>(com.android.server.pm.PackageManagerService)>,early_return,"[other] filled-new-array/range {v1 .. v6}, [Ljava/lang/String; → [reassigned] v1 overwritten",46
com.samsung.android.dialer,services,com.android.server.pm.DexOptHelper,<com.android.server.pm.DexOptHelper: void <init>(com.android.server.pm.PackageManagerService)>,early_return,,46
com.sec.android.app.myfiles,services,com.android.server.pm.DexOptHelper,<com.android.server.pm.DexOptHelper: void <init>(com.android.server.pm.PackageManagerService)>,early_return,,46
com.sec.android.gallery3d,services,com.android.server.pm.DexOptHelper,<com.android.server.pm.DexOptHelper: void <init>(com.android.server.pm.PackageManagerService)>,early_return,,46
com.sec.android.app.camera,services,com.android.server.pm.DexOptHelper,<com.android.server.pm.DexOptHelper: void <init>(com.android.server.pm.PackageManagerService)>,early_return,,46
com.samsung.android.honeyboard,services,com.android.server.pm.DexOptHelper,<com.android.server.pm.DexOptHelper: void <init>(com.android.server.pm.PackageManagerService)>,early_return,"[other] filled-new-array/range {v1 .. v6}, [Ljava/lang/String;",46
com.samsung.android.appbooster,services,com.android.server.pm.DexOptHelper,"<com.android.server.pm.DexOptHelper: boolean performDexOptMode(com.android.server.pm.Computer,java.lang.String,boolean,java.lang.String,boolean,boolean,java.lang.String)>",string_compare;early_return,[invoke] java.lang.String.equals(),104
com.samsung.android.forest,services,com.android.server.pm.SuspendPackageHelper,"<com.android.server.pm.SuspendPackageHelper: java.lang.String[] setPackagesSuspended(com.android.server.pm.Computer,java.lang.String[],boolean,android.os.PersistableBundle,android.os.PersistableBundle,android.content.pm.SuspendDialogInfo,java.lang.String,int,int)>",string_compare,"[invoke] java.lang.String.equals() → [other] move-result v0 → [branch] if-eqz v0, :cond_1bf → [other] move-result v0 → [branch] if-nez v0, :cond_209",620
com.samsung.android.container,services,com.android.server.pm.PackageInstallerSession,"<com.android.server.pm.PackageInstallerSession: void <init>(com.android.server.pm.PackageInstallerService$InternalCallback,android.content.Context,com.android.server.pm.PackageManagerService,com.android.server.pm.PackageSessionProvider,com.android.server.pm.SilentUpdatePolicy,android.os.Looper,com.android.server.pm.StagingManager,int,int,int,com.android.server.pm.InstallSource,android.content.pm.PackageInstaller$SessionParams,long,long,java.io.File,java.lang.String,android.content.pm.InstallationFile[],android.util.ArrayMap,boolean,boolean,boolean,boolean,int[],int,boolean,boolean,boolean,int,java.lang.String)>",early_return,[invoke] com.android.server.pm.Computer.getPackageUid(),726
com.samsung.android.themecenter,services,com.android.server.pm.PackageInstallerSession,<com.android.server.pm.PackageInstallerSession: boolean isThemeCenter(java.lang.String)>,string_compare;early_return,[invoke] java.lang.String.equals() → [other] move-result p0 → [other] return p0,12
com.sec.android.app.samsungapps,services,com.android.server.pm.PackageInstallerSession,<com.android.server.pm.PackageInstallerSession: void verifyNonStaged()>,string_compare;early_return,"[invoke] java.lang.String.equals() → [other] iget-object v3, p0, Lcom/android/server/pm/PackageInstallerS → [other] iget-object v3, v3, Lcom/android/server/pm/InstallSource;->i → [invoke] java.lang.String.equals() → [other] iget-object v3, p0, Lcom/android/server/pm/PackageInstallerS",180
com.android.vending,services,com.android.server.pm.PackageInstallerSession,<com.android.server.pm.PackageInstallerSession: void verifyNonStaged()>,string_compare;early_return,"[invoke] java.lang.String.equals() → [other] move-result v0 → [branch] if-nez v0, :cond_3f → [reassigned] v0 overwritten",180
com.google.android.packageinstaller,services,com.android.server.pm.PackageInstallerSession,<com.android.server.pm.PackageInstallerSession: void verifyNonStaged()>,string_compare;early_return,"[invoke] java.lang.String.equals() → [other] move-result v0 → [branch] if-eqz v0, :cond_31 → [reassigned] v0 overwritten",180
android.ext.shared,services,com.android.server.pm.PackageManagerService,"<com.android.server.pm.PackageManagerService: void <init>(com.android.server.pm.PackageManagerServiceInjector,boolean,boolean,java.lang.String,boolean,boolean,int,java.lang.String)>",string_compare;early_return;system_property_read,[invoke] com.android.server.pm.PackageManagerService.getRequiredShare → [reassigned] v0 overwritten,3337
com.samsung.android.localeoverlaymanager,services,com.android.server.pm.PackageManagerService,"<com.android.server.pm.PackageManagerService: void bindLocaleServiceAndCallOnPackageInstalled(int,int,java.lang.String,boolean)>",early_return,[invoke] android.content.ComponentName.<init>() → [reassigned] v3 overwritten,218
com.google.android.packageinstaller,services,com.android.server.pm.PackageManagerService,<com.android.server.pm.PackageManagerService: boolean checkUnknownSourcePackage(java.lang.String)>,string_compare;early_return;signature_check,"[invoke] java.lang.String.equals() → [other] move-result v5 → [branch] if-nez v5, :cond_31 → [reassigned] v5 overwritten",267
com.android.companiondevicemanager,services,com.android.server.pm.PackageManagerService,"<com.android.server.pm.PackageManagerService: java.lang.String[] getKnownPackageNamesInternal(com.android.server.pm.Computer,int,int)>",,,69
com.sec.android.app.kidshome,services,com.android.server.pm.PackageManagerService,<com.android.server.pm.PackageManagerService: boolean isKidsHome()>,string_compare;early_return,[invoke] java.lang.String.equals(),30
com.google.android.packageinstaller,services,com.android.server.pm.PackageManagerService,<com.android.server.pm.PackageManagerService: boolean isObsoleteUnknownSourcePackage(java.lang.String)>,string_compare;early_return,"[invoke] java.lang.String.equals() → [other] move-result p0 → [other] xor-int/2addr p0, p1 → [other] return p0 → [other] move-exception p0",79
com.sec.android.app.camera,services,com.android.server.pm.PackageManagerService,"<com.android.server.pm.PackageManagerService: void setEnabledSettings(java.util.List,int,java.lang.String)>",allowlist_check;string_compare;early_return,"[invoke] java.lang.String.equals() → [other] move-result v3 → [branch] if-nez v3, :cond_497 → [reassigned] v3 overwritten",1846
com.vlingo.midas,services,com.android.server.pm.PackageManagerService,"<com.android.server.pm.PackageManagerService: void setEnabledSettings(java.util.List,int,java.lang.String)>",allowlist_check;string_compare;early_return,"[invoke] java.lang.String.equals() → [other] move-result v3 → [branch] if-eqz v3, :cond_488 → [reassigned] v3 overwritten",1846
com.verizon.mips.services,services,com.android.server.pm.PackageManagerService,<com.android.server.pm.PackageManagerService: void systemReady()>,string_compare;early_return;appops_set;system_property_read,[invoke] java.util.List.add() → [reassigned] v1 overwritten,1072
com.vzw.hss.myverizon,services,com.android.server.pm.PackageManagerService,<com.android.server.pm.PackageManagerService: void systemReady()>,string_compare;early_return;appops_set;system_property_read,[invoke] java.util.List.add() → [reassigned] v1 overwritten,1072
com.verizon.pushtotalkplus,services,com.android.server.pm.PackageManagerService,<com.android.server.pm.PackageManagerService: void systemReady()>,string_compare;early_return;appops_set;system_property_read,"[invoke] java.util.List.add() → [other] iget-object v1, p0, Lcom/android/server/pm/PackageManagerSer → [invoke] android.content.Context.getSystemService() → [reassigned] v1 overwritten",1072
com.dish.wireless.activation,services,com.android.server.pm.PackageManagerService,<com.android.server.pm.PackageManagerService: void systemReady()>,string_compare;early_return;appops_set;system_property_read,"[invoke] java.util.List.add() → [other] iget-object v1, p0, Lcom/android/server/pm/PackageManagerSer → [invoke] android.content.Context.getSystemService() → [reassigned] v1 overwritten",1072
com.google.android.providers.media.module,services,com.android.server.pm.PersonaServiceHelper$1,<com.android.server.pm.PersonaServiceHelper$1: void <init>()>,early_return,[invoke] java.util.HashMap.put() → [reassigned] v1 overwritten,50
com.android.providers.media.module,services,com.android.server.pm.PersonaServiceHelper$1,<com.android.server.pm.PersonaServiceHelper$1: void <init>()>,early_return,[invoke] java.util.HashMap.put() → [reassigned] v1 overwritten,50
com.samsung.android.honeyboard,services,com.android.server.pm.PersonaServiceHelper$1,<com.android.server.pm.PersonaServiceHelper$1: void <init>()>,early_return,[invoke] java.util.HashMap.put() → [reassigned] v1 overwritten,50
com.samsung.android.secsoundpicker,services,com.android.server.pm.PersonaServiceHelper$1,<com.android.server.pm.PersonaServiceHelper$1: void <init>()>,early_return,[invoke] java.util.HashMap.put() → [reassigned] v1 overwritten,50
com.google.android.overlay.gmsconfig.geotz,services,com.android.server.pm.PersonaServiceHelper$1,<com.android.server.pm.PersonaServiceHelper$1: void <init>()>,early_return,[invoke] java.util.HashMap.put() → [reassigned] v1 overwritten,50
com.google.android.overlay.modules.modulemetadata.forframework,services,com.android.server.pm.PersonaServiceHelper$1,<com.android.server.pm.PersonaServiceHelper$1: void <init>()>,early_return,[invoke] java.util.HashMap.put() → [reassigned] v1 overwritten,50
com.android.permissioncontroller,services,com.android.server.pm.PersonaServiceHelper$1,<com.android.server.pm.PersonaServiceHelper$1: void <init>()>,early_return,[invoke] java.util.HashMap.put(),50
com.samsung.android.app.sprotect,services,com.android.server.pm.SProtect,<com.android.server.pm.SProtect: com.android.server.pm.parsing.pkg.AndroidPackage getSProtectPackage()>,,[invoke] com.android.server.utils.WatchedArrayMap.get(),38
com.android.vending,services,com.android.server.pm.InstallPackageHelper,"<com.android.server.pm.InstallPackageHelper: void handlePackagePostInstall(com.android.server.pm.PackageInstalledInfo,com.android.server.pm.InstallArgs,boolean)>",string_compare;early_return,"[invoke] java.lang.String.equals() → [other] move-result v8 → [branch] if-eqz v8, :cond_213 → [reassigned] v8 overwritten",1758
com.sec.android.easyMover,services,com.android.server.pm.InstallPackageHelper,"<com.android.server.pm.InstallPackageHelper: boolean isSpegSkipped(com.android.server.pm.ReconciledPackage,boolean)>",string_compare;early_return,[invoke] java.lang.String.equals(),412
com.sec.android.easyMover,services,com.android.server.pm.InstallPackageHelper,"<com.android.server.pm.InstallPackageHelper: com.android.server.pm.PrepareResult preparePackageLI(com.android.server.pm.InstallArgs,com.android.server.pm.PackageInstalledInfo)>",allowlist_check;string_compare;signature_check,"[invoke] java.lang.String.equals() → [other] move-result v9 → [branch] if-eqz v9, :cond_341 → [reassigned] v9 overwritten",4505
com.android.vending,services,com.android.server.pm.InstallPackageHelper,"<com.android.server.pm.InstallPackageHelper: com.android.server.pm.PrepareResult preparePackageLI(com.android.server.pm.InstallArgs,com.android.server.pm.PackageInstalledInfo)>",allowlist_check;string_compare;signature_check,"[invoke] java.lang.String.equals() → [other] move-result v9 → [branch] if-nez v9, :cond_313 → [reassigned] v9 overwritten",4505
com.sec.android.app.samsungapps,services,com.android.server.pm.InstallPackageHelper,"<com.android.server.pm.InstallPackageHelper: com.android.server.pm.PrepareResult preparePackageLI(com.android.server.pm.InstallArgs,com.android.server.pm.PackageInstalledInfo)>",allowlist_check;string_compare;signature_check,"[invoke] java.lang.String.equals() → [other] move-result v9 → [branch] if-eqz v9, :cond_341 → [other] iget-object v9, v1, Lcom/android/server/pm/InstallPackageHel → [invoke] android.content.Context.getContentResolver()",4505
com.sec.android.app.samsungapps,services,com.android.server.pm.BroadcastHelper,"<com.android.server.pm.BroadcastHelper: void doSendBroadcast(java.lang.String,java.lang.String,android.os.Bundle,int,java.lang.String,android.content.IIntentReceiver,int[],boolean,android.util.SparseArray,android.os.Bundle)>",string_compare;early_return,"[invoke] java.lang.String.equals() → [other] move-result v10 → [branch] if-eqz v10, :cond_187 → [other] iget-object v10, v0, Lcom/android/server/pm/BroadcastHelper; → [invoke] com.samsung.android.server.pm.monetization.MonetizationUtils",841
com.samsung.android.app.sprotect,services,com.android.server.pm.BroadcastHelper,"<com.android.server.pm.BroadcastHelper: void doSendBroadcast(java.lang.String,java.lang.String,android.os.Bundle,int,java.lang.String,android.content.IIntentReceiver,int[],boolean,android.util.SparseArray,android.os.Bundle)>",string_compare;early_return,"[invoke] java.lang.String.equals() → [invoke] java.lang.String.equals() → [other] move-result v5 → [branch] if-eqz v5, :cond_292 → [reassigned] v5 overwritten",841
com.samsung.android.applock,services,com.android.server.pm.BroadcastHelper,"<com.android.server.pm.BroadcastHelper: void doSendBroadcast(java.lang.String,java.lang.String,android.os.Bundle,int,java.lang.String,android.content.IIntentReceiver,int[],boolean,android.util.SparseArray,android.os.Bundle)>",string_compare;early_return,[invoke] android.content.Intent.setPackage() → [reassigned] v8 overwritten,841
com.samsung.android.sm.devicesecurity,services,com.android.server.pm.BroadcastHelper,<com.android.server.pm.BroadcastHelper: java.lang.String getDSPackageName()>,,[invoke] com.samsung.android.feature.SemFloatingFeature.getString() → [invoke] android.content.pm.PackageManager$PackageInfoFlags.of(),54
com.verizon.mips.services,services,com.android.server.pm.BroadcastHelper,<com.android.server.pm.BroadcastHelper: java.lang.String getMVSPackageName()>,string_compare,[reassigned] v0 overwritten,59
com.sec.android.app.samsungapps,services,com.android.server.pm.BroadcastHelper,"<com.android.server.pm.BroadcastHelper: void sendFirstLaunchBroadcast(java.lang.String,java.lang.String,int[],int[])>",string_compare;early_return,"[invoke] java.lang.String.equals() → [other] move-result v0 → [branch] if-eqz v0, :cond_68 → [reassigned] v0 overwritten",131
com.android.providers.media.module,services,com.android.server.pm.PersonaServiceHelper$3,<com.android.server.pm.PersonaServiceHelper$3: void <init>()>,early_return,[invoke] java.util.HashMap.put() → [reassigned] v1 overwritten,92
com.google.android.providers.media.module,services,com.android.server.pm.PersonaServiceHelper$3,<com.android.server.pm.PersonaServiceHelper$3: void <init>()>,early_return,"[invoke] java.util.HashMap.put() → [other] sget-object v1, Ljava/lang/Boolean;->TRUE:Ljava/lang/Boolean → [invoke] java.util.HashMap.put() → [invoke] java.util.HashMap.put() → [invoke] java.util.HashMap.put()",92
com.android.phone,services,com.android.server.pm.PersonaServiceHelper$3,<com.android.server.pm.PersonaServiceHelper$3: void <init>()>,early_return,[invoke] java.util.HashMap.put() → [reassigned] v2 overwritten,92
com.android.permissioncontroller,services,com.android.server.pm.PersonaServiceHelper$3,<com.android.server.pm.PersonaServiceHelper$3: void <init>()>,early_return,[invoke] java.util.HashMap.put() → [reassigned] v2 overwritten,92
com.samsung.android.secsoundpicker,services,com.android.server.pm.PersonaServiceHelper$3,<com.android.server.pm.PersonaServiceHelper$3: void <init>()>,early_return,[invoke] java.util.HashMap.put() → [reassigned] v2 overwritten,92
com.google.android.gms,services,com.android.server.pm.PersonaServiceHelper$3,<com.android.server.pm.PersonaServiceHelper$3: void <init>()>,early_return,[invoke] java.util.HashMap.put() → [reassigned] v2 overwritten,92
com.android.nfc,services,com.android.server.pm.PersonaServiceHelper$3,<com.android.server.pm.PersonaServiceHelper$3: void <init>()>,early_return,[invoke] java.util.HashMap.put() → [reassigned] v2 overwritten,92
com.google.android.gsf,services,com.android.server.pm.PersonaServiceHelper$3,<com.android.server.pm.PersonaServiceHelper$3: void <init>()>,early_return,[invoke] java.util.HashMap.put() → [reassigned] v2 overwritten,92
com.google.android.gsf.login,services,com.android.server.pm.PersonaServiceHelper$3,<com.android.server.pm.PersonaServiceHelper$3: void <init>()>,early_return,[invoke] java.util.HashMap.put() → [reassigned] v2 overwritten,92
com.samsung.android.voc,services,com.android.server.pm.PersonaServiceHelper$3,<com.android.server.pm.PersonaServiceHelper$3: void <init>()>,early_return,[invoke] java.util.HashMap.put() → [reassigned] v2 overwritten,92
com.samsung.android.providers.media,services,com.android.server.pm.PersonaServiceHelper$3,<com.android.server.pm.PersonaServiceHelper$3: void <init>()>,early_return,[invoke] java.util.HashMap.put(),92
com.google.android.overlay.gmsconfig.geotz,services,com.android.server.pm.PersonaServiceHelper$3,<com.android.server.pm.PersonaServiceHelper$3: void <init>()>,early_return,[invoke] java.util.HashMap.put() → [reassigned] v0 overwritten,92
com.google.android.overlay.modules.modulemetadata.forframework,services,com.android.server.pm.PersonaServiceHelper$3,<com.android.server.pm.PersonaServiceHelper$3: void <init>()>,early_return,[invoke] java.util.HashMap.put() → [reassigned] v0 overwritten,92
com.google.android.overlay.modules.permissioncontroller,services,com.android.server.pm.PersonaServiceHelper$3,<com.android.server.pm.PersonaServiceHelper$3: void <init>()>,early_return,[invoke] java.util.HashMap.put() → [reassigned] v0 overwritten,92
com.google.android.overlay.modules.permissioncontroller.forframework,services,com.android.server.pm.PersonaServiceHelper$3,<com.android.server.pm.PersonaServiceHelper$3: void <init>()>,early_return,[invoke] java.util.HashMap.put(),92
com.android.vending,services,com.android.server.pm.PackageInstallerService,"<com.android.server.pm.PackageInstallerService: int createSessionInternal(android.content.pm.PackageInstaller$SessionParams,java.lang.String,java.lang.String,int)>",string_compare;early_return,"[invoke] java.lang.String.equals() → [other] move-result v7 → [branch] if-eqz v7, :cond_1b1 → [other] move-result v7 → [branch] if-eqz v7, :cond_1b1",1722
com.google.android.packageinstaller,services,com.android.server.pm.PackageInstallerService,"<com.android.server.pm.PackageInstallerService: int createSessionInternal(android.content.pm.PackageInstaller$SessionParams,java.lang.String,java.lang.String,int)>",string_compare;early_return,"[invoke] java.lang.String.equals() → [other] move-result v13 → [branch] if-nez v13, :cond_292 → [reassigned] v13 overwritten",1722
com.samsung.android.packageinstaller,services,com.android.server.pm.PackageInstallerService,"<com.android.server.pm.PackageInstallerService: int createSessionInternal(android.content.pm.PackageInstaller$SessionParams,java.lang.String,java.lang.String,int)>",string_compare;early_return,"[invoke] java.lang.String.equals() → [other] move-result v13 → [branch] if-eqz v13, :cond_2b3 → [reassigned] v13 overwritten",1722
com.sec.android.easyMover,services,com.android.server.pm.PackageInstallerService,<com.android.server.pm.PackageInstallerService: void expireSessionsLocked()>,string_compare;early_return,[invoke] java.lang.String.equals(),219
com.sec.android.easyMover,services,com.android.server.pm.PackageInstallerService,"<com.android.server.pm.PackageInstallerService: boolean isValidSmartSwitchSession(int,long)>",early_return,"[invoke] android.content.pm.PackageManager.getApplicationInfo() → [other] new-instance v2, Ljava/lang/StringBuilder; → [invoke] java.lang.StringBuilder.<init>() → [invoke] java.lang.StringBuilder.append() → [invoke] java.lang.StringBuilder.append()",103
com.sec.android.app.samsungapps,services,com.android.server.pm.PackageInstallerService,"<com.android.server.pm.PackageInstallerService: void sendSessionUpdatedBroadcast(android.content.pm.PackageInstaller$SessionInfo,int)>",string_compare;early_return,[invoke] java.lang.String.equals(),86
com.android.companiondevicemanager,services,com.android.server.pm.PackageManagerService$IPackageManagerImpl,"<com.android.server.pm.PackageManagerService$IPackageManagerImpl: void dump(java.io.FileDescriptor,java.io.PrintWriter,java.lang.String[])>",early_return,,268
com.sec.android.emergencymode.service,services,com.android.server.pm.PackageManagerService$IPackageManagerImpl,"<com.android.server.pm.PackageManagerService$IPackageManagerImpl: void setApplicationEnabledSetting(java.lang.String,int,int,int,java.lang.String)>",string_compare;early_return,"[invoke] java.lang.String.equals() → [other] move-result v0 → [branch] if-nez v0, :cond_59 → [other] iget-object v0, p0, Lcom/android/server/pm/PackageManagerSer → [other] iget-object v0, v0, Lcom/android/server/pm/PackageManagerSer",214
com.google.android.partnersetup,services,com.android.server.pm.PackageManagerService$IPackageManagerImpl,"<com.android.server.pm.PackageManagerService$IPackageManagerImpl: void setApplicationEnabledSetting(java.lang.String,int,int,int,java.lang.String)>",string_compare;early_return,"[invoke] java.lang.String.equals() → [other] move-result p3 → [branch] if-eqz p3, :cond_77 → [other] iget-object p3, p0, Lcom/android/server/pm/PackageManagerSer → [other] iget-object p3, p3, Lcom/android/server/pm/PackageManagerSer",214
com.samsung.knox.securefolder,services,com.android.server.pm.PersonaServiceProxy$2,"<com.android.server.pm.PersonaServiceProxy$2: void onReceive(android.content.Context,android.content.Intent)>",string_compare;early_return,,445
com.android.systemui,services,com.android.server.pm.PackageManagerService$PackageManagerInternalImpl$OMSCallbackRunnable,<com.android.server.pm.PackageManagerService$PackageManagerInternalImpl$OMSCallbackRunnable: void run()>,string_compare;early_return,"[invoke] java.lang.String.equals() → [other] move-result v3 → [branch] if-eqz v3, :cond_96 → [reassigned] v3 overwritten",690
com.android.systemui,services,com.android.server.pm.PackageManagerService$PackageManagerInternalImpl$OMSCallbackRunnable,<com.android.server.pm.PackageManagerService$PackageManagerInternalImpl$OMSCallbackRunnable: void run()>,string_compare;early_return,"[invoke] java.lang.String.equals() → [other] move-result v7 → [branch] if-eqz v7, :cond_1fa → [other] move-result v7 → [branch] if-nez v7, :cond_1d8",690
com.android.shell,services,com.android.server.pm.PackageManagerShellCommand,<com.android.server.pm.PackageManagerShellCommand: com.android.server.pm.PackageManagerShellCommand$InstallParams makeInstallParams(java.util.Set)>,allowlist_check;string_compare,"[field_store] com.android.server.pm.PackageManagerShellCommand$InstallPara → [other] iget v7, v0, Landroid/content/pm/PackageInstaller$SessionPar → [other] or-int/2addr v7, v8 → [other] iput v7, v0, Landroid/content/pm/PackageInstaller$SessionPar → [reassigned] v7 overwritten",1125
com.android.shell,services,com.android.server.pm.PackageManagerShellCommand,<com.android.server.pm.PackageManagerShellCommand: int runCreateUser()>,string_compare;early_return,"[invoke] android.accounts.IAccountManager.addSharedAccountsFromParent → [other] new-instance v4, Ljava/lang/StringBuilder; → [invoke] java.lang.StringBuilder.<init>() → [invoke] java.lang.StringBuilder.append() → [invoke] java.lang.StringBuilder.append()",497
com.android.shell,services,com.android.server.pm.PackageManagerShellCommand,<com.android.server.pm.PackageManagerShellCommand: int runRollbackApp()>,string_compare;early_return,"[invoke] android.content.Context.createPackageContextAsUser() → [other] new-instance v6, Lcom/android/server/pm/PackageManagerShellC → [invoke] com.android.server.pm.PackageManagerShellCommand$LocalIntent → [invoke] com.android.server.pm.PackageManagerShellCommand$LocalIntent → [invoke] com.android.server.pm.PackageManagerShellCommand$LocalIntent",308
com.samsung.android.themecenter,services,com.android.server.pm.PackageManagerShellCommand,<com.android.server.pm.PackageManagerShellCommand: int runSetInstaller()>,string_compare;early_return,"[invoke] java.lang.String.equals() → [other] move-result v3 → [branch] if-eqz v3, :cond_20",79
com.android.shell,services,com.android.server.pm.PackageManagerShellCommand,<com.android.server.pm.PackageManagerShellCommand: int runSnapshotProfile()>,string_compare;early_return,"[other] move-object v6, v1 → [other] iget-object v1, p0, Lcom/android/server/pm/PackageManagerShe → [invoke] android.content.pm.IPackageManager.getArtManager() → [reassigned] v1 overwritten",413
com.android.shell,services,com.android.server.pm.PackageManagerShellCommand,<com.android.server.pm.PackageManagerShellCommand: int runSuspend(boolean)>,string_compare;early_return,"[other] move-object/from16 v19, v10 → [other] move-result v10 → [branch] if-nez v10, :cond_121 → [other] new-instance v10, Landroid/content/pm/SuspendDialogInfo$Buil → [invoke] android.content.pm.SuspendDialogInfo$Builder.<init>()",527
com.samsung.android.knox.kpu,services,com.android.server.pm.UserManagerService,<com.android.server.pm.UserManagerService: boolean isKPUAgent(java.lang.String)>,string_compare;early_return,"[invoke] java.lang.String.equals() → [other] move-result v0 → [branch] if-eqz v0, :cond_a → [reassigned] v0 overwritten",68
com.samsung.knox.securefolder,services,com.android.server.pm.UserManagerService,<com.android.server.pm.UserManagerService: void resetDefaultIconandName(int)>,early_return,[invoke] com.samsung.android.knox.application.ApplicationPolicy.chang → [invoke] com.samsung.android.knox.application.ApplicationPolicy.chang → [reassigned] v0 overwritten,67
com.samsung.android.knox.containercore,services,com.android.server.pm.PersonaServiceProxy,<com.android.server.pm.PersonaServiceProxy: void <init>(android.content.Context)>,early_return,[invoke] android.content.IntentFilter.addDataSchemeSpecificPart(),189
com.samsung.android.knox.containercore,services,com.android.server.pm.PersonaServiceProxy,<com.android.server.pm.PersonaServiceProxy: void findAndConnectToContainerService(int)>,early_return,[invoke] com.android.server.pm.PersonaServiceProxy.findContainerServi,81
com.samsung.android.themecenter,services,com.android.server.pm.DeletePackageHelper,"<com.android.server.pm.DeletePackageHelper: void deletePackageVersionedInternal(android.content.pm.VersionedPackage,android.content.pm.IPackageDeleteObserver2,int,int,boolean)>",string_compare;early_return,"[invoke] java.lang.String.equals() → [other] move-result v0 → [branch] if-eqz v0, :cond_56 → [other] iget-object v0, v2, Lcom/android/server/pm/DeletePackageHelp → [other] iget-object v0, v0, Lcom/android/server/pm/PackageManagerSer",443
com.dti.samsung,services,com.android.server.pm.PersonaServiceHelper,<com.android.server.pm.PersonaServiceHelper: void <clinit>()>,early_return,"[other] filled-new-array/range {v1 .. v22}, [Ljava/lang/String; → [reassigned] v1 overwritten",125
com.aura.oobe.Samsung.gl,services,com.android.server.pm.PersonaServiceHelper,<com.android.server.pm.PersonaServiceHelper: void <clinit>()>,early_return,,125
com.aura.oobe.samsung,services,com.android.server.pm.PersonaServiceHelper,<com.android.server.pm.PersonaServiceHelper: void <clinit>()>,early_return,,125
com.dti.telefonica,services,com.android.server.pm.PersonaServiceHelper,<com.android.server.pm.PersonaServiceHelper: void <clinit>()>,early_return,,125
com.dti.tracfone,services,com.android.server.pm.PersonaServiceHelper,<com.android.server.pm.PersonaServiceHelper: void <clinit>()>,early_return,,125
com.dti.att,services,com.android.server.pm.PersonaServiceHelper,<com.android.server.pm.PersonaServiceHelper: void <clinit>()>,early_return,,125
com.dti.attmx,services,com.android.server.pm.PersonaServiceHelper,<com.android.server.pm.PersonaServiceHelper: void <clinit>()>,early_return,,125
com.dti.millicom,services,com.android.server.pm.PersonaServiceHelper,<com.android.server.pm.PersonaServiceHelper: void <clinit>()>,early_return,,125
com.dti.cricket,services,com.android.server.pm.PersonaServiceHelper,<com.android.server.pm.PersonaServiceHelper: void <clinit>()>,early_return,,125
com.dti.globe,services,com.android.server.pm.PersonaServiceHelper,<com.android.server.pm.PersonaServiceHelper: void <clinit>()>,early_return,,125
com.dti.amx,services,com.android.server.pm.PersonaServiceHelper,<com.android.server.pm.PersonaServiceHelper: void <clinit>()>,early_return,,125
com.sec.enterprise.knox.cloudmdm.smdms.agent.global.myknox,services,com.android.server.pm.PersonaServiceHelper,<com.android.server.pm.PersonaServiceHelper: boolean isMyKnoxAdmin(java.lang.String)>,string_compare;early_return,"[invoke] java.lang.String.equals() → [other] move-result v0 → [branch] if-nez v0, :cond_13 → [reassigned] v0 overwritten",34
com.samsung.android.knox.containercore,services,com.android.server.pm.PersonaServiceProxy$3,"<com.android.server.pm.PersonaServiceProxy$3: void onReceive(android.content.Context,android.content.Intent)>",string_compare;early_return,[invoke] java.lang.String.equals(),83
com.sec.android.app.samsungapps,services,com.android.server.pm.PackageSessionVerifier,"<com.android.server.pm.PackageSessionVerifier: boolean isApexUpdateAllowed(java.lang.String,java.lang.String)>",string_compare;early_return,"[invoke] java.lang.String.equals() → [other] move-result p0 → [branch] if-eqz p0, :cond_3a → [reassigned] p0 overwritten",101
com.samsung.android.appseparation,services,com.android.server.pm.PersonaManagerService$PersonaHandler,<com.android.server.pm.PersonaManagerService$PersonaHandler: void handleMessage(android.os.Message)>,allowlist_check;string_compare;early_return,"[invoke] android.content.Intent.setClassName() → [other] const-string/jumbo v1, ""packageNames"" → [invoke] android.content.Intent.putStringArrayListExtra() → [other] iget-object v1, p0, Lcom/android/server/pm/PersonaManagerSer → [invoke] com.android.server.pm.PersonaManagerService.-$$Nest$fgetmCon",1264
com.sec.knox.bluetooth,services,com.android.server.pm.PersonaManagerService$PersonaHandler,<com.android.server.pm.PersonaManagerService$PersonaHandler: void handleMessage(android.os.Message)>,allowlist_check;string_compare;early_return,[invoke] com.android.server.pm.PersonaManagerService.setPackageSettin → [other] monitor-exit v0 → [reassigned] v0 overwritten,1264
com.samsung.android.bbc.fileprovider,services,com.android.server.pm.PersonaManagerService$PersonaHandler,<com.android.server.pm.PersonaManagerService$PersonaHandler: void handleMessage(android.os.Message)>,allowlist_check;string_compare;early_return,"[invoke] com.android.server.pm.PersonaManagerService.setPackageSettin → [other] iget p1, p1, Landroid/os/Message;->arg1:I → [invoke] com.android.server.pm.PersonaManagerService.-$$Nest$msendMes → [reassigned] p1 overwritten",1264
com.felicanetworks.mfm,services,com.android.server.pm.PersonaManagerService$PersonaHandler,<com.android.server.pm.PersonaManagerService$PersonaHandler: void handleMessage(android.os.Message)>,allowlist_check;string_compare;early_return,[invoke] android.content.pm.IPackageManager.getApplicationEnabledSett → [reassigned] v0 overwritten,1264
com.felicanetworks.mfm,services,com.android.server.pm.PersonaManagerService$PersonaHandler,<com.android.server.pm.PersonaManagerService$PersonaHandler: void handleMessage(android.os.Message)>,allowlist_check;string_compare;early_return,[reassigned] v6 overwritten,1264
com.samsung.android.appseparation,services,com.android.server.pm.PersonaManagerService$PersonaHandler,<com.android.server.pm.PersonaManagerService$PersonaHandler: void handleMessage(android.os.Message)>,allowlist_check;string_compare;early_return,"[invoke] android.content.ComponentName.<init>() → [other] new-instance v6, Ljava/lang/StringBuilder; → [invoke] java.lang.StringBuilder.<init>() → [invoke] java.lang.StringBuilder.append() → [invoke] java.lang.StringBuilder.append()",1264
com.samsung.android.knox.containeragent,services,com.android.server.pm.PersonaManagerService$PersonaHandler,<com.android.server.pm.PersonaManagerService$PersonaHandler: void handleMessage(android.os.Message)>,allowlist_check;string_compare;early_return,"[invoke] com.android.server.pm.PersonaManagerService.-$$Nest$mdeleteP → [other] new-instance v2, Ljava/lang/StringBuilder; → [invoke] java.lang.StringBuilder.<init>() → [invoke] java.lang.StringBuilder.append() → [invoke] java.lang.StringBuilder.append()",1264
com.sec.android.app.samsungapps,services,com.android.server.pm.Settings,<com.android.server.pm.Settings: void removeInstallerPackageStatus(java.lang.String)>,string_compare;early_return,"[invoke] java.lang.String.equals() → [other] move-result v0 → [branch] if-eqz v0, :cond_1e → [other] iget-object v0, p0, Lcom/android/server/pm/Settings;->mDisab → [invoke] com.android.server.utils.WatchedArrayMap.get()",75
com.android.contacts,services,com.android.server.pm.ComputerEngine,"<com.android.server.pm.ComputerEngine: android.content.pm.ProviderInfo getGrantImplicitAccessProviderInfo(int,java.lang.String)>",,[reassigned] v1 overwritten,105
com.google.android.gms,services,com.android.server.pm.ComputerEngine,<com.android.server.pm.ComputerEngine: java.util.List getTopPriorityPackages(long)>,allowlist_check,"[other] filled-new-array {p1}, [Ljava/lang/String; → [reassigned] p1 overwritten",147
com.android.settings,services,com.android.server.pm.ComputerEngine,"<com.android.server.pm.ComputerEngine: java.util.List queryIntentActivitiesInternal(android.content.Intent,java.lang.String,long,long,int,int,boolean,boolean)>",string_compare,"[invoke] java.lang.String.equals() → [other] move-result v0 → [branch] if-nez v0, :cond_266 → [reassigned] v0 overwritten",956
com.google.android.packageinstaller,services,com.android.server.pm.ComputerEngine,"<com.android.server.pm.ComputerEngine: java.util.List queryIntentActivitiesInternal(android.content.Intent,java.lang.String,long,long,int,int,boolean,boolean)>",string_compare,"[invoke] java.lang.String.equals() → [other] move-result v0 → [branch] if-nez v0, :cond_266 → [reassigned] v0 overwritten",956
com.google.android.permissioncontroller,services,com.android.server.pm.ComputerEngine,"<com.android.server.pm.ComputerEngine: java.util.List queryIntentActivitiesInternal(android.content.Intent,java.lang.String,long,long,int,int,boolean,boolean)>",string_compare,"[invoke] java.lang.String.equals() → [other] move-result v0 → [branch] if-nez v0, :cond_266 → [reassigned] v0 overwritten",956
com.samsung.android.permissioncontroller,services,com.android.server.pm.ComputerEngine,"<com.android.server.pm.ComputerEngine: java.util.List queryIntentActivitiesInternal(android.content.Intent,java.lang.String,long,long,int,int,boolean,boolean)>",string_compare,"[invoke] java.lang.String.equals() → [other] move-result v0 → [branch] if-nez v0, :cond_266 → [other] iget-object v0, v11, Lcom/android/server/pm/ComputerEngine;- → [invoke] com.android.server.pm.resolution.ComponentResolverApi.queryA",956
com.android.shell,services,com.android.server.pm.permission.PermissionManagerService$ShellDelegate,"<com.android.server.pm.permission.PermissionManagerService$ShellDelegate: int checkPermission(java.lang.String,java.lang.String,int,com.android.internal.util.function.TriFunction)>",string_compare;early_return,[invoke] com.android.internal.util.function.TriFunction.apply(),89
com.android.systemui,services,com.android.server.pm.permission.PermissionManagerServiceImpl,<com.android.server.pm.permission.PermissionManagerServiceImpl: void onSystemReady()>,early_return;permission_grant,[reassigned] v4 overwritten,248
com.tmobile.dm.cm,services,com.android.server.pm.permission.DefaultPermissionGrantPolicy,"<com.android.server.pm.permission.DefaultPermissionGrantPolicy: void grantDefaultPermissionsToAsrApp(com.android.server.pm.permission.DefaultPermissionGrantPolicy$PackageManagerWrapper,int)>",early_return,"[invoke] com.android.server.pm.permission.DefaultPermissionGrantPolic → [other] move-result v0 → [branch] if-eqz v0, :cond_3f → [other] new-instance v0, Ljava/lang/StringBuilder; → [invoke] java.lang.StringBuilder.<init>()",186
com.tmobile.pr.adapt,services,com.android.server.pm.permission.DefaultPermissionGrantPolicy,"<com.android.server.pm.permission.DefaultPermissionGrantPolicy: void grantDefaultPermissionsToAsrApp(com.android.server.pm.permission.DefaultPermissionGrantPolicy$PackageManagerWrapper,int)>",early_return,"[invoke] com.android.server.pm.permission.DefaultPermissionGrantPolic → [other] move-result v0 → [branch] if-eqz v0, :cond_70 → [other] new-instance v0, Ljava/lang/StringBuilder; → [invoke] java.lang.StringBuilder.<init>()",186
com.cequint.ecid,services,com.android.server.pm.permission.DefaultPermissionGrantPolicy,"<com.android.server.pm.permission.DefaultPermissionGrantPolicy: void grantDefaultPermissionsToAttApp(com.android.server.pm.permission.DefaultPermissionGrantPolicy$PackageManagerWrapper,int)>",early_return,"[invoke] com.android.server.pm.permission.DefaultPermissionGrantPolic → [other] move-result v0 → [branch] if-eqz v0, :cond_4b → [reassigned] v0 overwritten",493
com.samsung.vvm,services,com.android.server.pm.permission.DefaultPermissionGrantPolicy,"<com.android.server.pm.permission.DefaultPermissionGrantPolicy: void grantDefaultPermissionsToAttApp(com.android.server.pm.permission.DefaultPermissionGrantPolicy$PackageManagerWrapper,int)>",early_return,"[invoke] com.android.server.pm.permission.DefaultPermissionGrantPolic → [other] move-result v0 → [branch] if-eqz v0, :cond_7b → [reassigned] v0 overwritten",493
com.samsung.attvvm,services,com.android.server.pm.permission.DefaultPermissionGrantPolicy,"<com.android.server.pm.permission.DefaultPermissionGrantPolicy: void grantDefaultPermissionsToAttApp(com.android.server.pm.permission.DefaultPermissionGrantPolicy$PackageManagerWrapper,int)>",early_return,"[invoke] com.android.server.pm.permission.DefaultPermissionGrantPolic → [other] move-result v0 → [branch] if-eqz v0, :cond_ae → [reassigned] v0 overwritten",493
com.dti.att,services,com.android.server.pm.permission.DefaultPermissionGrantPolicy,"<com.android.server.pm.permission.DefaultPermissionGrantPolicy: void grantDefaultPermissionsToAttApp(com.android.server.pm.permission.DefaultPermissionGrantPolicy$PackageManagerWrapper,int)>",early_return,"[invoke] com.android.server.pm.permission.DefaultPermissionGrantPolic → [other] move-result v0 → [branch] if-eqz v0, :cond_f4 → [reassigned] v0 overwritten",493
com.aura.oobe.att,services,com.android.server.pm.permission.DefaultPermissionGrantPolicy,"<com.android.server.pm.permission.DefaultPermissionGrantPolicy: void grantDefaultPermissionsToAttApp(com.android.server.pm.permission.DefaultPermissionGrantPolicy$PackageManagerWrapper,int)>",early_return,"[invoke] com.android.server.pm.permission.DefaultPermissionGrantPolic → [other] move-result v0 → [branch] if-eqz v0, :cond_113 → [reassigned] v0 overwritten",493
com.aura.jet.att,services,com.android.server.pm.permission.DefaultPermissionGrantPolicy,"<com.android.server.pm.permission.DefaultPermissionGrantPolicy: void grantDefaultPermissionsToAttApp(com.android.server.pm.permission.DefaultPermissionGrantPolicy$PackageManagerWrapper,int)>",early_return,"[invoke] com.android.server.pm.permission.DefaultPermissionGrantPolic → [other] move-result v0 → [branch] if-eqz v0, :cond_132 → [reassigned] v0 overwritten",493
com.synchronoss.dcs.att.r2g,services,com.android.server.pm.permission.DefaultPermissionGrantPolicy,"<com.android.server.pm.permission.DefaultPermissionGrantPolicy: void grantDefaultPermissionsToAttApp(com.android.server.pm.permission.DefaultPermissionGrantPolicy$PackageManagerWrapper,int)>",early_return,"[invoke] com.android.server.pm.permission.DefaultPermissionGrantPolic → [other] move-result v0 → [branch] if-eqz v0, :cond_175 → [reassigned] v0 overwritten",493
net.aetherpal.device,services,com.android.server.pm.permission.DefaultPermissionGrantPolicy,"<com.android.server.pm.permission.DefaultPermissionGrantPolicy: void grantDefaultPermissionsToAttApp(com.android.server.pm.permission.DefaultPermissionGrantPolicy$PackageManagerWrapper,int)>",early_return,"[invoke] com.android.server.pm.permission.DefaultPermissionGrantPolic → [other] move-result v0 → [branch] if-eqz v0, :cond_198 → [reassigned] v0 overwritten",493
com.cricketwireless.thescoop,services,com.android.server.pm.permission.DefaultPermissionGrantPolicy,"<com.android.server.pm.permission.DefaultPermissionGrantPolicy: void grantDefaultPermissionsToCricketApp(com.android.server.pm.permission.DefaultPermissionGrantPolicy$PackageManagerWrapper,int)>",early_return,[invoke] com.android.server.pm.permission.DefaultPermissionGrantPolic → [reassigned] v0 overwritten,84
com.dti.cricket,services,com.android.server.pm.permission.DefaultPermissionGrantPolicy,"<com.android.server.pm.permission.DefaultPermissionGrantPolicy: void grantDefaultPermissionsToCricketApp(com.android.server.pm.permission.DefaultPermissionGrantPolicy$PackageManagerWrapper,int)>",early_return,"[invoke] com.android.server.pm.permission.DefaultPermissionGrantPolic → [other] move-result v1 → [branch] if-eqz v1, :cond_41",84
com.tmobile.pr.adapt,services,com.android.server.pm.permission.DefaultPermissionGrantPolicy,"<com.android.server.pm.permission.DefaultPermissionGrantPolicy: void grantDefaultPermissionsToMetroApp(com.android.server.pm.permission.DefaultPermissionGrantPolicy$PackageManagerWrapper,int)>",early_return,[invoke] com.android.server.pm.permission.DefaultPermissionGrantPolic → [reassigned] v0 overwritten,314
com.ironsrc.aura.tmo,services,com.android.server.pm.permission.DefaultPermissionGrantPolicy,"<com.android.server.pm.permission.DefaultPermissionGrantPolicy: void grantDefaultPermissionsToMetroApp(com.android.server.pm.permission.DefaultPermissionGrantPolicy$PackageManagerWrapper,int)>",early_return,"[invoke] com.android.server.pm.permission.DefaultPermissionGrantPolic → [other] move-result v2 → [branch] if-eqz v2, :cond_7f → [other] new-instance v2, Ljava/lang/StringBuilder; → [invoke] java.lang.StringBuilder.<init>()",314
com.metropcs.metrozone,services,com.android.server.pm.permission.DefaultPermissionGrantPolicy,"<com.android.server.pm.permission.DefaultPermissionGrantPolicy: void grantDefaultPermissionsToMetroApp(com.android.server.pm.permission.DefaultPermissionGrantPolicy$PackageManagerWrapper,int)>",early_return,"[invoke] com.android.server.pm.permission.DefaultPermissionGrantPolic → [other] move-result v2 → [branch] if-eqz v2, :cond_b1 → [other] new-instance v2, Ljava/lang/StringBuilder; → [invoke] java.lang.StringBuilder.<init>()",314
com.tmobile.dm.cm,services,com.android.server.pm.permission.DefaultPermissionGrantPolicy,"<com.android.server.pm.permission.DefaultPermissionGrantPolicy: void grantDefaultPermissionsToMetroApp(com.android.server.pm.permission.DefaultPermissionGrantPolicy$PackageManagerWrapper,int)>",early_return,[invoke] com.android.server.pm.permission.DefaultPermissionGrantPolic → [reassigned] v2 overwritten,314
com.sprint.ce.updater,services,com.android.server.pm.permission.DefaultPermissionGrantPolicy,"<com.android.server.pm.permission.DefaultPermissionGrantPolicy: void grantDefaultPermissionsToSprintApps(com.android.server.pm.permission.DefaultPermissionGrantPolicy$PackageManagerWrapper,int)>",early_return,"[invoke] com.android.server.pm.permission.DefaultPermissionGrantPolic → [other] move-result v0 → [branch] if-eqz v0, :cond_d6 → [other] move-exception v0 → [other] move-exception v0",1397
com.sprint.w.installer,services,com.android.server.pm.permission.DefaultPermissionGrantPolicy,"<com.android.server.pm.permission.DefaultPermissionGrantPolicy: void grantDefaultPermissionsToSprintApps(com.android.server.pm.permission.DefaultPermissionGrantPolicy$PackageManagerWrapper,int)>",early_return,"[invoke] com.android.server.pm.permission.DefaultPermissionGrantPolic → [other] move-result v0 → [branch] if-eqz v0, :cond_10f → [other] move-exception v0 → [invoke] android.util.Log.e()",1397
com.dish.wireless.activation,services,com.android.server.pm.permission.DefaultPermissionGrantPolicy,"<com.android.server.pm.permission.DefaultPermissionGrantPolicy: void grantDefaultPermissionsToSprintApps(com.android.server.pm.permission.DefaultPermissionGrantPolicy$PackageManagerWrapper,int)>",early_return,"[invoke] com.android.server.pm.permission.DefaultPermissionGrantPolic → [other] move-result v0 → [branch] if-eqz v0, :cond_1a7 → [reassigned] v0 overwritten",1397
com.dish.wireless.carrierapp,services,com.android.server.pm.permission.DefaultPermissionGrantPolicy,"<com.android.server.pm.permission.DefaultPermissionGrantPolicy: void grantDefaultPermissionsToSprintApps(com.android.server.pm.permission.DefaultPermissionGrantPolicy$PackageManagerWrapper,int)>",early_return,"[invoke] com.android.server.pm.permission.DefaultPermissionGrantPolic → [other] move-result v0 → [branch] if-eqz v0, :cond_1fa → [reassigned] v0 overwritten",1397
com.ironsource.appcloud.oobe,services,com.android.server.pm.permission.DefaultPermissionGrantPolicy,"<com.android.server.pm.permission.DefaultPermissionGrantPolicy: void grantDefaultPermissionsToSprintApps(com.android.server.pm.permission.DefaultPermissionGrantPolicy$PackageManagerWrapper,int)>",early_return,"[invoke] com.android.server.pm.permission.DefaultPermissionGrantPolic → [other] move-result v0 → [branch] if-eqz v0, :cond_256 → [other] move-exception v0 → [invoke] android.util.Log.e()",1397
com.coremobility.app.vnotes,services,com.android.server.pm.permission.DefaultPermissionGrantPolicy,"<com.android.server.pm.permission.DefaultPermissionGrantPolicy: void grantDefaultPermissionsToSprintApps(com.android.server.pm.permission.DefaultPermissionGrantPolicy$PackageManagerWrapper,int)>",early_return,"[invoke] com.android.server.pm.permission.DefaultPermissionGrantPolic → [other] move-result v0 → [branch] if-eqz v0, :cond_2c1 → [other] move-exception v0 → [other] move-exception v0",1397
com.dish.vvm,services,com.android.server.pm.permission.DefaultPermissionGrantPolicy,"<com.android.server.pm.permission.DefaultPermissionGrantPolicy: void grantDefaultPermissionsToSprintApps(com.android.server.pm.permission.DefaultPermissionGrantPolicy$PackageManagerWrapper,int)>",early_return,"[invoke] com.android.server.pm.permission.DefaultPermissionGrantPolic → [other] move-result v0 → [branch] if-eqz v0, :cond_311 → [other] move-exception v0 → [other] move-exception v0",1397
com.sprint.ms.smf.services,services,com.android.server.pm.permission.DefaultPermissionGrantPolicy,"<com.android.server.pm.permission.DefaultPermissionGrantPolicy: void grantDefaultPermissionsToSprintApps(com.android.server.pm.permission.DefaultPermissionGrantPolicy$PackageManagerWrapper,int)>",early_return,"[invoke] com.android.server.pm.permission.DefaultPermissionGrantPolic → [other] move-result v0 → [branch] if-eqz v0, :cond_34d → [other] move-exception v0 → [invoke] android.util.Log.e()",1397
com.cequint.ecid,services,com.android.server.pm.permission.DefaultPermissionGrantPolicy,"<com.android.server.pm.permission.DefaultPermissionGrantPolicy: void grantDefaultPermissionsToSprintApps(com.android.server.pm.permission.DefaultPermissionGrantPolicy$PackageManagerWrapper,int)>",early_return,"[invoke] com.android.server.pm.permission.DefaultPermissionGrantPolic → [other] move-result v0 → [branch] if-eqz v0, :cond_440 → [other] move-exception v0 → [invoke] android.util.Log.e()",1397
com.sprint.ms.cdm,services,com.android.server.pm.permission.DefaultPermissionGrantPolicy,"<com.android.server.pm.permission.DefaultPermissionGrantPolicy: void grantDefaultPermissionsToSprintApps(com.android.server.pm.permission.DefaultPermissionGrantPolicy$PackageManagerWrapper,int)>",early_return,"[invoke] com.android.server.pm.permission.DefaultPermissionGrantPolic → [other] move-result v0 → [branch] if-eqz v0, :cond_3df → [other] new-instance v0, Landroid/util/ArraySet; → [invoke] android.util.ArraySet.<init>()",1397
com.sprint.ecid,services,com.android.server.pm.permission.DefaultPermissionGrantPolicy,"<com.android.server.pm.permission.DefaultPermissionGrantPolicy: void grantDefaultPermissionsToSprintApps(com.android.server.pm.permission.DefaultPermissionGrantPolicy$PackageManagerWrapper,int)>",early_return,"[invoke] com.android.server.pm.permission.DefaultPermissionGrantPolic → [other] move-result v0 → [branch] if-eqz v0, :cond_440 → [other] move-exception v0 → [invoke] android.util.Log.e()",1397
com.tmobile.echolocate,services,com.android.server.pm.permission.DefaultPermissionGrantPolicy,"<com.android.server.pm.permission.DefaultPermissionGrantPolicy: void grantDefaultPermissionsToTmoApp(com.android.server.pm.permission.DefaultPermissionGrantPolicy$PackageManagerWrapper,int)>",early_return,[invoke] com.android.server.pm.permission.DefaultPermissionGrantPolic → [reassigned] v0 overwritten,382
com.tmobile.pr.mytmobile,services,com.android.server.pm.permission.DefaultPermissionGrantPolicy,"<com.android.server.pm.permission.DefaultPermissionGrantPolicy: void grantDefaultPermissionsToTmoApp(com.android.server.pm.permission.DefaultPermissionGrantPolicy$PackageManagerWrapper,int)>",early_return,[invoke] com.android.server.pm.permission.DefaultPermissionGrantPolic → [reassigned] v2 overwritten,382
com.tmobile.pr.adapt,services,com.android.server.pm.permission.DefaultPermissionGrantPolicy,"<com.android.server.pm.permission.DefaultPermissionGrantPolicy: void grantDefaultPermissionsToTmoApp(com.android.server.pm.permission.DefaultPermissionGrantPolicy$PackageManagerWrapper,int)>",early_return,"[invoke] com.android.server.pm.permission.DefaultPermissionGrantPolic → [other] move-result v3 → [branch] if-eqz v3, :cond_bc → [other] new-instance v3, Ljava/lang/StringBuilder; → [invoke] java.lang.StringBuilder.<init>()",382
com.ironsrc.aura.tmo,services,com.android.server.pm.permission.DefaultPermissionGrantPolicy,"<com.android.server.pm.permission.DefaultPermissionGrantPolicy: void grantDefaultPermissionsToTmoApp(com.android.server.pm.permission.DefaultPermissionGrantPolicy$PackageManagerWrapper,int)>",early_return,"[invoke] com.android.server.pm.permission.DefaultPermissionGrantPolic → [other] move-result v3 → [branch] if-eqz v3, :cond_f2 → [other] new-instance v3, Ljava/lang/StringBuilder; → [invoke] java.lang.StringBuilder.<init>()",382
com.tmobile.dm.cm,services,com.android.server.pm.permission.DefaultPermissionGrantPolicy,"<com.android.server.pm.permission.DefaultPermissionGrantPolicy: void grantDefaultPermissionsToTmoApp(com.android.server.pm.permission.DefaultPermissionGrantPolicy$PackageManagerWrapper,int)>",early_return,"[invoke] com.android.server.pm.permission.DefaultPermissionGrantPolic → [other] move-result v3 → [branch] if-eqz v3, :cond_12b → [other] new-instance v3, Ljava/lang/StringBuilder; → [invoke] java.lang.StringBuilder.<init>()",382
com.verizon.mips.services,services,com.android.server.pm.permission.DefaultPermissionGrantPolicy,"<com.android.server.pm.permission.DefaultPermissionGrantPolicy: void grantDefaultPermissionsToVerizonApp(com.android.server.pm.permission.DefaultPermissionGrantPolicy$PackageManagerWrapper,int)>",early_return,"[invoke] com.android.server.pm.permission.DefaultPermissionGrantPolic → [other] move-result v0 → [branch] if-eqz v0, :cond_4c → [reassigned] v0 overwritten",729
com.motricity.verizon.ssodownloadable,services,com.android.server.pm.permission.DefaultPermissionGrantPolicy,"<com.android.server.pm.permission.DefaultPermissionGrantPolicy: void grantDefaultPermissionsToVerizonApp(com.android.server.pm.permission.DefaultPermissionGrantPolicy$PackageManagerWrapper,int)>",early_return,"[invoke] com.android.server.pm.permission.DefaultPermissionGrantPolic → [other] move-result v0 → [branch] if-eqz v0, :cond_6f → [other] move-object/from16 v0, p0 → [invoke] com.android.server.pm.permission.DefaultPermissionGrantPolic",729
com.vzw.hss.myverizon,services,com.android.server.pm.permission.DefaultPermissionGrantPolicy,"<com.android.server.pm.permission.DefaultPermissionGrantPolicy: void grantDefaultPermissionsToVerizonApp(com.android.server.pm.permission.DefaultPermissionGrantPolicy$PackageManagerWrapper,int)>",early_return,"[invoke] com.android.server.pm.permission.DefaultPermissionGrantPolic → [other] move-result v0 → [branch] if-eqz v0, :cond_a8 → [other] move-object/from16 v0, p0 → [invoke] com.android.server.pm.permission.DefaultPermissionGrantPolic",729
com.vzw.ecid,services,com.android.server.pm.permission.DefaultPermissionGrantPolicy,"<com.android.server.pm.permission.DefaultPermissionGrantPolicy: void grantDefaultPermissionsToVerizonApp(com.android.server.pm.permission.DefaultPermissionGrantPolicy$PackageManagerWrapper,int)>",early_return,"[invoke] com.android.server.pm.permission.DefaultPermissionGrantPolic → [other] move-result v0 → [branch] if-eqz v0, :cond_10b → [other] move-object/from16 v0, p0 → [invoke] com.android.server.pm.permission.DefaultPermissionGrantPolic",729
com.cequint.ecid,services,com.android.server.pm.permission.DefaultPermissionGrantPolicy,"<com.android.server.pm.permission.DefaultPermissionGrantPolicy: void grantDefaultPermissionsToVerizonApp(com.android.server.pm.permission.DefaultPermissionGrantPolicy$PackageManagerWrapper,int)>",early_return,"[invoke] com.android.server.pm.permission.DefaultPermissionGrantPolic → [other] move-result v0 → [branch] if-eqz v0, :cond_146 → [other] move-object/from16 v0, p0 → [invoke] com.android.server.pm.permission.DefaultPermissionGrantPolic",729
com.vcast.mediamanager,services,com.android.server.pm.permission.DefaultPermissionGrantPolicy,"<com.android.server.pm.permission.DefaultPermissionGrantPolicy: void grantDefaultPermissionsToVerizonApp(com.android.server.pm.permission.DefaultPermissionGrantPolicy$PackageManagerWrapper,int)>",early_return,"[invoke] com.android.server.pm.permission.DefaultPermissionGrantPolic → [other] move-result v0 → [branch] if-eqz v0, :cond_1b7 → [reassigned] v0 overwritten",729
com.qualcomm.ltebc_vzw,services,com.android.server.pm.permission.DefaultPermissionGrantPolicy,"<com.android.server.pm.permission.DefaultPermissionGrantPolicy: void grantDefaultPermissionsToVerizonApp(com.android.server.pm.permission.DefaultPermissionGrantPolicy$PackageManagerWrapper,int)>",early_return,"[invoke] com.android.server.pm.permission.DefaultPermissionGrantPolic → [other] move-result v0 → [branch] if-eqz v0, :cond_1da → [other] move-object/from16 v0, p0 → [invoke] com.android.server.pm.permission.DefaultPermissionGrantPolic",729
com.samsung.vvm,services,com.android.server.pm.permission.DefaultPermissionGrantPolicy,"<com.android.server.pm.permission.DefaultPermissionGrantPolicy: void grantDefaultPermissionsToVerizonApp(com.android.server.pm.permission.DefaultPermissionGrantPolicy$PackageManagerWrapper,int)>",early_return,"[invoke] com.android.server.pm.permission.DefaultPermissionGrantPolic → [other] move-result v0 → [branch] if-eqz v0, :cond_27a → [other] move-object/from16 v0, v16 → [invoke] java.util.Set.add()",729
com.securityandprivacy.android.verizon.vms,services,com.android.server.pm.permission.DefaultPermissionGrantPolicy,"<com.android.server.pm.permission.DefaultPermissionGrantPolicy: void grantDefaultPermissionsToVerizonApp(com.android.server.pm.permission.DefaultPermissionGrantPolicy$PackageManagerWrapper,int)>",early_return,"[invoke] com.android.server.pm.permission.DefaultPermissionGrantPolic → [other] move-result v0 → [branch] if-eqz v0, :cond_29c → [other] move-object/from16 v0, v17 → [invoke] java.util.Set.add()",729
com.verizon.mips.services,services,com.android.server.pm.permission.DefaultPermissionGrantPolicy,"<com.android.server.pm.permission.DefaultPermissionGrantPolicy: void grantDefaultPermissionsToVerizonAppForVPP(com.android.server.pm.permission.DefaultPermissionGrantPolicy$PackageManagerWrapper,int)>",early_return,"[invoke] com.android.server.pm.permission.DefaultPermissionGrantPolic → [other] move-result v0 → [branch] if-eqz v0, :cond_4b → [reassigned] v0 overwritten",333
com.motricity.verizon.ssodownloadable,services,com.android.server.pm.permission.DefaultPermissionGrantPolicy,"<com.android.server.pm.permission.DefaultPermissionGrantPolicy: void grantDefaultPermissionsToVerizonAppForVPP(com.android.server.pm.permission.DefaultPermissionGrantPolicy$PackageManagerWrapper,int)>",early_return,"[invoke] com.android.server.pm.permission.DefaultPermissionGrantPolic → [other] move-result v0 → [branch] if-eqz v0, :cond_6d → [reassigned] v0 overwritten",333
com.vzw.hss.myverizon,services,com.android.server.pm.permission.DefaultPermissionGrantPolicy,"<com.android.server.pm.permission.DefaultPermissionGrantPolicy: void grantDefaultPermissionsToVerizonAppForVPP(com.android.server.pm.permission.DefaultPermissionGrantPolicy$PackageManagerWrapper,int)>",early_return,"[invoke] com.android.server.pm.permission.DefaultPermissionGrantPolic → [other] move-result v0 → [branch] if-eqz v0, :cond_a5 → [reassigned] v0 overwritten",333
com.vcast.mediamanager,services,com.android.server.pm.permission.DefaultPermissionGrantPolicy,"<com.android.server.pm.permission.DefaultPermissionGrantPolicy: void grantDefaultPermissionsToVerizonAppForVPP(com.android.server.pm.permission.DefaultPermissionGrantPolicy$PackageManagerWrapper,int)>",early_return,"[invoke] com.android.server.pm.permission.DefaultPermissionGrantPolic → [other] move-result v0 → [branch] if-eqz v0, :cond_12f → [reassigned] v0 overwritten",333
com.android.contacts,services,com.android.server.pm.permission.DefaultPermissionGrantPolicy,"<com.android.server.pm.permission.DefaultPermissionGrantPolicy: void grantDefaultSystemHandlerPermissions(com.android.server.pm.permission.DefaultPermissionGrantPolicy$PackageManagerWrapper,int)>",string_compare;early_return;permission_grant;system_property_read,[invoke] com.android.server.pm.permission.LegacyPermissionManagerInte → [reassigned] v1 overwritten,4498
com.android.calendar,services,com.android.server.pm.permission.DefaultPermissionGrantPolicy,"<com.android.server.pm.permission.DefaultPermissionGrantPolicy: void grantDefaultSystemHandlerPermissions(com.android.server.pm.permission.DefaultPermissionGrantPolicy$PackageManagerWrapper,int)>",string_compare;early_return;permission_grant;system_property_read,[invoke] com.android.server.pm.permission.LegacyPermissionManagerInte → [reassigned] v1 overwritten,4498
com.sec.android.app.camera,services,com.android.server.pm.permission.DefaultPermissionGrantPolicy,"<com.android.server.pm.permission.DefaultPermissionGrantPolicy: void grantDefaultSystemHandlerPermissions(com.android.server.pm.permission.DefaultPermissionGrantPolicy$PackageManagerWrapper,int)>",string_compare;early_return;permission_grant;system_property_read,"[invoke] com.android.server.pm.permission.DefaultPermissionGrantPolic → [other] move-result v1 → [branch] if-eqz v1, :cond_165 → [reassigned] v1 overwritten",4498
com.samsung.android.visionintelligence,services,com.android.server.pm.permission.DefaultPermissionGrantPolicy,"<com.android.server.pm.permission.DefaultPermissionGrantPolicy: void grantDefaultSystemHandlerPermissions(com.android.server.pm.permission.DefaultPermissionGrantPolicy$PackageManagerWrapper,int)>",string_compare;early_return;permission_grant;system_property_read,"[invoke] com.android.server.pm.permission.DefaultPermissionGrantPolic → [other] move-result v1 → [branch] if-eqz v1, :cond_199 → [reassigned] v1 overwritten",4498
com.samsung.android.mdx.quickboard,services,com.android.server.pm.permission.DefaultPermissionGrantPolicy,"<com.android.server.pm.permission.DefaultPermissionGrantPolicy: void grantDefaultSystemHandlerPermissions(com.android.server.pm.permission.DefaultPermissionGrantPolicy$PackageManagerWrapper,int)>",string_compare;early_return;permission_grant;system_property_read,"[invoke] com.android.server.pm.permission.DefaultPermissionGrantPolic → [other] move-result v1 → [branch] if-eqz v1, :cond_1c0 → [reassigned] v1 overwritten",4498
com.samsung.android.fast,services,com.android.server.pm.permission.DefaultPermissionGrantPolicy,"<com.android.server.pm.permission.DefaultPermissionGrantPolicy: void grantDefaultSystemHandlerPermissions(com.android.server.pm.permission.DefaultPermissionGrantPolicy$PackageManagerWrapper,int)>",string_compare;early_return;permission_grant;system_property_read,"[invoke] com.android.server.pm.permission.DefaultPermissionGrantPolic → [other] move-result v1 → [branch] if-eqz v1, :cond_209 → [reassigned] v1 overwritten",4498
com.samsung.android.fast,services,com.android.server.pm.permission.DefaultPermissionGrantPolicy,"<com.android.server.pm.permission.DefaultPermissionGrantPolicy: void grantDefaultSystemHandlerPermissions(com.android.server.pm.permission.DefaultPermissionGrantPolicy$PackageManagerWrapper,int)>",string_compare;early_return;permission_grant;system_property_read,"[invoke] android.content.pm.PackageManager.checkSignatures() → [other] move-object/from16 v2, p1 → [other] move-object/from16 v2, p1 → [other] new-array v2, v12, [Ljava/util/Set; → [field_store] aput-object v21, v2, v3",4498
com.mobiletools.systemhelper,services,com.android.server.pm.permission.DefaultPermissionGrantPolicy,"<com.android.server.pm.permission.DefaultPermissionGrantPolicy: void grantDefaultSystemHandlerPermissions(com.android.server.pm.permission.DefaultPermissionGrantPolicy$PackageManagerWrapper,int)>",string_compare;early_return;permission_grant;system_property_read,"[invoke] com.android.server.pm.permission.DefaultPermissionGrantPolic → [other] move-result v1 → [branch] if-eqz v1, :cond_23a → [reassigned] v1 overwritten",4498
com.android.calendar,services,com.android.server.pm.permission.DefaultPermissionGrantPolicy,"<com.android.server.pm.permission.DefaultPermissionGrantPolicy: void grantDefaultSystemHandlerPermissions(com.android.server.pm.permission.DefaultPermissionGrantPolicy$PackageManagerWrapper,int)>",string_compare;early_return;permission_grant;system_property_read,[invoke] com.android.server.pm.permission.LegacyPermissionManagerInte → [reassigned] v1 overwritten,4498
com.samsung.android.scs,services,com.android.server.pm.permission.DefaultPermissionGrantPolicy,"<com.android.server.pm.permission.DefaultPermissionGrantPolicy: void grantDefaultSystemHandlerPermissions(com.android.server.pm.permission.DefaultPermissionGrantPolicy$PackageManagerWrapper,int)>",string_compare;early_return;permission_grant;system_property_read,"[invoke] com.android.server.pm.permission.DefaultPermissionGrantPolic → [other] move-result v1 → [branch] if-eqz v1, :cond_37c → [reassigned] v1 overwritten",4498
com.android.contacts,services,com.android.server.pm.permission.DefaultPermissionGrantPolicy,"<com.android.server.pm.permission.DefaultPermissionGrantPolicy: void grantDefaultSystemHandlerPermissions(com.android.server.pm.permission.DefaultPermissionGrantPolicy$PackageManagerWrapper,int)>",string_compare;early_return;permission_grant;system_property_read,[invoke] com.android.server.pm.permission.LegacyPermissionManagerInte → [reassigned] v1 overwritten,4498
com.sec.android.easyMover.Agent,services,com.android.server.pm.permission.DefaultPermissionGrantPolicy,"<com.android.server.pm.permission.DefaultPermissionGrantPolicy: void grantDefaultSystemHandlerPermissions(com.android.server.pm.permission.DefaultPermissionGrantPolicy$PackageManagerWrapper,int)>",string_compare;early_return;permission_grant;system_property_read,"[invoke] com.android.server.pm.permission.DefaultPermissionGrantPolic → [other] move-result v1 → [branch] if-eqz v1, :cond_4e9 → [reassigned] v1 overwritten",4498
com.sec.android.easyMover.Agent,services,com.android.server.pm.permission.DefaultPermissionGrantPolicy,"<com.android.server.pm.permission.DefaultPermissionGrantPolicy: void grantDefaultSystemHandlerPermissions(com.android.server.pm.permission.DefaultPermissionGrantPolicy$PackageManagerWrapper,int)>",string_compare;early_return;permission_grant;system_property_read,"[invoke] android.content.pm.PackageManager.checkSignatures() → [other] move-object/from16 v2, p1 → [other] const-string/jumbo v2, ""ro.csc.country_code"" → [invoke] android.os.SystemProperties.get() → [reassigned] v2 overwritten",4498
com.google.android.gms,services,com.android.server.pm.permission.DefaultPermissionGrantPolicy,"<com.android.server.pm.permission.DefaultPermissionGrantPolicy: void grantDefaultSystemHandlerPermissions(com.android.server.pm.permission.DefaultPermissionGrantPolicy$PackageManagerWrapper,int)>",string_compare;early_return;permission_grant;system_property_read,[invoke] com.android.server.pm.permission.DefaultPermissionGrantPolic → [reassigned] v1 overwritten,4498
com.google.android.gms,services,com.android.server.pm.permission.DefaultPermissionGrantPolicy,"<com.android.server.pm.permission.DefaultPermissionGrantPolicy: void grantDefaultSystemHandlerPermissions(com.android.server.pm.permission.DefaultPermissionGrantPolicy$PackageManagerWrapper,int)>",string_compare;early_return;permission_grant;system_property_read,[invoke] com.android.server.pm.permission.DefaultPermissionGrantPolic → [reassigned] v1 overwritten,4498
com.google.android.apps.tachyon,services,com.android.server.pm.permission.DefaultPermissionGrantPolicy,"<com.android.server.pm.permission.DefaultPermissionGrantPolicy: void grantDefaultSystemHandlerPermissions(com.android.server.pm.permission.DefaultPermissionGrantPolicy$PackageManagerWrapper,int)>",string_compare;early_return;permission_grant;system_property_read,"[invoke] com.android.server.pm.permission.DefaultPermissionGrantPolic → [other] array-length v1, v0 → [other] if-ge v3, v1, :cond_5a9 → [reassigned] v1 overwritten",4498
com.android.printspooler,services,com.android.server.pm.permission.DefaultPermissionGrantPolicy,"<com.android.server.pm.permission.DefaultPermissionGrantPolicy: void grantDefaultSystemHandlerPermissions(com.android.server.pm.permission.DefaultPermissionGrantPolicy$PackageManagerWrapper,int)>",string_compare;early_return;permission_grant;system_property_read,[invoke] com.android.server.pm.permission.DefaultPermissionGrantPolic → [reassigned] v0 overwritten,4498
com.android.companiondevicemanager,services,com.android.server.pm.permission.DefaultPermissionGrantPolicy,"<com.android.server.pm.permission.DefaultPermissionGrantPolicy: void grantDefaultSystemHandlerPermissions(com.android.server.pm.permission.DefaultPermissionGrantPolicy$PackageManagerWrapper,int)>",string_compare;early_return;permission_grant;system_property_read,[invoke] com.android.server.pm.permission.DefaultPermissionGrantPolic → [reassigned] v0 overwritten,4498
com.samsung.android.alive.service,services,com.android.server.pm.permission.DefaultPermissionGrantPolicy,"<com.android.server.pm.permission.DefaultPermissionGrantPolicy: void grantDefaultSystemHandlerPermissions(com.android.server.pm.permission.DefaultPermissionGrantPolicy$PackageManagerWrapper,int)>",string_compare;early_return;permission_grant;system_property_read,"[invoke] com.android.server.pm.permission.DefaultPermissionGrantPolic → [other] move-result v0 → [branch] if-eqz v0, :cond_729 → [reassigned] v0 overwritten",4498
com.samsung.android.smartsuggestions,services,com.android.server.pm.permission.DefaultPermissionGrantPolicy,"<com.android.server.pm.permission.DefaultPermissionGrantPolicy: void grantDefaultSystemHandlerPermissions(com.android.server.pm.permission.DefaultPermissionGrantPolicy$PackageManagerWrapper,int)>",string_compare;early_return;permission_grant;system_property_read,"[invoke] com.android.server.pm.permission.DefaultPermissionGrantPolic → [other] move-result v0 → [branch] if-eqz v0, :cond_77d → [reassigned] v0 overwritten",4498
com.samsung.android.app.reminder,services,com.android.server.pm.permission.DefaultPermissionGrantPolicy,"<com.android.server.pm.permission.DefaultPermissionGrantPolicy: void grantDefaultSystemHandlerPermissions(com.android.server.pm.permission.DefaultPermissionGrantPolicy$PackageManagerWrapper,int)>",string_compare;early_return;permission_grant;system_property_read,[invoke] com.android.server.pm.permission.DefaultPermissionGrantPolic → [reassigned] v0 overwritten,4498
com.samsung.android.app.reminder,services,com.android.server.pm.permission.DefaultPermissionGrantPolicy,"<com.android.server.pm.permission.DefaultPermissionGrantPolicy: void grantDefaultSystemHandlerPermissions(com.android.server.pm.permission.DefaultPermissionGrantPolicy$PackageManagerWrapper,int)>",string_compare;early_return;permission_grant;system_property_read,"[invoke] android.content.pm.PackageManager.checkSignatures() → [other] move-object/from16 v1, p0 → [invoke] com.android.server.pm.permission.DefaultPermissionGrantPolic → [other] const-string/jumbo v1, ""ro.csc.country_code"" → [invoke] android.os.SystemProperties.get()",4498
com.samsung.android.calendar,services,com.android.server.pm.permission.DefaultPermissionGrantPolicy,"<com.android.server.pm.permission.DefaultPermissionGrantPolicy: void grantDefaultSystemHandlerPermissions(com.android.server.pm.permission.DefaultPermissionGrantPolicy$PackageManagerWrapper,int)>",string_compare;early_return;permission_grant;system_property_read,[invoke] com.android.server.pm.permission.DefaultPermissionGrantPolic → [reassigned] v0 overwritten,4498
com.samsung.android.calendar,services,com.android.server.pm.permission.DefaultPermissionGrantPolicy,"<com.android.server.pm.permission.DefaultPermissionGrantPolicy: void grantDefaultSystemHandlerPermissions(com.android.server.pm.permission.DefaultPermissionGrantPolicy$PackageManagerWrapper,int)>",string_compare;early_return;permission_grant;system_property_read,"[invoke] android.content.pm.PackageManager.checkSignatures() → [other] move-object/from16 v1, p0 → [invoke] com.android.server.pm.permission.DefaultPermissionGrantPolic → [reassigned] v1 overwritten",4498
com.samsung.android.app.tips,services,com.android.server.pm.permission.DefaultPermissionGrantPolicy,"<com.android.server.pm.permission.DefaultPermissionGrantPolicy: void grantDefaultSystemHandlerPermissions(com.android.server.pm.permission.DefaultPermissionGrantPolicy$PackageManagerWrapper,int)>",string_compare;early_return;permission_grant;system_property_read,"[invoke] com.android.server.pm.permission.DefaultPermissionGrantPolic → [other] move-result v0 → [branch] if-eqz v0, :cond_836 → [other] iget-object v0, v8, Lcom/android/server/pm/permission/Defaul → [invoke] android.content.Context.getPackageManager()",4498
com.samsung.android.app.tips,services,com.android.server.pm.permission.DefaultPermissionGrantPolicy,"<com.android.server.pm.permission.DefaultPermissionGrantPolicy: void grantDefaultSystemHandlerPermissions(com.android.server.pm.permission.DefaultPermissionGrantPolicy$PackageManagerWrapper,int)>",string_compare;early_return;permission_grant;system_property_read,"[invoke] android.content.pm.PackageManager.checkSignatures() → [other] move-object/from16 v1, p0 → [invoke] com.android.server.pm.permission.DefaultPermissionGrantPolic → [reassigned] v1 overwritten",4498
com.samsung.android.homemode,services,com.android.server.pm.permission.DefaultPermissionGrantPolicy,"<com.android.server.pm.permission.DefaultPermissionGrantPolicy: void grantDefaultSystemHandlerPermissions(com.android.server.pm.permission.DefaultPermissionGrantPolicy$PackageManagerWrapper,int)>",string_compare;early_return;permission_grant;system_property_read,"[invoke] com.android.server.pm.permission.DefaultPermissionGrantPolic → [other] move-result v0 → [branch] if-eqz v0, :cond_862 → [other] iget-object v0, v8, Lcom/android/server/pm/permission/Defaul → [invoke] android.content.Context.getPackageManager()",4498
com.samsung.android.homemode,services,com.android.server.pm.permission.DefaultPermissionGrantPolicy,"<com.android.server.pm.permission.DefaultPermissionGrantPolicy: void grantDefaultSystemHandlerPermissions(com.android.server.pm.permission.DefaultPermissionGrantPolicy$PackageManagerWrapper,int)>",string_compare;early_return;permission_grant;system_property_read,"[invoke] android.content.pm.PackageManager.checkSignatures() → [other] move-object/from16 v1, p0 → [invoke] com.android.server.pm.permission.DefaultPermissionGrantPolic → [other] new-array v1, v12, [Ljava/util/Set; → [field_store] aput-object v2, v1, v3",4498
com.android.sharedstoragebackup,services,com.android.server.pm.permission.DefaultPermissionGrantPolicy,"<com.android.server.pm.permission.DefaultPermissionGrantPolicy: void grantDefaultSystemHandlerPermissions(com.android.server.pm.permission.DefaultPermissionGrantPolicy$PackageManagerWrapper,int)>",string_compare;early_return;permission_grant;system_property_read,[invoke] com.android.server.pm.permission.DefaultPermissionGrantPolic → [reassigned] v0 overwritten,4498
com.samsung.android.app.galaxyfinder,services,com.android.server.pm.permission.DefaultPermissionGrantPolicy,"<com.android.server.pm.permission.DefaultPermissionGrantPolicy: void grantDefaultSystemHandlerPermissions(com.android.server.pm.permission.DefaultPermissionGrantPolicy$PackageManagerWrapper,int)>",string_compare;early_return;permission_grant;system_property_read,[invoke] com.android.server.pm.permission.DefaultPermissionGrantPolic → [reassigned] v0 overwritten,4498
de.telekom.tsc,services,com.android.server.pm.permission.DefaultPermissionGrantPolicy,"<com.android.server.pm.permission.DefaultPermissionGrantPolicy: void grantDefaultSystemHandlerPermissions(com.android.server.pm.permission.DefaultPermissionGrantPolicy$PackageManagerWrapper,int)>",string_compare;early_return;permission_grant;system_property_read,"[invoke] com.android.server.pm.permission.DefaultPermissionGrantPolic → [other] move-result v0 → [branch] if-eqz v0, :cond_986 → [reassigned] v0 overwritten",4498
com.samsung.android.mdx.kit,services,com.android.server.pm.permission.DefaultPermissionGrantPolicy,"<com.android.server.pm.permission.DefaultPermissionGrantPolicy: void grantDefaultSystemHandlerPermissions(com.android.server.pm.permission.DefaultPermissionGrantPolicy$PackageManagerWrapper,int)>",string_compare;early_return;permission_grant;system_property_read,"[invoke] com.android.server.pm.permission.DefaultPermissionGrantPolic → [other] move-result v0 → [branch] if-eqz v0, :cond_9c6 → [reassigned] v0 overwritten",4498
com.samsung.android.mcfserver,services,com.android.server.pm.permission.DefaultPermissionGrantPolicy,"<com.android.server.pm.permission.DefaultPermissionGrantPolicy: void grantDefaultSystemHandlerPermissions(com.android.server.pm.permission.DefaultPermissionGrantPolicy$PackageManagerWrapper,int)>",string_compare;early_return;permission_grant;system_property_read,"[invoke] com.android.server.pm.permission.DefaultPermissionGrantPolic → [other] move-result v0 → [branch] if-eqz v0, :cond_a0b → [reassigned] v0 overwritten",4498
com.samsung.android.mcfds,services,com.android.server.pm.permission.DefaultPermissionGrantPolicy,"<com.android.server.pm.permission.DefaultPermissionGrantPolicy: void grantDefaultSystemHandlerPermissions(com.android.server.pm.permission.DefaultPermissionGrantPolicy$PackageManagerWrapper,int)>",string_compare;early_return;permission_grant;system_property_read,"[invoke] com.android.server.pm.permission.DefaultPermissionGrantPolic → [other] move-result v0 → [branch] if-eqz v0, :cond_a50 → [reassigned] v0 overwritten",4498
com.samsung.android.beaconmanager,services,com.android.server.pm.permission.DefaultPermissionGrantPolicy,"<com.android.server.pm.permission.DefaultPermissionGrantPolicy: void grantDefaultSystemHandlerPermissions(com.android.server.pm.permission.DefaultPermissionGrantPolicy$PackageManagerWrapper,int)>",string_compare;early_return;permission_grant;system_property_read,"[invoke] com.android.server.pm.permission.DefaultPermissionGrantPolic → [other] move-result v0 → [branch] if-eqz v0, :cond_a81 → [reassigned] v0 overwritten",4498
com.android.bluetoothmidiservice,services,com.android.server.pm.permission.DefaultPermissionGrantPolicy,"<com.android.server.pm.permission.DefaultPermissionGrantPolicy: void grantDefaultSystemHandlerPermissions(com.android.server.pm.permission.DefaultPermissionGrantPolicy$PackageManagerWrapper,int)>",string_compare;early_return;permission_grant;system_property_read,[invoke] com.android.server.pm.permission.DefaultPermissionGrantPolic → [reassigned] v0 overwritten,4498
com.samsung.android.dck.timesync,services,com.android.server.pm.permission.DefaultPermissionGrantPolicy,"<com.android.server.pm.permission.DefaultPermissionGrantPolicy: void grantDefaultSystemHandlerPermissions(com.android.server.pm.permission.DefaultPermissionGrantPolicy$PackageManagerWrapper,int)>",string_compare;early_return;permission_grant;system_property_read,[invoke] com.android.server.pm.permission.DefaultPermissionGrantPolic → [reassigned] v0 overwritten,4498
com.sec.android.daemonapp,services,com.android.server.pm.permission.DefaultPermissionGrantPolicy,"<com.android.server.pm.permission.DefaultPermissionGrantPolicy: void grantDefaultSystemHandlerPermissions(com.android.server.pm.permission.DefaultPermissionGrantPolicy$PackageManagerWrapper,int)>",string_compare;early_return;permission_grant;system_property_read,"[invoke] com.android.server.pm.permission.DefaultPermissionGrantPolic → [other] move-result v0 → [branch] if-eqz v0, :cond_b12 → [reassigned] v0 overwritten",4498
com.samsung.android.bixby.agent,services,com.android.server.pm.permission.DefaultPermissionGrantPolicy,"<com.android.server.pm.permission.DefaultPermissionGrantPolicy: void grantDefaultSystemHandlerPermissions(com.android.server.pm.permission.DefaultPermissionGrantPolicy$PackageManagerWrapper,int)>",string_compare;early_return;permission_grant;system_property_read,"[invoke] com.android.server.pm.permission.DefaultPermissionGrantPolic → [other] move-result v0 → [branch] if-eqz v0, :cond_c01 → [other] const-string/jumbo v0, ""ro.build.characteristics"" → [invoke] android.os.SemSystemProperties.get()",4498
com.samsung.android.dialer,services,com.android.server.pm.permission.DefaultPermissionGrantPolicy,"<com.android.server.pm.permission.DefaultPermissionGrantPolicy: void grantDefaultSystemHandlerPermissions(com.android.server.pm.permission.DefaultPermissionGrantPolicy$PackageManagerWrapper,int)>",string_compare;early_return;permission_grant;system_property_read,[invoke] com.android.server.pm.permission.DefaultPermissionGrantPolic → [reassigned] v1 overwritten,4498
com.samsung.android.messaging,services,com.android.server.pm.permission.DefaultPermissionGrantPolicy,"<com.android.server.pm.permission.DefaultPermissionGrantPolicy: void grantDefaultSystemHandlerPermissions(com.android.server.pm.permission.DefaultPermissionGrantPolicy$PackageManagerWrapper,int)>",string_compare;early_return;permission_grant;system_property_read,[invoke] com.android.server.pm.permission.DefaultPermissionGrantPolic → [reassigned] v2 overwritten,4498
com.sec.android.mimage.photoretouching,services,com.android.server.pm.permission.DefaultPermissionGrantPolicy,"<com.android.server.pm.permission.DefaultPermissionGrantPolicy: void grantDefaultSystemHandlerPermissions(com.android.server.pm.permission.DefaultPermissionGrantPolicy$PackageManagerWrapper,int)>",string_compare;early_return;permission_grant;system_property_read,"[invoke] com.android.server.pm.permission.DefaultPermissionGrantPolic → [other] move-result v0 → [branch] if-eqz v0, :cond_c2d → [other] iget-object v0, v8, Lcom/android/server/pm/permission/Defaul → [invoke] android.content.Context.getPackageManager()",4498
com.sec.android.mimage.photoretouching,services,com.android.server.pm.permission.DefaultPermissionGrantPolicy,"<com.android.server.pm.permission.DefaultPermissionGrantPolicy: void grantDefaultSystemHandlerPermissions(com.android.server.pm.permission.DefaultPermissionGrantPolicy$PackageManagerWrapper,int)>",string_compare;early_return;permission_grant;system_property_read,"[invoke] android.content.pm.PackageManager.checkSignatures() → [other] move-object/from16 v1, p0 → [invoke] com.android.server.pm.permission.DefaultPermissionGrantPolic → [reassigned] v1 overwritten",4498
com.sec.android.app.vepreload,services,com.android.server.pm.permission.DefaultPermissionGrantPolicy,"<com.android.server.pm.permission.DefaultPermissionGrantPolicy: void grantDefaultSystemHandlerPermissions(com.android.server.pm.permission.DefaultPermissionGrantPolicy$PackageManagerWrapper,int)>",string_compare;early_return;permission_grant;system_property_read,"[invoke] com.android.server.pm.permission.DefaultPermissionGrantPolic → [other] move-result v0 → [branch] if-eqz v0, :cond_c59 → [other] iget-object v0, v8, Lcom/android/server/pm/permission/Defaul → [invoke] android.content.Context.getPackageManager()",4498
com.sec.android.app.vepreload,services,com.android.server.pm.permission.DefaultPermissionGrantPolicy,"<com.android.server.pm.permission.DefaultPermissionGrantPolicy: void grantDefaultSystemHandlerPermissions(com.android.server.pm.permission.DefaultPermissionGrantPolicy$PackageManagerWrapper,int)>",string_compare;early_return;permission_grant;system_property_read,"[invoke] android.content.pm.PackageManager.checkSignatures() → [other] move-object/from16 v1, p0 → [invoke] com.android.server.pm.permission.DefaultPermissionGrantPolic → [reassigned] v1 overwritten",4498
com.samsung.android.video,services,com.android.server.pm.permission.DefaultPermissionGrantPolicy,"<com.android.server.pm.permission.DefaultPermissionGrantPolicy: void grantDefaultSystemHandlerPermissions(com.android.server.pm.permission.DefaultPermissionGrantPolicy$PackageManagerWrapper,int)>",string_compare;early_return;permission_grant;system_property_read,"[invoke] com.android.server.pm.permission.DefaultPermissionGrantPolic → [other] move-result v0 → [branch] if-eqz v0, :cond_c85 → [other] iget-object v0, v8, Lcom/android/server/pm/permission/Defaul → [invoke] android.content.Context.getPackageManager()",4498
com.samsung.android.video,services,com.android.server.pm.permission.DefaultPermissionGrantPolicy,"<com.android.server.pm.permission.DefaultPermissionGrantPolicy: void grantDefaultSystemHandlerPermissions(com.android.server.pm.permission.DefaultPermissionGrantPolicy$PackageManagerWrapper,int)>",string_compare;early_return;permission_grant;system_property_read,"[invoke] android.content.pm.PackageManager.checkSignatures() → [other] move-object/from16 v1, p0 → [invoke] com.android.server.pm.permission.DefaultPermissionGrantPolic → [reassigned] v1 overwritten",4498
com.samsung.app.newtrim,services,com.android.server.pm.permission.DefaultPermissionGrantPolicy,"<com.android.server.pm.permission.DefaultPermissionGrantPolicy: void grantDefaultSystemHandlerPermissions(com.android.server.pm.permission.DefaultPermissionGrantPolicy$PackageManagerWrapper,int)>",string_compare;early_return;permission_grant;system_property_read,"[invoke] com.android.server.pm.permission.DefaultPermissionGrantPolic → [other] move-result v0 → [branch] if-eqz v0, :cond_cb1 → [other] iget-object v0, v8, Lcom/android/server/pm/permission/Defaul → [invoke] android.content.Context.getPackageManager()",4498
com.samsung.app.newtrim,services,com.android.server.pm.permission.DefaultPermissionGrantPolicy,"<com.android.server.pm.permission.DefaultPermissionGrantPolicy: void grantDefaultSystemHandlerPermissions(com.android.server.pm.permission.DefaultPermissionGrantPolicy$PackageManagerWrapper,int)>",string_compare;early_return;permission_grant;system_property_read,"[invoke] android.content.pm.PackageManager.checkSignatures() → [other] move-object/from16 v1, p0 → [invoke] com.android.server.pm.permission.DefaultPermissionGrantPolic → [other] move-result v1 → [branch] if-eqz v1, :cond_d0a",4498
com.samsung.android.service.aircommand,services,com.android.server.pm.permission.DefaultPermissionGrantPolicy,"<com.android.server.pm.permission.DefaultPermissionGrantPolicy: void grantDefaultSystemHandlerPermissions(com.android.server.pm.permission.DefaultPermissionGrantPolicy$PackageManagerWrapper,int)>",string_compare;early_return;permission_grant;system_property_read,[invoke] com.android.server.pm.permission.DefaultPermissionGrantPolic → [reassigned] v0 overwritten,4498
com.samsung.android.service.aircommand,services,com.android.server.pm.permission.DefaultPermissionGrantPolicy,"<com.android.server.pm.permission.DefaultPermissionGrantPolicy: void grantDefaultSystemHandlerPermissions(com.android.server.pm.permission.DefaultPermissionGrantPolicy$PackageManagerWrapper,int)>",string_compare;early_return;permission_grant;system_property_read,[invoke] com.android.server.pm.permission.DefaultPermissionGrantPolic → [reassigned] v0 overwritten,4498
com.samsung.android.rubin.app,services,com.android.server.pm.permission.DefaultPermissionGrantPolicy,"<com.android.server.pm.permission.DefaultPermissionGrantPolicy: void grantDefaultSystemHandlerPermissions(com.android.server.pm.permission.DefaultPermissionGrantPolicy$PackageManagerWrapper,int)>",string_compare;early_return;permission_grant;system_property_read,"[invoke] com.android.server.pm.permission.DefaultPermissionGrantPolic → [other] move-result v0 → [branch] if-eqz v0, :cond_d5e → [reassigned] v0 overwritten",4498
com.claroColombia.contenedor,services,com.android.server.pm.permission.DefaultPermissionGrantPolicy,"<com.android.server.pm.permission.DefaultPermissionGrantPolicy: void grantDefaultSystemHandlerPermissions(com.android.server.pm.permission.DefaultPermissionGrantPolicy$PackageManagerWrapper,int)>",string_compare;early_return;permission_grant;system_property_read,"[invoke] com.android.server.pm.permission.DefaultPermissionGrantPolic → [other] move-result v0 → [branch] if-eqz v0, :cond_d80 → [reassigned] v0 overwritten",4498
com.telcel.contenedor,services,com.android.server.pm.permission.DefaultPermissionGrantPolicy,"<com.android.server.pm.permission.DefaultPermissionGrantPolicy: void grantDefaultSystemHandlerPermissions(com.android.server.pm.permission.DefaultPermissionGrantPolicy$PackageManagerWrapper,int)>",string_compare;early_return;permission_grant;system_property_read,"[invoke] com.android.server.pm.permission.DefaultPermissionGrantPolic → [other] move-result v0 → [branch] if-eqz v0, :cond_da2 → [reassigned] v0 overwritten",4498
co.sitic.pp,services,com.android.server.pm.permission.DefaultPermissionGrantPolicy,"<com.android.server.pm.permission.DefaultPermissionGrantPolicy: void grantDefaultSystemHandlerPermissions(com.android.server.pm.permission.DefaultPermissionGrantPolicy$PackageManagerWrapper,int)>",string_compare;early_return;permission_grant;system_property_read,"[invoke] com.android.server.pm.permission.DefaultPermissionGrantPolic → [other] move-result v0 → [branch] if-eqz v0, :cond_dce → [reassigned] v0 overwritten",4498
com.speedymovil.wire,services,com.android.server.pm.permission.DefaultPermissionGrantPolicy,"<com.android.server.pm.permission.DefaultPermissionGrantPolicy: void grantDefaultSystemHandlerPermissions(com.android.server.pm.permission.DefaultPermissionGrantPolicy$PackageManagerWrapper,int)>",string_compare;early_return;permission_grant;system_property_read,"[invoke] com.android.server.pm.permission.DefaultPermissionGrantPolic → [other] move-result v0 → [branch] if-eqz v0, :cond_e58 → [reassigned] v0 overwritten",4498
com.sec.android.app.samsungapps,services,com.android.server.pm.permission.DefaultPermissionGrantPolicy,"<com.android.server.pm.permission.DefaultPermissionGrantPolicy: void grantDefaultSystemHandlerPermissions(com.android.server.pm.permission.DefaultPermissionGrantPolicy$PackageManagerWrapper,int)>",string_compare;early_return;permission_grant;system_property_read,"[invoke] com.android.server.pm.permission.DefaultPermissionGrantPolic → [other] move-result v0 → [branch] if-eqz v0, :cond_ec7 → [reassigned] v0 overwritten",4498
com.dti.samsung,services,com.android.server.pm.permission.DefaultPermissionGrantPolicy,"<com.android.server.pm.permission.DefaultPermissionGrantPolicy: void grantDefaultSystemHandlerPermissions(com.android.server.pm.permission.DefaultPermissionGrantPolicy$PackageManagerWrapper,int)>",string_compare;early_return;permission_grant;system_property_read,"[invoke] com.android.server.pm.permission.DefaultPermissionGrantPolic → [other] move-result v0 → [branch] if-eqz v0, :cond_ee1 → [reassigned] v0 overwritten",4498
com.aura.oobe.samsung.gl,services,com.android.server.pm.permission.DefaultPermissionGrantPolicy,"<com.android.server.pm.permission.DefaultPermissionGrantPolicy: void grantDefaultSystemHandlerPermissions(com.android.server.pm.permission.DefaultPermissionGrantPolicy$PackageManagerWrapper,int)>",string_compare;early_return;permission_grant;system_property_read,"[invoke] com.android.server.pm.permission.DefaultPermissionGrantPolic → [other] move-result v0 → [branch] if-eqz v0, :cond_f15 → [reassigned] v0 overwritten",4498
com.sec.location.nfwlocationprivacy,services,com.android.server.pm.permission.DefaultPermissionGrantPolicy,"<com.android.server.pm.permission.DefaultPermissionGrantPolicy: void grantDefaultSystemHandlerPermissions(com.android.server.pm.permission.DefaultPermissionGrantPolicy$PackageManagerWrapper,int)>",string_compare;early_return;permission_grant;system_property_read,[invoke] com.android.server.pm.permission.DefaultPermissionGrantPolic → [reassigned] v0 overwritten,4498
com.sec.android.app.samsungapps,services,com.android.server.pm.permission.DefaultPermissionGrantPolicy,"<com.android.server.pm.permission.DefaultPermissionGrantPolicy: void grantDefaultSystemHandlerPermissions(com.android.server.pm.permission.DefaultPermissionGrantPolicy$PackageManagerWrapper,int)>",string_compare;early_return;permission_grant;system_property_read,,4498
com.samsung.android.spayfw,services,com.android.server.pm.permission.DefaultPermissionGrantPolicy,"<com.android.server.pm.permission.DefaultPermissionGrantPolicy: void grantPermissionsToSysComponentsAndPrivApps(com.android.server.pm.permission.DefaultPermissionGrantPolicy$DelayingPackageManagerCache,int)>",string_compare;early_return;permission_grant;system_property_read,"[invoke] java.lang.String.equals() → [other] move-object/from16 v1, p1 → [other] move-object/from16 v1, p1 → [other] move-object/from16 v1, p1 → [reassigned] v1 overwritten",1446
com.samsung.cmh,services,com.android.server.pm.permission.DefaultPermissionGrantPolicy,"<com.android.server.pm.permission.DefaultPermissionGrantPolicy: void grantPermissionsToSysComponentsAndPrivApps(com.android.server.pm.permission.DefaultPermissionGrantPolicy$DelayingPackageManagerCache,int)>",string_compare;early_return;permission_grant;system_property_read,"[invoke] java.lang.String.equals() → [other] aget-object v1, v13, v15 → [invoke] java.lang.String.equals() → [other] move-object/from16 v19, v1 → [other] move-object/from16 v1, p1",1446
com.samsung.faceservice,services,com.android.server.pm.permission.DefaultPermissionGrantPolicy,"<com.android.server.pm.permission.DefaultPermissionGrantPolicy: void grantPermissionsToSysComponentsAndPrivApps(com.android.server.pm.permission.DefaultPermissionGrantPolicy$DelayingPackageManagerCache,int)>",string_compare;early_return;permission_grant;system_property_read,"[invoke] java.lang.String.equals() → [other] move-object/from16 v1, p1 → [other] move-object/from16 v1, p1 → [other] move-object/from16 v1, p1 → [other] move-object/from16 v1, p1",1446
com.samsung.storyservice,services,com.android.server.pm.permission.DefaultPermissionGrantPolicy,"<com.android.server.pm.permission.DefaultPermissionGrantPolicy: void grantPermissionsToSysComponentsAndPrivApps(com.android.server.pm.permission.DefaultPermissionGrantPolicy$DelayingPackageManagerCache,int)>",string_compare;early_return;permission_grant;system_property_read,"[invoke] java.lang.String.equals() → [other] move-object/from16 v1, p1 → [other] move-object/from16 v1, p1 → [other] move-object/from16 v1, p1 → [other] move-object/from16 v1, p1",1446
com.samsung.ipservice,services,com.android.server.pm.permission.DefaultPermissionGrantPolicy,"<com.android.server.pm.permission.DefaultPermissionGrantPolicy: void grantPermissionsToSysComponentsAndPrivApps(com.android.server.pm.permission.DefaultPermissionGrantPolicy$DelayingPackageManagerCache,int)>",string_compare;early_return;permission_grant;system_property_read,"[invoke] java.lang.String.equals() → [other] move-object/from16 v1, p1 → [other] move-object/from16 v1, p1 → [other] move-object/from16 v1, p1 → [other] move-object/from16 v1, p1",1446
com.samsung.android.networkdiagnostic,services,com.android.server.pm.permission.DefaultPermissionGrantPolicy,"<com.android.server.pm.permission.DefaultPermissionGrantPolicy: void grantPermissionsToSysComponentsAndPrivApps(com.android.server.pm.permission.DefaultPermissionGrantPolicy$DelayingPackageManagerCache,int)>",string_compare;early_return;permission_grant;system_property_read,"[invoke] java.lang.String.equals() → [other] move-object/from16 v1, p1 → [other] move-object/from16 v1, p1 → [other] move-object/from16 v1, p1 → [reassigned] v1 overwritten",1446
com.samsung.android.scloud,services,com.android.server.pm.permission.DefaultPermissionGrantPolicy,"<com.android.server.pm.permission.DefaultPermissionGrantPolicy: void grantPermissionsToSysComponentsAndPrivApps(com.android.server.pm.permission.DefaultPermissionGrantPolicy$DelayingPackageManagerCache,int)>",string_compare;early_return;permission_grant;system_property_read,"[invoke] java.lang.String.equals() → [invoke] com.android.server.pm.permission.DefaultPermissionGrantPolic → [other] aget-object v1, v11, v13 → [invoke] com.android.server.pm.permission.DefaultPermissionGrantPolic → [reassigned] v1 overwritten",1446
com.samsung.android.ipsgeofence,services,com.android.server.pm.permission.DefaultPermissionGrantPolicy,"<com.android.server.pm.permission.DefaultPermissionGrantPolicy: void grantPermissionsToSysComponentsAndPrivApps(com.android.server.pm.permission.DefaultPermissionGrantPolicy$DelayingPackageManagerCache,int)>",string_compare;early_return;permission_grant;system_property_read,"[invoke] java.lang.String.equals() → [other] move-object/from16 v1, p1 → [other] move-object/from16 v1, p1 → [other] move-object/from16 v1, p1 → [reassigned] v1 overwritten",1446
com.android.vending,services,com.android.server.ibs.IntelligentBatterySaverGoogleAppPolicy,<com.android.server.ibs.IntelligentBatterySaverGoogleAppPolicy: void init()>,early_return,[invoke] com.android.server.ibs.IntelligentBatterySaverGoogleAppPolic,26
com.samsung.android.sm_cn,services,com.android.server.ibs.IntelligentBatterySaverFastDrainPolicy,<com.android.server.ibs.IntelligentBatterySaverFastDrainPolicy: void sendIntentToSmartManager()>,early_return,[invoke] android.content.Intent.setClassName(),27
com.samsung.android.providers.context,services,com.android.server.ibs.IntelligentBatterySaverSurvey,"<com.android.server.ibs.IntelligentBatterySaverSurvey: void insertLog(java.lang.String,java.lang.String,java.lang.String)>",early_return,"[invoke] android.content.Intent.setPackage() → [other] sget-object v0, Landroid/os/UserHandle;->ALL:Landroid/os/Use → [invoke] android.content.Context.sendBroadcastAsUser() → [reassigned] v0 overwritten",92
com.samsung.android.statsd,services,com.android.server.ibs.sleepmode.SleepModePolicyController,<com.android.server.ibs.sleepmode.SleepModePolicyController: void lambda$sendPackageRemovedMessage$4(android.net.Uri)>,string_compare;early_return,"[invoke] java.lang.String.equals() → [other] const-string/jumbo v0, ""sendPackageRemovedMessage"" → [invoke] android.util.Slog.d() → [reassigned] v0 overwritten",44
com.samsung.android.statsd,services,com.android.server.ibs.sqd.IbsQuickDim$IntentReceiver,<com.android.server.ibs.sqd.IbsQuickDim$IntentReceiver: void lambda$onReceive$0(android.net.Uri)>,string_compare;early_return,[invoke] java.lang.String.equals(),24
com.samsung.android.honeyboard,services,com.android.server.inputmethod.InputMethodManagerService,<com.android.server.inputmethod.InputMethodManagerService: boolean isHoneyboardInstalled()>,string_compare;early_return,[invoke] java.lang.String.equals(),36
com.samsung.android.honeyboard,services,com.android.server.inputmethod.InputMethodManagerService,<com.android.server.inputmethod.InputMethodManagerService: boolean isSKBDPacakge(java.lang.String)>,string_compare;early_return,[invoke] android.text.TextUtils.equals() → [other] move-result p0 → [other] return p0,12
com.samsung.android.honeyboard,services,com.android.server.inputmethod.InputMethodUtils,"<com.android.server.inputmethod.InputMethodUtils: java.lang.CharSequence getImeAndSubtypeDisplayName(android.content.Context,android.view.inputmethod.InputMethodInfo,android.view.inputmethod.InputMethodSubtype)>",string_compare,[invoke] java.lang.String.equals() → [reassigned] v2 overwritten,100
com.samsung.android.honeyboard,services,com.android.server.inputmethod.InputMethodMenuController$ImeSubtypeListAdapter,"<com.android.server.inputmethod.InputMethodMenuController$ImeSubtypeListAdapter: android.view.View getView(int,android.view.View,android.view.ViewGroup)>",string_compare,[invoke] java.lang.String.equals() → [invoke] java.lang.String.equals(),168
com.samsung.android.honeyboard,services,com.android.server.inputmethod.InputMethodMenuController$ImeSubtypeListAdapter,<com.android.server.inputmethod.InputMethodMenuController$ImeSubtypeListAdapter: boolean isHoneyboardSupported()>,string_compare;early_return,[invoke] java.lang.String.equals() → [other] move-result v0 → [invoke] java.lang.StringBuilder.append() → [other] return v0,50
com.sec.android.app.kidshome,services,com.android.server.inputmethod.InputMethodMenuController$ImeSubtypeListAdapter,<com.android.server.inputmethod.InputMethodMenuController$ImeSubtypeListAdapter: boolean isKidsModeRunning()>,early_return,"[invoke] android.content.ComponentName.<init>() → [other] new-instance v1, Landroid/content/Intent; → [invoke] android.content.Intent.<init>() → [invoke] android.content.Intent.addCategory() → [invoke] android.content.pm.PackageManager.resolveActivity()",76
com.samsung.android.honeyboard,services,com.android.server.inputmethod.InputMethodMenuController,"<com.android.server.inputmethod.InputMethodMenuController: void showInputMethodMenu(boolean,int)>",string_compare;early_return,[invoke] java.lang.String.equals() → [reassigned] v12 overwritten,1117
com.google.android.googlequicksearchbox,services,com.android.server.inputmethod.InputMethodMenuController,"<com.android.server.inputmethod.InputMethodMenuController: void showInputMethodMenu(boolean,int)>",string_compare;early_return,[invoke] java.lang.String.equals() → [reassigned] v12 overwritten,1117
com.samsung.android.svoiceime,services,com.android.server.inputmethod.InputMethodMenuController,"<com.android.server.inputmethod.InputMethodMenuController: void showInputMethodMenu(boolean,int)>",string_compare;early_return,"[invoke] java.lang.String.equals() → [other] new-instance v12, Ljava/lang/StringBuilder; → [invoke] java.lang.StringBuilder.<init>() → [invoke] java.lang.StringBuilder.append() → [invoke] java.lang.StringBuilder.append()",1117
com.android.settings,services,com.android.server.inputmethod.InputMethodMenuController,"<com.android.server.inputmethod.InputMethodMenuController: void showInputMethodMenu(boolean,int)>",string_compare;early_return,"[invoke] com.samsung.android.knox.SemEnterpriseDeviceManager.getAppli → [other] const-string/jumbo v4, ""key_show_keyboard_button"" → [invoke] android.os.Bundle.getBundle() → [other] move-result v4 → [branch] if-eqz v4, :cond_2b7",1117
com.samsung.android.honeyboard,services,com.android.server.inputmethod.InputMethodMenuController$ImeSubtypeListAdapter$1,<com.android.server.inputmethod.InputMethodMenuController$ImeSubtypeListAdapter$1: void onClick(android.view.View)>,early_return,"[invoke] android.content.ComponentName.<init>() → [other] new-instance v0, Landroid/content/Intent; → [invoke] android.content.Intent.<init>() → [invoke] android.content.Intent.addCategory() → [invoke] android.content.Intent.setComponent()",97
com.samsung.android.uds,services,com.android.server.net.NetworkPolicyManagerService,<com.android.server.net.NetworkPolicyManagerService: android.content.Intent buildViewDataUsageIntentUDS(android.net.NetworkTemplate)>,,[invoke] android.content.Intent.setPackage() → [reassigned] v1 overwritten,30
com.samsung.android.uds,services,com.android.server.net.NetworkPolicyManagerService,"<com.android.server.net.NetworkPolicyManagerService: void enqueueNotification(android.net.NetworkPolicy,int,long,android.content.pm.ApplicationInfo)>",string_compare;early_return,"[invoke] com.android.server.net.NetworkPolicyManagerService.isPackage → [invoke] com.android.server.net.NetworkPolicyManagerService.jumpToSam → [other] iget-object v3, v7, Lcom/android/server/net/NetworkPolicyMan → [invoke] android.app.PendingIntent.getActivity() → [reassigned] v3 overwritten",1221
com.sec.android.app.samsungapps,services,com.android.server.net.NetworkPolicyManagerService,<com.android.server.net.NetworkPolicyManagerService: android.content.Intent jumpToSamsungApps(java.lang.String)>,,[invoke] android.content.Intent.setClassName() → [reassigned] v0 overwritten,39
com.sec.enterprise.knox.cloudmdm.smdms,services,com.android.server.enterprise.EnterpriseDeviceManagerServiceImpl$1,"<com.android.server.enterprise.EnterpriseDeviceManagerServiceImpl$1: void onReceive(android.content.Context,android.content.Intent)>",string_compare;early_return,"[invoke] android.content.Intent.setPackage() → [other] sget-object p1, Landroid/os/UserHandle;->OWNER:Landroid/os/U → [invoke] android.content.Context.sendBroadcastAsUser() → [invoke] java.lang.String.equals() → [other] move-result p1",192
com.sec.knox.containeragent2,services,com.android.server.enterprise.EnterpriseDeviceManagerServiceImpl$MyPackageMonitor,<com.android.server.enterprise.EnterpriseDeviceManagerServiceImpl$MyPackageMonitor: void onSomePackagesChanged()>,string_compare;early_return,"[invoke] java.lang.String.equals() → [other] move-result v6 → [branch] if-nez v6, :cond_9b → [reassigned] v6 overwritten",395
com.samsung.knox.securefolder,services,com.android.server.enterprise.EnterpriseDeviceManagerServiceImpl$MyPackageMonitor,<com.android.server.enterprise.EnterpriseDeviceManagerServiceImpl$MyPackageMonitor: void onSomePackagesChanged()>,string_compare;early_return,[invoke] java.lang.String.equals() → [reassigned] v6 overwritten,395
com.samsung.android.app.smartscan,services,com.android.server.enterprise.EnterpriseDeviceManagerServiceImpl,<com.android.server.enterprise.EnterpriseDeviceManagerServiceImpl: void <clinit>()>,string_compare;early_return;system_property_read,"[other] filled-new-array {v3, v4, v5, v6, v7}, [Ljava/lang/String; → [reassigned] v3 overwritten",169
com.samsung.android.knox.dai,services,com.android.server.enterprise.EnterpriseDeviceManagerServiceImpl,<com.android.server.enterprise.EnterpriseDeviceManagerServiceImpl: void <clinit>()>,string_compare;early_return;system_property_read,"[other] filled-new-array {v3, v4, v5, v6, v7}, [Ljava/lang/String; → [reassigned] v4 overwritten",169
com.samsung.android.knox.kpu,services,com.android.server.enterprise.EnterpriseDeviceManagerServiceImpl,<com.android.server.enterprise.EnterpriseDeviceManagerServiceImpl: void <clinit>()>,string_compare;early_return;system_property_read,"[other] filled-new-array {v3, v4, v5, v6, v7}, [Ljava/lang/String; → [reassigned] v5 overwritten",169
com.samsung.android.knox.kpecore,services,com.android.server.enterprise.EnterpriseDeviceManagerServiceImpl,<com.android.server.enterprise.EnterpriseDeviceManagerServiceImpl: void <clinit>()>,string_compare;early_return;system_property_read,"[other] filled-new-array {v3, v4, v5}, [Ljava/lang/String; → [reassigned] v3 overwritten",169
com.samsung.android.peripheral.framework,services,com.android.server.enterprise.EnterpriseDeviceManagerServiceImpl,<com.android.server.enterprise.EnterpriseDeviceManagerServiceImpl: void <clinit>()>,string_compare;early_return;system_property_read,"[other] filled-new-array {v3, v4, v5}, [Ljava/lang/String; → [reassigned] v4 overwritten",169
com.samsung.android.app.kfa,services,com.android.server.enterprise.EnterpriseDeviceManagerServiceImpl,<com.android.server.enterprise.EnterpriseDeviceManagerServiceImpl: void <clinit>()>,string_compare;early_return;system_property_read,"[other] filled-new-array {v3, v4, v5}, [Ljava/lang/String; → [reassigned] v5 overwritten",169
com.samsung.android.email.provider,services,com.android.server.enterprise.EnterpriseDeviceManagerServiceImpl,<com.android.server.enterprise.EnterpriseDeviceManagerServiceImpl: void <clinit>()>,string_compare;early_return;system_property_read,[invoke] com.android.server.enterprise.EnterpriseDeviceManagerService → [invoke] java.util.List.add() → [invoke] java.util.List.add(),169
com.android.exchange,services,com.android.server.enterprise.EnterpriseDeviceManagerServiceImpl,<com.android.server.enterprise.EnterpriseDeviceManagerServiceImpl: void <clinit>()>,string_compare;early_return;system_property_read,[invoke] java.util.List.add() → [invoke] java.util.List.add(),169
com.android.email,services,com.android.server.enterprise.EnterpriseDeviceManagerServiceImpl,<com.android.server.enterprise.EnterpriseDeviceManagerServiceImpl: void <clinit>()>,string_compare;early_return;system_property_read,[invoke] java.util.List.add() → [invoke] java.util.List.add(),169
com.sec.esdk.elm,services,com.android.server.enterprise.EnterpriseDeviceManagerServiceImpl,<com.android.server.enterprise.EnterpriseDeviceManagerServiceImpl: void <clinit>()>,string_compare;early_return;system_property_read,"[invoke] java.util.List.add() → [other] const-string/jumbo v2, ""ro.csc.country_code"" → [invoke] android.os.SystemProperties.get() → [reassigned] v2 overwritten",169
com.samsung.android.kgclient,services,com.android.server.enterprise.EnterpriseDeviceManagerServiceImpl,<com.android.server.enterprise.EnterpriseDeviceManagerServiceImpl: void <clinit>()>,string_compare;early_return;system_property_read,[invoke] java.util.List.add() → [invoke] java.util.List.add(),169
com.nttdocomo.android.wipe,services,com.android.server.enterprise.EnterpriseDeviceManagerServiceImpl,<com.android.server.enterprise.EnterpriseDeviceManagerServiceImpl: void <clinit>()>,string_compare;early_return;system_property_read,[invoke] java.util.List.add() → [reassigned] v0 overwritten,169
com.nttdocomo.android.remotelock,services,com.android.server.enterprise.EnterpriseDeviceManagerServiceImpl,<com.android.server.enterprise.EnterpriseDeviceManagerServiceImpl: void <clinit>()>,string_compare;early_return;system_property_read,[invoke] java.util.List.add() → [reassigned] v0 overwritten,169
com.sec.enterprise.knox.cloudmdm.smdms,services,com.android.server.enterprise.EnterpriseDeviceManagerServiceImpl,<com.android.server.enterprise.EnterpriseDeviceManagerServiceImpl: void <clinit>()>,string_compare;early_return;system_property_read,"[invoke] java.util.List.add() → [other] new-instance v0, Landroid/os/ConditionVariable; → [invoke] android.os.ConditionVariable.<init>() → [field_store] com.android.server.enterprise.EnterpriseDeviceManagerService → [other] move-result v0",169
com.samsung.android.kgclient,services,com.android.server.enterprise.EnterpriseDeviceManagerServiceImpl,"<com.android.server.enterprise.EnterpriseDeviceManagerServiceImpl: void activateAdmin(android.content.ComponentName,boolean)>",allowlist_check;string_compare;early_return;system_property_read,"[invoke] java.lang.String.equals() → [other] move-result v2 → [branch] if-eqz v2, :cond_5b → [other] move-result v2 → [branch] if-eqz v2, :cond_70",598
com.samsung.android.kgclient,services,com.android.server.enterprise.EnterpriseDeviceManagerServiceImpl,<com.android.server.enterprise.EnterpriseDeviceManagerServiceImpl: void adjustKnoxGuardAdmin()>,allowlist_check;string_compare;early_return;system_property_read,[invoke] java.util.List.contains() → [invoke] java.util.List.remove() → [invoke] java.util.List.contains() → [invoke] java.util.List.add() → [invoke] java.util.List.contains(),170
com.samsung.android.kgclient,services,com.android.server.enterprise.EnterpriseDeviceManagerServiceImpl,<com.android.server.enterprise.EnterpriseDeviceManagerServiceImpl: boolean checkCallerIsKG()>,early_return,[invoke] android.content.pm.PackageManager.getPackageUidAsUser(),54
com.samsung.android.knox.kpecore,services,com.android.server.enterprise.EnterpriseDeviceManagerServiceImpl,<com.android.server.enterprise.EnterpriseDeviceManagerServiceImpl: boolean checkCallerIsKPECore(java.lang.String)>,string_compare;early_return,"[invoke] java.lang.String.equals() → [other] move-result v0 → [branch] if-eqz v0, :cond_1f → [reassigned] v0 overwritten",43
com.sec.enterprise.knox.cloudmdm.smdms,services,com.android.server.enterprise.EnterpriseDeviceManagerServiceImpl,<com.android.server.enterprise.EnterpriseDeviceManagerServiceImpl: boolean checkCallerIsUMC()>,early_return,[invoke] android.content.pm.PackageManager.getPackageUidAsUser(),54
com.sec.enterprise.knox.cloudmdm.smdms,services,com.android.server.enterprise.EnterpriseDeviceManagerServiceImpl,<com.android.server.enterprise.EnterpriseDeviceManagerServiceImpl: void enforceUMCSignature()>,early_return,[invoke] android.content.pm.PackageManager.getPackageInfo(),55
com.samsung.android.email.provider,services,com.android.server.enterprise.EnterpriseDeviceManagerServiceImpl,<com.android.server.enterprise.EnterpriseDeviceManagerServiceImpl: boolean isEmailAdminPkg(java.lang.String)>,string_compare;early_return,[invoke] java.lang.String.equals() → [other] move-result p0 → [other] return p0,12
com.android.settings,services,com.android.server.enterprise.multiuser.MultiUserManagerService,"<com.android.server.enterprise.multiuser.MultiUserManagerService: int allowMultipleUsers(com.samsung.android.knox.ContextInfo,boolean)>",string_compare;early_return,[invoke] java.lang.String.equals(),162
com.android.settings,services,com.android.server.enterprise.wifi.WifiPolicy,"<com.android.server.enterprise.wifi.WifiPolicy: boolean setWifiApSetting(com.samsung.android.knox.ContextInfo,java.lang.String,java.lang.String,java.lang.String)>",string_compare;early_return,[invoke] com.android.server.enterprise.application.ApplicationPolicy. → [invoke] java.lang.StringBuilder.append(),463
com.samsung.android.peripheral.framework,services,com.android.server.enterprise.plm.context.PeripheralContext,<com.android.server.enterprise.plm.context.PeripheralContext: java.lang.String getPackageName()>,,[other] return-object p0,7
com.samsung.cmfa.AuthTouch,services,com.android.server.enterprise.plm.context.AuthTouchContext,<com.android.server.enterprise.plm.context.AuthTouchContext: java.lang.String getPackageName()>,,[other] return-object p0,7
com.samsung.android.cmfa.framework,services,com.android.server.enterprise.plm.context.CmfaContext,<com.android.server.enterprise.plm.context.CmfaContext: java.lang.String getPackageName()>,,[other] return-object p0,7
com.sec.android.app.sbrowser,services,com.android.server.enterprise.smartcard.SmartCardBrowserPolicy,"<com.android.server.enterprise.smartcard.SmartCardBrowserPolicy: void broadcastIntentAsUser(boolean,int,int)>",early_return,[invoke] android.content.Intent.setPackage() → [reassigned] v1 overwritten,61
com.android.chrome,services,com.android.server.enterprise.smartcard.SmartCardBrowserPolicy,"<com.android.server.enterprise.smartcard.SmartCardBrowserPolicy: void broadcastIntentAsUser(boolean,int,int)>",early_return,[invoke] android.content.Intent.setPackage() → [other] move-result-wide v0 → [invoke] android.os.Binder.restoreCallingIdentity(),61
com.samsung.android.mdm,services,com.android.server.enterprise.proxy.LocalProxyManager,<com.android.server.enterprise.proxy.LocalProxyManager: void lambda$refreshCredentialsDialogFails$13()>,early_return,"[invoke] android.content.Intent.setPackage() → [other] sget-object v1, Landroid/os/UserHandle;->ALL:Landroid/os/Use → [invoke] android.content.Context.sendStickyBroadcastAsUser()",29
com.samsung.android.mdm,services,com.android.server.enterprise.proxy.LocalProxyManager,<com.android.server.enterprise.proxy.LocalProxyManager: void lambda$showCredentialsDialogNotification$14(java.lang.String)>,early_return,"[invoke] android.content.Intent.setClassName() → [other] const-string/jumbo v1, ""proxy"" → [invoke] android.content.Intent.putExtra() → [reassigned] v1 overwritten",109
com.android.proxyhandler,services,com.android.server.enterprise.proxy.LocalProxyManager,<com.android.server.enterprise.proxy.LocalProxyManager: void bindProxyService()>,early_return,"[invoke] android.content.Intent.setClassName() → [other] new-instance v1, Lcom/android/server/enterprise/proxy/LocalP → [invoke] com.android.server.enterprise.proxy.LocalProxyManager$2.<ini → [field_store] com.android.server.enterprise.proxy.LocalProxyManager.mProxy → [invoke] android.content.Context.bindService()",46
com.android.proxyhandler,services,com.android.server.enterprise.proxy.LocalProxyManager,<com.android.server.enterprise.proxy.LocalProxyManager: void bindToLocalProxyServer()>,early_return,"[invoke] android.content.Intent.setClassName() → [other] new-instance v1, Lcom/android/server/enterprise/proxy/LocalP → [invoke] com.android.server.enterprise.proxy.LocalProxyManager$1.<ini → [field_store] com.android.server.enterprise.proxy.LocalProxyManager.mProxy → [invoke] android.content.Context.bindService()",74
com.sec.enterprise.knox.cloudmdm.smdms,services,com.android.server.enterprise.license.EnterpriseLicenseService,"<com.android.server.enterprise.license.EnterpriseLicenseService: void <init>(com.android.server.enterprise.license.EnterpriseLicenseService$Injector,android.content.pm.IPackageManager)>",early_return,"[other] filled-new-array {v0, v1, v2}, [Ljava/lang/String; → [reassigned] v0 overwritten",113
com.samsung.android.knox.pushmanager,services,com.android.server.enterprise.license.EnterpriseLicenseService,"<com.android.server.enterprise.license.EnterpriseLicenseService: void sendDeviceRegistrationIntentToKpmAgent(java.lang.String,java.lang.String)>",string_compare;early_return,[invoke] android.content.Intent.setPackage() → [reassigned] p2 overwritten,65
com.android.certinstaller,services,com.android.server.enterprise.certificate.CertificatePolicy,<com.android.server.enterprise.certificate.CertificatePolicy: boolean isOcspCheckEnabled(com.samsung.android.knox.ContextInfo)>,allowlist_check;early_return,"[invoke] java.util.List.contains() → [other] move-result v1 → [branch] if-eqz v1, :cond_25 → [other] move-result v1 → [branch] if-eqz v1, :cond_25",96
com.android.certinstaller,services,com.android.server.enterprise.certificate.CertificatePolicy,<com.android.server.enterprise.certificate.CertificatePolicy: boolean isRevocationCheckEnabled(com.samsung.android.knox.ContextInfo)>,allowlist_check;early_return,"[invoke] java.util.List.contains() → [other] move-result v1 → [branch] if-eqz v1, :cond_25 → [other] move-result v1 → [branch] if-eqz v1, :cond_25",96
com.android.packageinstaller,services,com.android.server.enterprise.certificate.CertificatePolicy,"<com.android.server.enterprise.certificate.CertificatePolicy: boolean isSignatureIdentityInformationEnabled(com.samsung.android.knox.ContextInfo,boolean)>",early_return,[invoke] com.android.server.enterprise.certificate.CertificatePolicy. → [reassigned] p2 overwritten,64
com.sec.android.app.sbrowser,services,com.android.server.enterprise.certificate.CertificatePolicy,"<com.android.server.enterprise.certificate.CertificatePolicy: boolean setPrivateKeyGrant(java.lang.String,int,java.lang.String,java.lang.String,boolean)>",string_compare;early_return,[invoke] java.lang.String.equals() → [other] move-exception p0 → [reassigned] p0 overwritten,200
com.samsung.android.knox.mpos,services,com.android.server.enterprise.mpos.MPOSService,<com.android.server.enterprise.mpos.MPOSService: boolean checkPermission()>,string_compare;early_return,"[invoke] java.lang.String.equals() → [other] move-result v6 → [branch] if-eqz v6, :cond_50",144
com.samsung.android.knox.containeragent,services,com.android.server.enterprise.security.PasswordPolicy$1,<com.android.server.enterprise.security.PasswordPolicy$1: void <init>(com.android.server.enterprise.security.PasswordPolicy)>,early_return,[invoke] java.util.ArrayList.add() → [reassigned] p1 overwritten,20
com.samsung.android.knox.containercore,services,com.android.server.enterprise.security.PasswordPolicy$1,<com.android.server.enterprise.security.PasswordPolicy$1: void <init>(com.android.server.enterprise.security.PasswordPolicy)>,early_return,[invoke] java.util.ArrayList.add(),20
com.android.settings,services,com.android.server.enterprise.security.PasswordPolicy$5,"<com.android.server.enterprise.security.PasswordPolicy$5: void onReceive(android.content.Context,android.content.Intent)>",string_compare;early_return,[invoke] android.app.IActivityManager.forceStopPackage(),256
com.osp.app.signin,services,com.android.server.enterprise.security.DeviceAccountPolicy,<com.android.server.enterprise.security.DeviceAccountPolicy: void <clinit>()>,early_return,,32
com.google.android.gm.exchange,services,com.android.server.enterprise.security.DeviceAccountPolicy,<com.android.server.enterprise.security.DeviceAccountPolicy: void <clinit>()>,early_return,,32
com.samsung.android.email.provider,services,com.android.server.enterprise.security.SecurityPolicy,<com.android.server.enterprise.security.SecurityPolicy: void <init>(com.android.server.enterprise.security.SecurityPolicy$Injector)>,early_return,[invoke] java.util.ArrayList.add() → [reassigned] v3 overwritten,233
com.samsung.android.mdm,services,com.android.server.enterprise.security.SecurityPolicy,"<com.android.server.enterprise.security.SecurityPolicy: void addBannerAppToBatteryOptimizationWhitelist(com.samsung.android.knox.ContextInfo,boolean)>",early_return,[invoke] com.samsung.android.knox.AppIdentity.<init>() → [invoke] com.samsung.android.knox.AppIdentity.<init>(),38
com.samsung.android.mdm,services,com.android.server.enterprise.security.SecurityPolicy,<com.android.server.enterprise.security.SecurityPolicy: boolean isBannerApp(int)>,string_compare;early_return,[invoke] java.lang.String.equals(),32
com.samsung.android.mdm,services,com.android.server.enterprise.security.SecurityPolicy,<com.android.server.enterprise.security.SecurityPolicy: boolean startBannerService(int)>,early_return,"[invoke] android.content.Intent.setClassName() → [other] new-instance v3, Landroid/os/UserHandle; → [invoke] android.os.UserHandle.<init>() → [invoke] android.content.Context.startServiceAsUser()",131
com.samsung.android.mdm,services,com.android.server.enterprise.security.SecurityPolicy,<com.android.server.enterprise.security.SecurityPolicy: boolean stopBannerService(int)>,early_return,"[invoke] android.content.Intent.setClassName() → [other] new-instance v1, Landroid/os/UserHandle; → [invoke] android.os.UserHandle.<init>() → [invoke] android.content.Context.stopServiceAsUser() → [other] const-string/jumbo v1, ""stopBannerService() failed. userId =",56
com.android.settings,services,com.android.server.enterprise.security.PasswordPolicy,<com.android.server.enterprise.security.PasswordPolicy: void lambda$setPwdChangeRequestedForUser$3(int)>,string_compare;early_return,[invoke] java.lang.String.equals() → [invoke] android.app.IActivityManager.forceStopPackage(),122
com.android.settings,services,com.android.server.enterprise.security.PasswordPolicy,<com.android.server.enterprise.security.PasswordPolicy: void changePasswordAsUserInternal(int)>,early_return,[invoke] android.content.Intent.setClassName() → [reassigned] v2 overwritten,108
com.samsung.android.knox.containeragent,services,com.android.server.enterprise.adapterlayer.PersonaManagerAdapter,<com.android.server.enterprise.adapterlayer.PersonaManagerAdapter: boolean isContainerAgent(java.lang.String)>,string_compare;early_return,[invoke] java.lang.String.equals() → [other] move-result p0 → [other] return p0,12
com.samsung.android.knox.containercore,services,com.android.server.enterprise.adapterlayer.PersonaManagerAdapter,<com.android.server.enterprise.adapterlayer.PersonaManagerAdapter: boolean isContainerCore(java.lang.String)>,string_compare;early_return,[invoke] java.lang.String.equals() → [other] move-result p0 → [other] return p0,12
com.samsung.android.knox.containerdesktop,services,com.android.server.enterprise.adapterlayer.PersonaManagerAdapter,<com.android.server.enterprise.adapterlayer.PersonaManagerAdapter: boolean isContainerDesktop(java.lang.String)>,string_compare;early_return,[invoke] java.lang.String.equals() → [other] move-result p0 → [other] return p0,12
com.monotype.android.font.samsungone,services,com.android.server.enterprise.general.TypefaceFinder,"<com.android.server.enterprise.general.TypefaceFinder: void getSansEntries(android.content.pm.PackageManager,java.util.Vector,java.util.Vector,java.util.Vector)>",string_compare;early_return,"[invoke] java.lang.String.equalsIgnoreCase() → [invoke] java.lang.String.equals() → [other] const-string/jumbo v7, ""getSansEntries - Typeface.createFrom → [invoke] java.lang.StringBuilder.append()",465
com.monotype.android.font.droidserifitalic,services,com.android.server.enterprise.general.TypefaceFinder,"<com.android.server.enterprise.general.TypefaceFinder: void getSansEntries(android.content.pm.PackageManager,java.util.Vector,java.util.Vector,java.util.Vector)>",string_compare;early_return,[invoke] java.lang.String.contains() → [reassigned] v9 overwritten,465
com.monotype.android.font.foundation,services,com.android.server.enterprise.general.TypefaceFinder,"<com.android.server.enterprise.general.TypefaceFinder: void getSansEntries(android.content.pm.PackageManager,java.util.Vector,java.util.Vector,java.util.Vector)>",string_compare;early_return,[invoke] java.lang.String.equals(),465
com.monotype.android.font.samsungone,services,com.android.server.enterprise.general.TypefaceFinder,"<com.android.server.enterprise.general.TypefaceFinder: void parseTypefaceXml(java.lang.String,java.io.InputStream,java.lang.String)>",string_compare;early_return,"[invoke] java.lang.String.equals() → [other] move-result v0 → [branch] if-eqz v0, :cond_2e",73
com.android.settings,services,com.android.server.enterprise.general.MiscPolicy$SystemFontChanger,<com.android.server.enterprise.general.MiscPolicy$SystemFontChanger: int getActiveFontPosition()>,early_return,"[invoke] android.content.Context.createPackageContext() → [other] const-string/jumbo v3, ""prefs"" → [invoke] android.content.Context.getSharedPrefsFile() → [other] move-result v3 → [branch] if-eqz v3, :cond_33",169
com.monotype.android.font.droidserifitalic,services,com.android.server.enterprise.general.MiscPolicy$SystemFontChanger,<com.android.server.enterprise.general.MiscPolicy$SystemFontChanger: java.util.Vector getFontsVector()>,,"[invoke] java.lang.String.startsWith() → [other] move-result v11 → [branch] if-eqz v11, :cond_45 → [reassigned] v11 overwritten",167
com.android.settings,services,com.android.server.enterprise.general.MiscPolicy$SystemFontChanger,"<com.android.server.enterprise.general.MiscPolicy$SystemFontChanger: void savePreferences(java.lang.String,int)>",early_return,"[invoke] android.content.Context.createPackageContext() → [other] const-string/jumbo v3, ""prefs"" → [invoke] android.content.Context.getSharedPreferences() → [reassigned] v3 overwritten",133
com.android.settings,services,com.android.server.enterprise.general.MiscPolicy,<com.android.server.enterprise.general.MiscPolicy: boolean isSupportSettings2()>,string_compare;early_return,"[invoke] android.content.pm.PackageManager.getApplicationInfo() → [other] const-string/jumbo v1, ""settings_apk_name"" → [invoke] android.os.Bundle.getString() → [reassigned] v1 overwritten",66
com.android.settings,services,com.android.server.enterprise.general.MiscPolicy,<com.android.server.enterprise.general.MiscPolicy: void retrieveSystemFontSizes()>,early_return,[invoke] android.content.Context.createPackageContext() → [invoke] android.content.res.Resources.getIdentifier() → [other] move-result v0 → [invoke] android.content.res.Resources.getIdentifier() → [other] move-result v0,171
com.samsung.ucs.agent.boot,services,com.android.server.enterprise.ucm.UniversalCredentialManagerService,<com.android.server.enterprise.ucm.UniversalCredentialManagerService: void <clinit>()>,string_compare;early_return;system_property_read,"[other] filled-new-array {v1, v2, v3}, [Ljava/lang/String; → [reassigned] v1 overwritten",50
com.samsung.ucs.agent.ese,services,com.android.server.enterprise.ucm.UniversalCredentialManagerService,<com.android.server.enterprise.ucm.UniversalCredentialManagerService: void <clinit>()>,string_compare;early_return;system_property_read,"[other] filled-new-array {v1, v2, v3}, [Ljava/lang/String;",50
com.sec.smartcard.manager,services,com.android.server.enterprise.ucm.UniversalCredentialManagerService,<com.android.server.enterprise.ucm.UniversalCredentialManagerService: void <clinit>()>,string_compare;early_return;system_property_read,"[other] filled-new-array {v1, v2, v3}, [Ljava/lang/String;",50
com.samsung.ucs.agent.ese,services,com.android.server.enterprise.ucm.UniversalCredentialManagerService,"<com.android.server.enterprise.ucm.UniversalCredentialManagerService: int configureCredentialStoragePlugin(com.samsung.android.knox.ContextInfo,com.samsung.android.knox.ucm.configurator.CredentialStorage,android.os.Bundle)>",string_compare;early_return,[invoke] java.lang.String.equalsIgnoreCase() → [reassigned] v5 overwritten,381
com.samsung.ucs.agent.ese,services,com.android.server.enterprise.ucm.UniversalCredentialManagerService,<com.android.server.enterprise.ucm.UniversalCredentialManagerService: void registerPackageReceiver()>,string_compare;early_return,"[invoke] java.lang.String.equals() → [other] move-result v2 → [branch] if-nez v2, :cond_18 → [reassigned] v2 overwritten",81
com.samsung.sVpn,services,com.android.server.enterprise.vpn.knoxvpn.KnoxVpnHelper,"<com.android.server.enterprise.vpn.knoxvpn.KnoxVpnHelper: void addOrRemoveAppsFromBatteryOptimization(java.lang.String,java.lang.String,boolean)>",string_compare;early_return,"[invoke] java.lang.String.equalsIgnoreCase() → [other] move-result v0 → [branch] if-eqz v0, :cond_b → [other] move-result-wide v0 → [invoke] android.os.Binder.restoreCallingIdentity()",121
com.samsung.sVpn,services,com.android.server.enterprise.vpn.knoxvpn.KnoxVpnHelper,"<com.android.server.enterprise.vpn.knoxvpn.KnoxVpnHelper: void addUidsToVpnUidRange(java.lang.String,int)>",early_return,"[invoke] java.lang.String.contains() → [other] move-result v3 → [branch] if-eqz v3, :cond_71 → [other] move-result v3 → [branch] if-ne v3, v4, :cond_8e",332
com.samsung.sVpn,services,com.android.server.enterprise.vpn.knoxvpn.KnoxVpnHelper,<com.android.server.enterprise.vpn.knoxvpn.KnoxVpnHelper: boolean isNativeVpnClient(java.lang.String)>,early_return,"[invoke] java.lang.String.contains() → [other] move-result v2 → [branch] if-eqz v2, :cond_27",83
com.knox.vpn.proxyhandler,services,com.android.server.enterprise.vpn.knoxvpn.KnoxVpnPacProcessor,"<com.android.server.enterprise.vpn.knoxvpn.KnoxVpnPacProcessor: void bindProxyService(java.lang.String,int)>",allowlist_check;early_return,"[invoke] android.content.Intent.setClassName() → [other] sget-object p1, Lcom/android/server/enterprise/vpn/knoxvpn/K → [invoke] android.content.Context.bindServiceAsUser() → [reassigned] p1 overwritten",130
com.android.settings,services,com.android.server.enterprise.vpn.knoxvpn.KnoxVpnEngineService,<com.android.server.enterprise.vpn.knoxvpn.KnoxVpnEngineService: boolean checkIfVendorAllowed(com.samsung.android.knox.net.vpn.KnoxVpnContext)>,string_compare;early_return,[invoke] java.lang.String.equals() → [reassigned] v0 overwritten,70
com.knox.vpn.proxyhandler,services,com.android.server.enterprise.vpn.knoxvpn.KnoxVpnApiValidation,"<com.android.server.enterprise.vpn.knoxvpn.KnoxVpnApiValidation: int addContainerPackagesToVpnValidation(com.samsung.android.knox.net.vpn.KnoxVpnContext,int,java.lang.String[],java.lang.String)>",allowlist_check;string_compare;early_return,"[invoke] java.lang.String.equalsIgnoreCase() → [other] move-result v6 → [branch] if-eqz v6, :cond_104 → [reassigned] v6 overwritten",579
com.knox.vpn.proxyhandler,services,com.android.server.enterprise.vpn.knoxvpn.KnoxVpnApiValidation,"<com.android.server.enterprise.vpn.knoxvpn.KnoxVpnApiValidation: int addPackagesToVpnValidation(com.samsung.android.knox.net.vpn.KnoxVpnContext,java.lang.String[],java.lang.String)>",allowlist_check;string_compare;early_return,"[invoke] java.lang.String.equalsIgnoreCase() → [other] move-result v9 → [branch] if-eqz v9, :cond_f3 → [reassigned] v9 overwritten",604
com.android.networkstack,services,com.android.server.enterprise.vpn.knoxvpn.KnoxVpnApiValidation,"<com.android.server.enterprise.vpn.knoxvpn.KnoxVpnApiValidation: int removePackagesFromVpnValidation(com.samsung.android.knox.net.vpn.KnoxVpnContext,java.lang.String[],java.lang.String)>",string_compare;early_return,"[invoke] java.lang.String.equalsIgnoreCase() → [other] move-result v11 → [branch] if-eqz v11, :cond_110 → [reassigned] v11 overwritten",597
com.android.providers.downloads,services,com.android.server.enterprise.vpn.knoxvpn.KnoxVpnConstants,<com.android.server.enterprise.vpn.knoxvpn.KnoxVpnConstants: void <clinit>()>,early_return,"[other] filled-new-array {v0}, [Ljava/lang/String; → [other] filled-new-array {v0}, [Ljava/lang/String; → [reassigned] v0 overwritten",127
com.android.chrome,services,com.android.server.enterprise.vpn.knoxvpn.KnoxVpnConstants,<com.android.server.enterprise.vpn.knoxvpn.KnoxVpnConstants: void <clinit>()>,early_return,"[other] filled-new-array {v0, v2}, [Ljava/lang/String; → [reassigned] v0 overwritten",127
com.sec.android.app.sbrowser,services,com.android.server.enterprise.vpn.knoxvpn.KnoxVpnConstants,<com.android.server.enterprise.vpn.knoxvpn.KnoxVpnConstants: void <clinit>()>,early_return,"[other] filled-new-array {v0, v2}, [Ljava/lang/String; → [reassigned] v2 overwritten",127
com.samsung.android.email.provider,services,com.android.server.enterprise.vpn.knoxvpn.KnoxVpnConstants,<com.android.server.enterprise.vpn.knoxvpn.KnoxVpnConstants: void <clinit>()>,early_return,"[other] filled-new-array {v0, v2, v4, v6, v7}, [Ljava/lang/String; → [reassigned] v0 overwritten",127
com.samsung.android.email.sync,services,com.android.server.enterprise.vpn.knoxvpn.KnoxVpnConstants,<com.android.server.enterprise.vpn.knoxvpn.KnoxVpnConstants: void <clinit>()>,early_return,"[other] filled-new-array {v0, v2, v4, v6, v7}, [Ljava/lang/String; → [reassigned] v2 overwritten",127
com.samsung.android.email.ui,services,com.android.server.enterprise.vpn.knoxvpn.KnoxVpnConstants,<com.android.server.enterprise.vpn.knoxvpn.KnoxVpnConstants: void <clinit>()>,early_return,"[other] filled-new-array {v0, v2, v4, v6, v7}, [Ljava/lang/String;",127
com.samsung.android.email.widget,services,com.android.server.enterprise.vpn.knoxvpn.KnoxVpnConstants,<com.android.server.enterprise.vpn.knoxvpn.KnoxVpnConstants: void <clinit>()>,early_return,"[other] filled-new-array {v0, v2, v4, v6, v7}, [Ljava/lang/String;",127
com.samsung.android.email.composer,services,com.android.server.enterprise.vpn.knoxvpn.KnoxVpnConstants,<com.android.server.enterprise.vpn.knoxvpn.KnoxVpnConstants: void <clinit>()>,early_return,"[other] filled-new-array {v0, v2, v4, v6, v7}, [Ljava/lang/String;",127
com.samsung.sVpn,services,com.android.server.enterprise.vpn.knoxvpn.KnoxVpnFirewallHelper,"<com.android.server.enterprise.vpn.knoxvpn.KnoxVpnFirewallHelper: void addInputFilterDropRulesForInterface(java.lang.String,int,java.util.List,java.lang.String)>",string_compare;early_return,"[invoke] java.lang.String.equalsIgnoreCase() → [other] const-string/jumbo v0, ""v4-"" → [invoke] java.lang.StringBuilder.append() → [other] move-result-wide v0 → [invoke] android.os.Binder.restoreCallingIdentity()",133
com.samsung.sVpn,services,com.android.server.enterprise.vpn.knoxvpn.KnoxVpnFirewallHelper,"<com.android.server.enterprise.vpn.knoxvpn.KnoxVpnFirewallHelper: void addRangeRulesForFilteredPackages(java.lang.String,java.lang.String,int,java.lang.String)>",early_return,"[invoke] java.lang.String.contains() → [other] move-result v0 → [branch] if-nez v0, :cond_cb → [reassigned] v0 overwritten",222
com.samsung.sVpn,services,com.android.server.enterprise.vpn.knoxvpn.KnoxVpnFirewallHelper,"<com.android.server.enterprise.vpn.knoxvpn.KnoxVpnFirewallHelper: void addRulesForFilteredPackages(java.lang.String,java.lang.String,java.util.List,java.lang.String)>",early_return,"[invoke] java.lang.String.contains() → [other] move-result v0 → [branch] if-nez v0, :cond_c8 → [reassigned] v0 overwritten",245
com.samsung.android.messaging,services,com.android.server.enterprise.vpn.knoxvpn.KnoxVpnFirewallHelper,<com.android.server.enterprise.vpn.knoxvpn.KnoxVpnFirewallHelper: java.util.List getDefaultRouteAppUidList()>,,[invoke] com.android.server.enterprise.vpn.knoxvpn.KnoxVpnFirewallHel,66
com.samsung.sVpn,services,com.android.server.enterprise.vpn.knoxvpn.KnoxVpnFirewallHelper,<com.android.server.enterprise.vpn.knoxvpn.KnoxVpnFirewallHelper: java.util.List getDefaultRouteApps(int)>,allowlist_check,"[invoke] java.lang.String.contains() → [other] move-result v4 → [branch] if-eqz v4, :cond_6c → [other] sget-object v4, Lcom/android/server/enterprise/vpn/knoxvpn/K → [invoke] android.util.Log.d()",323
com.samsung.sVpn,services,com.android.server.enterprise.vpn.knoxvpn.KnoxVpnFirewallHelper,"<com.android.server.enterprise.vpn.knoxvpn.KnoxVpnFirewallHelper: void removeRangeRulesForFilteredPackages(java.lang.String,java.lang.String,int)>",early_return,"[invoke] java.lang.String.contains() → [other] move-result v0 → [branch] if-nez v0, :cond_a7 → [other] new-instance v0, Ljava/util/ArrayList; → [invoke] java.util.ArrayList.<init>()",182
com.samsung.sVpn,services,com.android.server.enterprise.vpn.knoxvpn.KnoxVpnFirewallHelper,"<com.android.server.enterprise.vpn.knoxvpn.KnoxVpnFirewallHelper: void removeRulesForFilteredPackages(java.lang.String,java.lang.String,java.util.List)>",early_return,"[invoke] java.lang.String.contains() → [other] move-result v0 → [branch] if-nez v0, :cond_97 → [reassigned] v0 overwritten",189
com.android.systemui,services,com.android.server.enterprise.location.LocationPolicy,<com.android.server.enterprise.location.LocationPolicy: int getUserIdByPackageNameOrUid(int)>,string_compare;early_return,[invoke] java.lang.String.equals() → [other] move-result v0 → [other] return v0,91
com.samsung.android.knox.kpu,services,com.android.server.enterprise.utils.KpuHelper,<com.android.server.enterprise.utils.KpuHelper: java.lang.String getKpuPackageName()>,,[other] return-object p0,16
com.samsung.android.knox.kpu,services,com.android.server.enterprise.utils.KpuHelper,<com.android.server.enterprise.utils.KpuHelper: boolean isKpuPackage(java.lang.String)>,string_compare;early_return,[invoke] java.lang.String.equals() → [other] move-result p0 → [other] return p0,12
com.android.mms,services,com.android.server.enterprise.utils.Utils,<com.android.server.enterprise.utils.Utils: java.lang.String getMessagePackageName(android.content.Context)>,string_compare,[invoke] com.samsung.android.feature.SemFloatingFeature.getString() → [invoke] java.lang.String.equals() → [other] return-object v2 → [reassigned] v2 overwritten,45
com.android.captiveportallogin,services,com.android.server.enterprise.firewall.FirewallUtils,<com.android.server.enterprise.firewall.FirewallUtils: void <clinit>()>,early_return,,30
com.google.android.captiveportallogin,services,com.android.server.enterprise.firewall.DomainFilter,<com.android.server.enterprise.firewall.DomainFilter: java.lang.String getCaptivePortalUid()>,,[invoke] com.android.server.enterprise.firewall.DomainFilter.getAppli,18
com.samsung.android.knox.containercore,services,com.android.server.enterprise.container.KnoxMUMContainerPolicy,"<com.android.server.enterprise.container.KnoxMUMContainerPolicy: int createContainer(com.samsung.android.knox.ContextInfo,com.samsung.android.knox.container.CreationParams,int)>",early_return,"[invoke] android.content.Intent.setPackage() → [other] sget-object v1, Lcom/android/server/enterprise/container/Kno → [invoke] android.content.Context.startServiceAsUser() → [invoke] android.content.Intent.putExtra() → [other] sget-object v1, Lcom/android/server/enterprise/container/Kno",849
com.android.bluetooth,services,com.android.server.enterprise.container.KnoxMUMContainerPolicy,"<com.android.server.enterprise.container.KnoxMUMContainerPolicy: boolean enableBluetooth(com.samsung.android.knox.ContextInfo,boolean,android.os.Bundle)>",early_return,[invoke] android.content.ComponentName.<init>() → [invoke] android.content.pm.IPackageManager.getPackageInfo() → [invoke] com.android.server.enterprise.container.KnoxMUMContainerPoli → [other] move-exception v2 → [invoke] java.lang.Exception.getMessage(),223
com.samsung.android.knox.containeragent,services,com.android.server.enterprise.container.KnoxMUMContainerPolicy,"<com.android.server.enterprise.container.KnoxMUMContainerPolicy: android.content.ComponentName findMatchingComponent(int,int)>",string_compare,"[invoke] java.lang.String.equals() → [other] move-result v6 → [branch] if-eqz v6, :cond_8b → [other] sget-object v6, Lcom/android/server/enterprise/container/Kno → [invoke] android.app.admin.DeviceAdminInfo.<init>()",224
com.samsung.android.knox.containercore,services,com.android.server.enterprise.container.KnoxMUMContainerPolicy,"<com.android.server.enterprise.container.KnoxMUMContainerPolicy: java.util.List getConfigurationTypeByName(com.samsung.android.knox.ContextInfo,java.lang.String)>",string_compare,"[invoke] java.lang.String.equals() → [other] move-result p0 → [branch] if-nez p0, :cond_b7 → [reassigned] p0 overwritten",251
com.android.managedprovisioning,services,com.android.server.enterprise.container.KnoxMUMContainerPolicy,"<com.android.server.enterprise.container.KnoxMUMContainerPolicy: java.util.List getConfigurationTypeByName(com.samsung.android.knox.ContextInfo,java.lang.String)>",string_compare,"[invoke] java.lang.String.equals() → [other] move-result p0 → [branch] if-nez p0, :cond_b7 → [reassigned] p0 overwritten",251
com.samsung.klmsagent,services,com.android.server.enterprise.container.KnoxMUMContainerPolicy,"<com.android.server.enterprise.container.KnoxMUMContainerPolicy: void sendIntentBroadcastForContainer(int,java.lang.String)>",early_return,"[invoke] android.content.Intent.setPackage() → [other] sget-object p1, Lcom/android/server/enterprise/container/Kno → [invoke] android.content.Context.sendBroadcastAsUser()",56
com.samsung.android.knox.containeragent,services,com.android.server.enterprise.container.KnoxMUMContainerPolicy,"<com.android.server.enterprise.container.KnoxMUMContainerPolicy: int setCustomResource(int,com.samsung.android.knox.ContextInfo,android.os.Bundle)>",early_return,"[invoke] com.android.server.enterprise.container.KnoxMUMContainerPoli → [other] new-instance v1, Ljava/lang/StringBuilder; → [invoke] java.lang.StringBuilder.<init>() → [invoke] java.lang.StringBuilder.append() → [invoke] java.lang.StringBuilder.append()",687
com.android.managedprovisioning,services,com.android.server.enterprise.container.KnoxMUMContainerPolicy$ProvisioningState,<com.android.server.enterprise.container.KnoxMUMContainerPolicy$ProvisioningState: int getProcessId(java.lang.String)>,string_compare;early_return,"[invoke] java.lang.String.equals() → [other] move-result v0 → [branch] if-eqz v0, :cond_b → [reassigned] v0 overwritten",37
com.samsung.android.knox.containercore,services,com.android.server.enterprise.container.KnoxMUMContainerPolicy$ProvisioningState,<com.android.server.enterprise.container.KnoxMUMContainerPolicy$ProvisioningState: int getProcessId(java.lang.String)>,string_compare;early_return,[invoke] java.lang.String.equals(),37
com.samsung.android.knox.containercore,services,com.android.server.enterprise.container.KnoxMUMContainerPolicy$ProvisioningProcessObserver,"<com.android.server.enterprise.container.KnoxMUMContainerPolicy$ProvisioningProcessObserver: void onProcessDied(int,int)>",early_return,[invoke] com.android.server.enterprise.container.KnoxMUMContainerPoli → [reassigned] v1 overwritten,177
com.android.managedprovisioning,services,com.android.server.enterprise.container.KnoxMUMContainerPolicy$ProvisioningProcessObserver,"<com.android.server.enterprise.container.KnoxMUMContainerPolicy$ProvisioningProcessObserver: void onProcessDied(int,int)>",early_return,[invoke] com.android.server.enterprise.container.KnoxMUMContainerPoli,177
com.android.settings,services,com.android.server.enterprise.appconfig.ApplicationRestrictionsService,"<com.android.server.enterprise.appconfig.ApplicationRestrictionsService: void sendBroadcastAsUserInternal(java.lang.String,int)>",string_compare;early_return,[invoke] java.lang.String.equals() → [reassigned] v1 overwritten,277
com.sec.android.desktopmode.uiservice,services,com.android.server.enterprise.appconfig.ApplicationRestrictionsService,"<com.android.server.enterprise.appconfig.ApplicationRestrictionsService: void sendBroadcastAsUserInternal(java.lang.String,int)>",string_compare;early_return,[invoke] java.lang.String.equals() → [reassigned] v1 overwritten,277
com.samsung.android.app.telephonyui,services,com.android.server.enterprise.appconfig.ApplicationRestrictionsService,"<com.android.server.enterprise.appconfig.ApplicationRestrictionsService: void sendBroadcastAsUserInternal(java.lang.String,int)>",string_compare;early_return,[invoke] java.lang.String.equals() → [reassigned] v1 overwritten,277
com.samsung.android.SettingsReceiver,services,com.android.server.enterprise.appconfig.ApplicationRestrictionsService,"<com.android.server.enterprise.appconfig.ApplicationRestrictionsService: void sendBroadcastAsUserInternal(java.lang.String,int)>",string_compare;early_return,[invoke] java.lang.String.equals() → [reassigned] v1 overwritten,277
com.sec.android.desktopcommunity,services,com.android.server.enterprise.appconfig.ApplicationRestrictionsService,"<com.android.server.enterprise.appconfig.ApplicationRestrictionsService: void sendBroadcastAsUserInternal(java.lang.String,int)>",string_compare;early_return,[invoke] java.lang.String.equals() → [reassigned] v1 overwritten,277
com.android.settings.intelligence,services,com.android.server.enterprise.appconfig.ApplicationRestrictionsService,"<com.android.server.enterprise.appconfig.ApplicationRestrictionsService: void sendBroadcastAsUserInternal(java.lang.String,int)>",string_compare;early_return,[invoke] android.app.ActivityManager.clearApplicationUserData() → [invoke] android.app.ActivityManager.clearApplicationUserData() → [invoke] android.app.ActivityManager.clearApplicationUserData() → [reassigned] v3 overwritten,277
com.android.systemui,services,com.android.server.enterprise.appconfig.ApplicationRestrictionsService,"<com.android.server.enterprise.appconfig.ApplicationRestrictionsService: void sendBroadcastAsUserInternal(java.lang.String,int)>",string_compare;early_return,"[invoke] java.util.ArrayList.add() → [other] iget-object v2, p0, Lcom/android/server/enterprise/appconfig → [invoke] android.app.ActivityManager.clearApplicationUserData() → [reassigned] v2 overwritten",277
com.sec.android.app.desktoplauncher,services,com.android.server.enterprise.appconfig.ApplicationRestrictionsService,"<com.android.server.enterprise.appconfig.ApplicationRestrictionsService: void sendBroadcastAsUserInternal(java.lang.String,int)>",string_compare;early_return,"[invoke] java.util.ArrayList.add() → [other] iget-object v2, p0, Lcom/android/server/enterprise/appconfig → [invoke] android.app.ActivityManager.clearApplicationUserData() → [other] new-instance v2, Landroid/content/Intent; → [invoke] android.content.Intent.<init>()",277
com.android.settings,services,com.android.server.enterprise.appconfig.ApplicationRestrictionsChain,"<com.android.server.enterprise.appconfig.ApplicationRestrictionsChain: android.os.Bundle chain(android.content.Context,java.lang.String,java.lang.String,android.os.Bundle)>",string_compare,"[invoke] java.lang.String.equals() → [other] const-string/jumbo p3, ""packageName: com.android.settings"" → [invoke] com.samsung.android.knox.custom.utils.KnoxsdkFileLog.d() → [other] sget p3, Lcom/android/server/enterprise/appconfig/Applicatio → [invoke] com.android.server.enterprise.storage.EdmStorageProvider.get",471
com.android.settings,services,com.android.server.enterprise.appconfig.ApplicationRestrictionsService$1,"<com.android.server.enterprise.appconfig.ApplicationRestrictionsService$1: void onReceive(android.content.Context,android.content.Intent)>",early_return,[invoke] android.os.UserManager.getApplicationRestrictions() → [invoke] com.android.server.enterprise.appconfig.ApplicationRestricti,35
com.sec.enterprise.knox.cloudmdm.smdms,services,com.android.server.enterprise.geofencing.GeofenceService,<com.android.server.enterprise.geofencing.GeofenceService: java.lang.String getPackageNameForUid(int)>,,"[other] return-object p0 → [other] iget-object p0, p0, Lcom/android/server/enterprise/geofencin → [invoke] com.android.server.enterprise.storage.EdmStorageProvider.get → [reassigned] p0 overwritten",109
com.sec.android.app.controlpanel,services,com.android.server.enterprise.kioskmode.KioskModeService,<com.android.server.enterprise.kioskmode.KioskModeService: void <clinit>()>,early_return,"[other] filled-new-array {v0, v1}, [Ljava/lang/String; → [reassigned] v0 overwritten",34
com.sec.android.app.taskmanager,services,com.android.server.enterprise.kioskmode.KioskModeService,<com.android.server.enterprise.kioskmode.KioskModeService: void <clinit>()>,early_return,"[other] filled-new-array {v0, v1}, [Ljava/lang/String;",34
com.sec.android.kiosk,services,com.android.server.enterprise.kioskmode.KioskModeService,"<com.android.server.enterprise.kioskmode.KioskModeService: void cleanUpKioskMode(com.samsung.android.knox.ContextInfo,java.lang.String)>",string_compare;early_return,[invoke] java.lang.String.equals() → [invoke] com.android.server.enterprise.application.ApplicationPolicy.,36
com.samsung.android.mdm,services,com.android.server.enterprise.kioskmode.KioskModeService,<com.android.server.enterprise.kioskmode.KioskModeService: int extractDefaultApkAndInstall(com.samsung.android.knox.ContextInfo)>,early_return,"[invoke] android.content.Context.createPackageContext() → [other] new-instance v6, Ljava/io/File; → [invoke] java.io.File.<init>() → [invoke] java.io.FileOutputStream.<init>() → [invoke] android.os.FileUtils.setPermissions()",438
com.sec.enterprise.knox.cloudmdm.smdms,services,com.android.server.enterprise.kioskmode.KioskModeService,<com.android.server.enterprise.kioskmode.KioskModeService: java.lang.String getPackageNameForUid(int)>,,"[other] return-object p0 → [other] iget-object p0, p0, Lcom/android/server/enterprise/kioskmode → [invoke] android.content.pm.PackageManager.getNameForUid() → [reassigned] p0 overwritten",35
com.sec.android.kiosk,services,com.android.server.enterprise.kioskmode.KioskModeService,"<com.android.server.enterprise.kioskmode.KioskModeService: int initKioskMode(com.samsung.android.knox.ContextInfo,java.lang.String)>",string_compare;early_return,"[invoke] java.lang.String.equals() → [other] move-result v2 → [branch] if-eqz v2, :cond_16 → [reassigned] v2 overwritten",148
com.sec.android.kiosk,services,com.android.server.enterprise.kioskmode.KioskModeService,"<com.android.server.enterprise.kioskmode.KioskModeService: boolean setDefaultHomeScreen(int,java.lang.String,java.lang.String)>",string_compare;early_return,"[invoke] java.lang.String.equals() → [invoke] java.lang.String.equals() → [other] new-instance v8, Landroid/content/ComponentName; → [invoke] android.content.ComponentName.<init>() → [other] move-object v4, v8",269
com.android.systemui,services,com.android.server.enterprise.restriction.DeveloperModeSettings,<com.android.server.enterprise.restriction.DeveloperModeSettings: void resetCpuUsageOptions()>,early_return,[invoke] android.content.Intent.setClassName(),37
com.android.settings,services,com.android.server.enterprise.restriction.DeveloperModeSettings,<com.android.server.enterprise.restriction.DeveloperModeSettings: boolean resetDeveloperModeOptions()>,early_return,"[invoke] android.app.IActivityManager.forceStopPackage() → [other] const-string/jumbo v5, ""killSettings: RemoteException ex ->  → [invoke] java.lang.StringBuilder.append()",177
com.sec.enterprise.mdm.services.simpin,services,com.android.server.enterprise.restriction.PhoneRestrictionPolicy$7,<com.android.server.enterprise.restriction.PhoneRestrictionPolicy$7: void run()>,early_return,"[invoke] android.content.ComponentName.<init>() → [other] iget-object v2, p0, Lcom/android/server/enterprise/restricti → [invoke] com.android.server.enterprise.restriction.PhoneRestrictionPo → [reassigned] v2 overwritten",69
com.sec.enterprise.knox.cloudmdm.smdms,services,com.android.server.enterprise.restriction.RestrictionPolicy,<com.android.server.enterprise.restriction.RestrictionPolicy: void <clinit>()>,early_return,"[other] filled-new-array {v0, v1, v2, v3, v4}, [Ljava/lang/String; → [reassigned] v0 overwritten",41
com.samsung.klmsagent,services,com.android.server.enterprise.restriction.RestrictionPolicy,<com.android.server.enterprise.restriction.RestrictionPolicy: void <clinit>()>,early_return,"[other] filled-new-array {v0, v1, v2, v3, v4}, [Ljava/lang/String;",41
com.samsung.android.knox.containercore,services,com.android.server.enterprise.restriction.RestrictionPolicy,<com.android.server.enterprise.restriction.RestrictionPolicy: void <clinit>()>,early_return,"[other] filled-new-array {v0, v1, v2, v3, v4}, [Ljava/lang/String;",41
com.samsung.android.kgclient,services,com.android.server.enterprise.restriction.RestrictionPolicy,<com.android.server.enterprise.restriction.RestrictionPolicy: void <clinit>()>,early_return,"[other] filled-new-array {v0, v1, v2, v3, v4}, [Ljava/lang/String;",41
com.sec.android.fotaclient,services,com.android.server.enterprise.restriction.RestrictionPolicy,"<com.android.server.enterprise.restriction.RestrictionPolicy: boolean allowOTAUpgrade(com.samsung.android.knox.ContextInfo,boolean)>",early_return,[invoke] com.android.server.enterprise.application.ApplicationPolicy. → [reassigned] v4 overwritten,115
com.ws.dm,services,com.android.server.enterprise.restriction.RestrictionPolicy,"<com.android.server.enterprise.restriction.RestrictionPolicy: boolean allowOTAUpgrade(com.samsung.android.knox.ContextInfo,boolean)>",early_return,[invoke] com.android.server.enterprise.application.ApplicationPolicy.,115
com.vlingo.midas,services,com.android.server.enterprise.restriction.RestrictionPolicy,"<com.android.server.enterprise.restriction.RestrictionPolicy: boolean allowSVoice(com.samsung.android.knox.ContextInfo,boolean)>",string_compare;early_return,"[invoke] java.lang.String.equals() → [other] move-result v6 → [branch] if-nez v6, :cond_d1 → [reassigned] v6 overwritten",390
com.samsung.voiceserviceplatform,services,com.android.server.enterprise.restriction.RestrictionPolicy,"<com.android.server.enterprise.restriction.RestrictionPolicy: boolean allowSVoice(com.samsung.android.knox.ContextInfo,boolean)>",string_compare;early_return,"[invoke] java.lang.String.equals() → [other] move-result v6 → [branch] if-eqz v6, :cond_92 → [reassigned] v6 overwritten",390
com.android.settings,services,com.android.server.enterprise.restriction.RestrictionPolicy,"<com.android.server.enterprise.restriction.RestrictionPolicy: boolean allowSettingsChanges(com.samsung.android.knox.ContextInfo,boolean)>",string_compare;early_return,"[invoke] java.lang.String.equals() → [invoke] android.app.IActivityManager.forceStopPackage() → [other] new-instance v0, Landroid/content/Intent; → [invoke] android.content.Intent.<init>() → [invoke] android.content.Intent.addFlags()",325
com.sec.android.app.camera,services,com.android.server.enterprise.restriction.RestrictionPolicy,"<com.android.server.enterprise.restriction.RestrictionPolicy: boolean setCamera(com.samsung.android.knox.ContextInfo,boolean)>",early_return,"[invoke] android.app.IActivityManager.forceStopPackage() → [invoke] android.app.IActivityManager.forceStopPackage() → [other] move-result v2 → [invoke] com.android.server.enterprise.restriction.RestrictionPolicy. → [other] new-instance v2, Ljava/lang/StringBuilder;",347
com.android.settings,services,com.android.server.enterprise.restriction.RestrictionPolicy,"<com.android.server.enterprise.restriction.RestrictionPolicy: boolean setLockScreenViewProperty(int,boolean)>",early_return,"[invoke] android.content.Intent.setPackage() → [other] const-string/jumbo v1, ""set_shortcuts_mode"" → [invoke] android.provider.Settings$System.putInt()",134
com.android.settings,services,com.android.server.enterprise.restriction.RestrictionPolicy,"<com.android.server.enterprise.restriction.RestrictionPolicy: boolean setMockLocation(com.samsung.android.knox.ContextInfo,boolean)>",early_return,"[invoke] android.app.IActivityManager.forceStopPackage() → [other] new-instance v3, Ljava/lang/StringBuilder; → [invoke] java.lang.StringBuilder.<init>() → [invoke] java.lang.StringBuilder.append() → [invoke] java.lang.StringBuilder.append()",190
com.samsung.android.mtp,services,com.android.server.enterprise.restriction.RestrictionPolicy,"<com.android.server.enterprise.restriction.RestrictionPolicy: boolean setUsbMediaPlayerAvailability(com.samsung.android.knox.ContextInfo,boolean)>",early_return,"[invoke] android.content.Intent.setPackage() → [other] iget-object v6, p0, Lcom/android/server/enterprise/restricti → [invoke] android.content.Context.sendBroadcast() → [reassigned] v6 overwritten",208
com.samsung.android.app.telephonyui,services,com.android.server.enterprise.restriction.RoamingPolicy,"<com.android.server.enterprise.restriction.RoamingPolicy: boolean setRoamingData(com.samsung.android.knox.ContextInfo,boolean)>",early_return,[invoke] android.content.Intent.setPackage() → [reassigned] v2 overwritten,103
com.android.systemui,services,com.android.server.enterprise.restriction.PhoneRestrictionPolicy,<com.android.server.enterprise.restriction.PhoneRestrictionPolicy: java.lang.String getPinCode(java.lang.String)>,string_compare,[invoke] android.content.pm.PackageManager.getPackageUidAsUser() → [reassigned] v4 overwritten,126
com.google.android.setupwizard,services,com.android.server.enterprise.application.ApplicationPolicy,<com.android.server.enterprise.application.ApplicationPolicy: void <clinit>()>,early_return,"[other] filled-new-array {v1, v2, v3, v4}, [Ljava/lang/String; → [reassigned] v1 overwritten",400
com.sec.android.app.SecSetupWizard,services,com.android.server.enterprise.application.ApplicationPolicy,<com.android.server.enterprise.application.ApplicationPolicy: void <clinit>()>,early_return,"[other] filled-new-array {v1, v2, v3, v4}, [Ljava/lang/String; → [reassigned] v2 overwritten",400
com.google.android.gms,services,com.android.server.enterprise.application.ApplicationPolicy,<com.android.server.enterprise.application.ApplicationPolicy: void <clinit>()>,early_return,"[other] filled-new-array {v1, v2, v3, v4}, [Ljava/lang/String; → [reassigned] v3 overwritten",400
com.sec.android.app.setupwizard,services,com.android.server.enterprise.application.ApplicationPolicy,<com.android.server.enterprise.application.ApplicationPolicy: void <clinit>()>,early_return,"[other] filled-new-array {v1, v2, v3, v4}, [Ljava/lang/String; → [other] sget-object v4, Lcom/android/server/enterprise/application/A → [invoke] android.util.ArrayMap.get() → [invoke] android.util.ArrayMap.put() → [reassigned] v4 overwritten",400
com.android.vending,services,com.android.server.enterprise.application.ApplicationPolicy,<com.android.server.enterprise.application.ApplicationPolicy: void <clinit>()>,early_return,"[other] filled-new-array/range {v1 .. v8}, [Ljava/lang/String; → [reassigned] v1 overwritten",400
com.sec.android.app.samsungapps,services,com.android.server.enterprise.application.ApplicationPolicy,<com.android.server.enterprise.application.ApplicationPolicy: void <clinit>()>,early_return,"[other] const-string/jumbo v2, ""mms"" → [other] filled-new-array {v0, v1, v2, v3}, [Ljava/lang/String;",400
com.osp.app.signin,services,com.android.server.enterprise.application.ApplicationPolicy,<com.android.server.enterprise.application.ApplicationPolicy: void <clinit>()>,early_return,"[other] const-string/jumbo v3, ""mmsto"" → [other] filled-new-array {v0, v1, v2, v3}, [Ljava/lang/String;",400
com.sec.android.app.billing,services,com.android.server.enterprise.application.ApplicationPolicy,<com.android.server.enterprise.application.ApplicationPolicy: void <clinit>()>,early_return,,400
com.samsung.knox.bnr,services,com.android.server.enterprise.application.ApplicationPolicy,<com.android.server.enterprise.application.ApplicationPolicy: void <clinit>()>,early_return,,400
com.samsung.android.knox.containeragent,services,com.android.server.enterprise.application.ApplicationPolicy,<com.android.server.enterprise.application.ApplicationPolicy: void <clinit>()>,early_return,,400
com.samsung.android.knox.containercore,services,com.android.server.enterprise.application.ApplicationPolicy,<com.android.server.enterprise.application.ApplicationPolicy: void <clinit>()>,early_return,,400
com.sec.enterprise.knox.cloudmdm.smdms,services,com.android.server.enterprise.application.ApplicationPolicy,<com.android.server.enterprise.application.ApplicationPolicy: void <clinit>()>,early_return,"[other] filled-new-array/range {v1 .. v8}, [Ljava/lang/String;",400
com.aura.oobe.samsung.gl,services,com.android.server.enterprise.application.ApplicationPolicy,<com.android.server.enterprise.application.ApplicationPolicy: void <init>(com.android.server.enterprise.application.ApplicationPolicy$Injector)>,early_return,[invoke] com.android.server.enterprise.application.ApplicationPolicy.,246
com.android.settings,services,com.android.server.enterprise.application.ApplicationPolicy,"<com.android.server.enterprise.application.ApplicationPolicy: boolean changeApplicationNameForUid(java.lang.String,java.lang.String,int)>",allowlist_check;early_return,"[invoke] android.content.Intent.setPackage() → [other] new-instance p2, Landroid/os/UserHandle; → [invoke] android.os.UserHandle.<init>() → [invoke] android.content.Context.sendBroadcastAsUser()",281
com.samsung.android.forest,services,com.android.server.enterprise.application.ApplicationPolicy,<com.android.server.enterprise.application.ApplicationPolicy: void endFocusMode()>,early_return,"[invoke] android.content.Intent.setPackage() → [other] const-string/jumbo v2, ""mode_id"" → [invoke] android.content.Intent.putExtra()",44
com.sec.android.app.launcher,services,com.android.server.enterprise.application.ApplicationPolicy,"<com.android.server.enterprise.application.ApplicationPolicy: java.util.Map getAllWidgets(com.samsung.android.knox.ContextInfo,java.lang.String)>",string_compare,"[invoke] java.lang.String.equals() → [other] move-result v0 → [branch] if-eqz v0, :cond_1b0 → [reassigned] v0 overwritten",596
com.android.settings,services,com.android.server.enterprise.application.ApplicationPolicy,"<com.android.server.enterprise.application.ApplicationPolicy: java.lang.String[] getConcentrationModeSuspendPackages(java.util.List,java.util.List,java.lang.String)>",,"[other] filled-new-array/range {v0 .. v8}, [Ljava/lang/String; → [reassigned] v0 overwritten",118
com.android.vending,services,com.android.server.enterprise.application.ApplicationPolicy,"<com.android.server.enterprise.application.ApplicationPolicy: java.lang.String[] getConcentrationModeSuspendPackages(java.util.List,java.util.List,java.lang.String)>",,,118
com.samsung.android.dialer,services,com.android.server.enterprise.application.ApplicationPolicy,"<com.android.server.enterprise.application.ApplicationPolicy: java.lang.String[] getConcentrationModeSuspendPackages(java.util.List,java.util.List,java.lang.String)>",,,118
com.skt.prod.dialer,services,com.android.server.enterprise.application.ApplicationPolicy,"<com.android.server.enterprise.application.ApplicationPolicy: java.lang.String[] getConcentrationModeSuspendPackages(java.util.List,java.util.List,java.lang.String)>",,,118
com.sec.android.app.clockpackage,services,com.android.server.enterprise.application.ApplicationPolicy,"<com.android.server.enterprise.application.ApplicationPolicy: java.lang.String[] getConcentrationModeSuspendPackages(java.util.List,java.util.List,java.lang.String)>",,,118
com.samsung.knox.securefolder,services,com.android.server.enterprise.application.ApplicationPolicy,"<com.android.server.enterprise.application.ApplicationPolicy: java.lang.String[] getConcentrationModeSuspendPackages(java.util.List,java.util.List,java.lang.String)>",,,118
com.samsung.android.app.watchmanager,services,com.android.server.enterprise.application.ApplicationPolicy,"<com.android.server.enterprise.application.ApplicationPolicy: java.lang.String[] getConcentrationModeSuspendPackages(java.util.List,java.util.List,java.lang.String)>",,,118
com.samsung.android.app.watchmanager2,services,com.android.server.enterprise.application.ApplicationPolicy,"<com.android.server.enterprise.application.ApplicationPolicy: java.lang.String[] getConcentrationModeSuspendPackages(java.util.List,java.util.List,java.lang.String)>",,,118
com.sec.android.app.desktoplauncher,services,com.android.server.enterprise.application.ApplicationPolicy,"<com.android.server.enterprise.application.ApplicationPolicy: java.util.List getHomeShortcuts(com.samsung.android.knox.ContextInfo,java.lang.String,boolean)>",string_compare;system_property_read,[invoke] java.lang.String.equals() → [invoke] java.lang.String.equals() → [reassigned] v9 overwritten,1325
com.sec.android.kiosk,services,com.android.server.enterprise.application.ApplicationPolicy,"<com.android.server.enterprise.application.ApplicationPolicy: java.util.List getHomeShortcuts(com.samsung.android.knox.ContextInfo,java.lang.String,boolean)>",string_compare;system_property_read,"[invoke] java.lang.String.equals() → [invoke] java.lang.String.equals() → [other] move-result v3 → [branch] if-eqz v3, :cond_f6 → [other] new-instance v3, Ljava/lang/StringBuilder;",1325
com.sec.android.app.launcher,services,com.android.server.enterprise.application.ApplicationPolicy,"<com.android.server.enterprise.application.ApplicationPolicy: java.util.List getHomeShortcuts(com.samsung.android.knox.ContextInfo,java.lang.String,boolean)>",string_compare;system_property_read,"[invoke] java.lang.String.equals() → [other] move-result v5 → [branch] if-nez v5, :cond_bc → [other] move-result v5 → [branch] if-nez v5, :cond_bc",1325
com.android.incallui,services,com.android.server.enterprise.application.ApplicationPolicy,<com.android.server.enterprise.application.ApplicationPolicy: java.lang.String getIncalluiPkgName()>,,[invoke] com.samsung.android.feature.SemFloatingFeature.getString() → [reassigned] p0 overwritten,32
com.android.phone,services,com.android.server.enterprise.application.ApplicationPolicy,"<com.android.server.enterprise.application.ApplicationPolicy: boolean handleStatusBarNotificationNotAllowedAsUser(java.lang.String,int,android.app.Notification)>",string_compare;early_return,"[invoke] java.lang.String.equals() → [other] move-result p2 → [branch] if-nez p2, :cond_e2",295
com.samsung.android.kgclient,services,com.android.server.enterprise.application.ApplicationPolicy,"<com.android.server.enterprise.application.ApplicationPolicy: boolean isApplicationForceStopDisabled(java.lang.String,int,java.lang.String,java.lang.String,java.lang.String,boolean)>",string_compare;early_return,"[invoke] java.lang.String.equals() → [other] move-result p6 → [branch] if-nez p6, :cond_22 → [other] const p6, 0x1040ddb → [invoke] com.android.server.enterprise.RestrictionToastManager.show()",201
com.samsung.android.knox.kpu,services,com.android.server.enterprise.application.ApplicationPolicy,"<com.android.server.enterprise.application.ApplicationPolicy: boolean isFromApprovedInstaller(int,int)>",string_compare;early_return;system_property_read,"[invoke] com.android.server.enterprise.application.ApplicationPolicy. → [other] move-result v0 → [branch] if-eqz v0, :cond_1a → [other] iget-object v0, v1, Lcom/android/server/enterprise/applicati → [invoke] android.content.pm.PackageManager.getPackageUidAsUser()",909
com.samsung.android.knox.kpu,services,com.android.server.enterprise.application.ApplicationPolicy,"<com.android.server.enterprise.application.ApplicationPolicy: boolean isFromApprovedInstaller(int,int)>",string_compare;early_return;system_property_read,"[invoke] android.content.pm.PackageManager.getPackageUidAsUser() → [other] sget-object v6, Lcom/android/server/enterprise/application/A → [other] monitor-enter v6 → [other] monitor-exit v6 → [other] monitor-exit v6",909
com.android.managedprovisioning,services,com.android.server.enterprise.application.ApplicationPolicy,"<com.android.server.enterprise.application.ApplicationPolicy: boolean isFromApprovedInstaller(int,int)>",string_compare;early_return;system_property_read,"[invoke] java.lang.String.equals() → [other] move-result v13 → [branch] if-nez v13, :cond_2a8 → [other] iget-object v13, v1, Lcom/android/server/enterprise/applicat → [invoke] com.android.server.enterprise.adapter.IPersonaManagerAdapter",909
com.google.android.packageinstaller,services,com.android.server.enterprise.application.ApplicationPolicy,"<com.android.server.enterprise.application.ApplicationPolicy: boolean isFromApprovedInstaller(int,int)>",string_compare;early_return;system_property_read,"[invoke] java.lang.String.equals() → [other] move-result v13 → [branch] if-nez v13, :cond_29e → [reassigned] v13 overwritten",909
com.samsung.android.packageinstaller,services,com.android.server.enterprise.application.ApplicationPolicy,"<com.android.server.enterprise.application.ApplicationPolicy: boolean isFromApprovedInstaller(int,int)>",string_compare;early_return;system_property_read,"[invoke] java.lang.String.equals() → [other] move-result v13 → [branch] if-eqz v13, :cond_191 → [other] sget-object v13, Lcom/android/server/enterprise/application/ → [invoke] java.util.Map.get()",909
com.sec.android.app.launcher,services,com.android.server.enterprise.application.ApplicationPolicy,"<com.android.server.enterprise.application.ApplicationPolicy: boolean manageHomeShorcut(com.samsung.android.knox.ContextInfo,java.lang.String,java.lang.String,java.lang.String)>",allowlist_check;string_compare;early_return,[invoke] java.util.List.add() → [reassigned] v6 overwritten,1037
com.sec.android.app.desktoplauncher,services,com.android.server.enterprise.application.ApplicationPolicy,"<com.android.server.enterprise.application.ApplicationPolicy: boolean manageHomeShorcut(com.samsung.android.knox.ContextInfo,java.lang.String,java.lang.String,java.lang.String)>",allowlist_check;string_compare;early_return,[invoke] java.util.List.add() → [reassigned] v6 overwritten,1037
com.android.settings,services,com.android.server.enterprise.application.ApplicationPolicy,"<com.android.server.enterprise.application.ApplicationPolicy: void notifyApplicationChanged(java.lang.String,int)>",early_return,"[invoke] android.app.IActivityManager.forceStopPackage() → [other] new-instance v1, Ljava/lang/StringBuilder; → [invoke] java.lang.StringBuilder.<init>() → [invoke] java.lang.StringBuilder.append() → [invoke] java.lang.StringBuilder.append()",224
com.samsung.klmsagent,services,com.android.server.enterprise.application.ApplicationPolicy,<com.android.server.enterprise.application.ApplicationPolicy: void onAdminRemoved(int)>,string_compare;early_return,"[invoke] java.lang.String.equals() → [other] move-result v1 → [branch] if-nez v1, :cond_9d → [reassigned] v1 overwritten",208
com.samsung.android.email.provider,services,com.android.server.enterprise.application.ApplicationPolicy,<com.android.server.enterprise.application.ApplicationPolicy: void onAdminRemoved(int)>,string_compare;early_return,"[invoke] java.lang.String.equals() → [other] move-result v1 → [branch] if-nez v1, :cond_9d → [other] move-result v1 → [branch] if-nez v1, :cond_9d",208
com.samsung.android.forest,services,com.android.server.enterprise.application.ApplicationPolicy,<com.android.server.enterprise.application.ApplicationPolicy: void sendBroadcastToDigitalWellBeing(boolean)>,early_return,[invoke] android.content.Intent.setPackage() → [reassigned] p1 overwritten,32
com.android.vending,services,com.android.server.enterprise.application.ApplicationPolicy,"<com.android.server.enterprise.application.ApplicationPolicy: void setAndroidMarketState(com.samsung.android.knox.ContextInfo,boolean)>",early_return,[invoke] com.android.server.enterprise.application.ApplicationPolicy. → [reassigned] v0 overwritten,107
com.google.android.finsky,services,com.android.server.enterprise.application.ApplicationPolicy,"<com.android.server.enterprise.application.ApplicationPolicy: void setAndroidMarketState(com.samsung.android.knox.ContextInfo,boolean)>",early_return,"[invoke] com.android.server.enterprise.application.ApplicationPolicy. → [other] iget-object v0, p0, Lcom/android/server/enterprise/applicati → [invoke] com.android.server.enterprise.adapter.IPersonaManagerAdapter → [other] move-result v0 → [branch] if-nez v0, :cond_39",107
com.google.android.gm,services,com.android.server.enterprise.application.ApplicationPolicy,"<com.android.server.enterprise.application.ApplicationPolicy: void setAndroidMarketState(com.samsung.android.knox.ContextInfo,boolean)>",early_return,[invoke] com.android.server.enterprise.application.ApplicationPolicy. → [reassigned] v0 overwritten,107
com.google.android.gms,services,com.android.server.enterprise.application.ApplicationPolicy,"<com.android.server.enterprise.application.ApplicationPolicy: void setAndroidMarketState(com.samsung.android.knox.ContextInfo,boolean)>",early_return,[invoke] com.android.server.enterprise.application.ApplicationPolicy. → [reassigned] v0 overwritten,107
com.google.android.gsf.login,services,com.android.server.enterprise.application.ApplicationPolicy,"<com.android.server.enterprise.application.ApplicationPolicy: void setAndroidMarketState(com.samsung.android.knox.ContextInfo,boolean)>",early_return,[invoke] com.android.server.enterprise.application.ApplicationPolicy. → [reassigned] v0 overwritten,107
com.google.android.setupwizard,services,com.android.server.enterprise.application.ApplicationPolicy,"<com.android.server.enterprise.application.ApplicationPolicy: void setAndroidMarketState(com.samsung.android.knox.ContextInfo,boolean)>",early_return,[invoke] com.android.server.enterprise.application.ApplicationPolicy. → [reassigned] v0 overwritten,107
com.google.android.gsf,services,com.android.server.enterprise.application.ApplicationPolicy,"<com.android.server.enterprise.application.ApplicationPolicy: void setAndroidMarketState(com.samsung.android.knox.ContextInfo,boolean)>",early_return,[invoke] com.android.server.enterprise.application.ApplicationPolicy.,107
com.android.systemui,services,com.android.server.enterprise.application.ApplicationPolicy,"<com.android.server.enterprise.application.ApplicationPolicy: boolean setApplicationState(com.samsung.android.knox.ContextInfo,java.lang.String,boolean)>",string_compare;early_return,"[invoke] java.lang.String.equals() → [other] move-result p1 → [branch] if-eqz p1, :cond_60 → [reassigned] p1 overwritten",455
com.samsung.knox.securefolder,services,com.android.server.enterprise.application.ApplicationIconDb,<com.android.server.enterprise.application.ApplicationIconDb: void updateSecureFolderCustomizedInfo(android.database.sqlite.SQLiteDatabase)>,early_return,"[invoke] android.content.pm.PackageManager.getPackageUid() → [other] new-instance v0, Ljava/lang/StringBuilder; → [invoke] java.lang.StringBuilder.<init>() → [invoke] java.lang.StringBuilder.append() → [invoke] java.lang.StringBuilder.append()",88
com.samsung.android.focus,services,com.android.server.enterprise.email.ExchangeAccountPolicy,"<com.android.server.enterprise.email.ExchangeAccountPolicy: long addNewAccount_ex(com.samsung.android.knox.ContextInfo,java.lang.String,java.lang.String,java.lang.String,java.lang.String,int,int,boolean,java.lang.String,java.lang.String,java.lang.String,boolean,boolean,java.lang.String,boolean,boolean,boolean,java.lang.String,java.lang.String,int,int,int,int,int,int,int,boolean,int,int,byte[],java.lang.String)>",,"[invoke] com.android.server.enterprise.email.SettingsUtils.isPackageI → [other] move-object/from16 p3, v15 → [reassigned] v15 overwritten",576
com.samsung.android.focus,services,com.android.server.enterprise.email.ExchangeAccountPolicy,"<com.android.server.enterprise.email.ExchangeAccountPolicy: long addNewAccount_new(com.samsung.android.knox.ContextInfo,com.samsung.android.knox.accounts.ExchangeAccount)>",,"[invoke] com.android.server.enterprise.email.SettingsUtils.isPackageI → [other] move-object/from16 p1, v14 → [reassigned] v14 overwritten",767
com.android.contacts,services,com.android.server.enterprise.email.ExchangeAccountPolicy,"<com.android.server.enterprise.email.ExchangeAccountPolicy: com.samsung.android.knox.accounts.Account fillInExchangeAccountData(int,com.android.server.enterprise.email.AccountMetaData,int)>",,"[invoke] android.content.ContentResolver.getSyncAutomaticallyAsUser() → [other] move-result p1 → [other] iput-boolean p1, v0, Lcom/samsung/android/knox/accounts/Acco → [reassigned] p1 overwritten",445
com.android.calendar,services,com.android.server.enterprise.email.ExchangeAccountPolicy,"<com.android.server.enterprise.email.ExchangeAccountPolicy: com.samsung.android.knox.accounts.Account fillInExchangeAccountData(int,com.android.server.enterprise.email.AccountMetaData,int)>",,"[invoke] android.content.ContentResolver.getSyncAutomaticallyAsUser() → [other] move-result p1 → [other] iput-boolean p1, v0, Lcom/samsung/android/knox/accounts/Acco → [other] const-string/jumbo p1, ""tasks"" → [invoke] android.content.ContentResolver.getSyncAutomaticallyAsUser()",445
com.samsung.android.focus,services,com.android.server.enterprise.email.ExchangeAccountPolicy,"<com.android.server.enterprise.email.ExchangeAccountPolicy: java.lang.String getAccountEmailPassword(com.samsung.android.knox.ContextInfo,long)>",string_compare,[invoke] java.lang.String.equals(),107
com.samsung.android.email.provider,services,com.android.server.enterprise.email.SettingsUtils,<com.android.server.enterprise.email.SettingsUtils: java.lang.String getEasPackageName(int)>,,[other] return-object p0,7
com.samsung.android.email.provider,services,com.android.server.enterprise.email.SettingsUtils,<com.android.server.enterprise.email.SettingsUtils: java.lang.String getEmailPackageName(int)>,,[other] return-object p0,7
com.android.chrome,services,com.android.server.enterprise.auditlog.AuditLogService,"<com.android.server.enterprise.auditlog.AuditLogService: boolean checkAuditLogEnforce(java.lang.String,java.lang.String)>",string_compare;early_return,"[invoke] java.lang.String.equals() → [other] move-result p1 → [branch] if-nez p1, :cond_55 → [other] new-instance p1, Ljava/lang/StringBuilder; → [invoke] java.lang.StringBuilder.<init>()",131
com.sec.enterprise.knox.cloudmdm.smdms,services,com.android.server.enterprise.auditlog.AuditLogService,<com.android.server.enterprise.auditlog.AuditLogService: java.lang.String getAdminPackageNameForUid(int)>,,"[other] return-object p0 → [other] iget-object v0, p0, Lcom/android/server/enterprise/auditlog/ → [other] iget-object p0, p0, Lcom/android/server/enterprise/auditlog/ → [invoke] android.content.Context.getPackageManager() → [reassigned] p0 overwritten",49
com.android.bluetoothmidiservice,services,com.android.server.midi.MidiService,<com.android.server.midi.MidiService: void onUnlockUser()>,early_return,[invoke] android.content.pm.PackageManager.getPackageInfo(),100
com.android.bluetoothmidiservice,services,com.android.server.midi.MidiService$Device,<com.android.server.midi.MidiService$Device: void addDeviceConnection(com.android.server.midi.MidiService$DeviceConnection)>,early_return,"[invoke] android.content.ComponentName.<init>() → [other] iget-object v3, p0, Lcom/android/server/midi/MidiService$Dev → [other] iget-object v4, v3, Landroid/content/pm/ServiceInfo;->packag → [other] iget-object v3, v3, Landroid/content/pm/ServiceInfo;->name:L → [invoke] android.content.ComponentName.<init>()",227
com.samsung.android.inputshare,services,com.android.server.multicontrol.MultiControlManagerService$MultiControlAppDeathChecker,<com.android.server.multicontrol.MultiControlManagerService$MultiControlAppDeathChecker: void resetMultiControlValue()>,early_return,[invoke] android.content.Intent.setPackage() → [reassigned] v2 overwritten,93
com.samsung.android.mcfds,services,com.android.server.input.WirelessKeyboardMouseShare,<com.android.server.input.WirelessKeyboardMouseShare: void sendReadyToConnectIntent()>,early_return,"[invoke] android.content.Intent.setPackage() → [other] const-string/jumbo v4, ""ready"" → [invoke] android.content.Intent.putExtra() → [other] const-string/jumbo v4, ""hostlist"" → [invoke] android.content.Intent.putExtra()",194
com.snapchat.android,services,com.android.server.input.InputManagerService,<com.android.server.input.InputManagerService: void <clinit>()>,early_return;system_property_read,"[other] filled-new-array {v0}, [Ljava/lang/String; → [reassigned] v0 overwritten",94
com.samsung.android.spay,services,com.android.server.input.InputManagerService,<com.android.server.input.InputManagerService: boolean isSpayFullAppInstalled()>,early_return,[invoke] android.content.pm.PackageManager.getApplicationInfo() → [reassigned] v1 overwritten,42
com.samsung.android.game.gametools,services,com.android.server.input.InputManagerService,"<com.android.server.input.InputManagerService: void startGameToolsService(int,int)>",early_return,[invoke] android.content.Intent.setPackage() → [reassigned] v1 overwritten,66
com.android.inputdevices,services,com.android.server.input.InputManagerService,"<com.android.server.input.InputManagerService: void visitKeyboardLayoutsInPackage(android.content.pm.PackageManager,android.content.pm.ActivityInfo,java.lang.String,int,com.android.server.input.InputManagerService$KeyboardLayoutVisitor)>",string_compare;early_return,[invoke] android.content.res.Resources.getIdentifier() → [other] move-result v10 → [invoke] android.content.res.Resources.getString() → [reassigned] v10 overwritten,527
com.samsung.android.providers.context,services,com.android.server.input.InputKeyCounter,"<com.android.server.input.InputKeyCounter: void sendBroadcastKeyCountInternal(android.content.Context,android.util.ArrayMap)>",early_return,[invoke] android.content.Intent.setPackage(),188
com.samsung.android.messaging,services,com.android.server.notification.NotificationReminder,<com.android.server.notification.NotificationReminder: java.lang.String getCallAndMsgPackage(android.content.Context)>,,[invoke] java.util.List.add() → [reassigned] v0 overwritten,140
com.samsung.android.dialer,services,com.android.server.notification.NotificationReminder,<com.android.server.notification.NotificationReminder: java.lang.String getCallAndMsgPackage(android.content.Context)>,,[invoke] java.util.List.add() → [reassigned] v0 overwritten,140
com.android.settings,services,com.android.server.notification.ZenModeHelper,<com.android.server.notification.ZenModeHelper: java.util.ArrayList getAppsToBypassDndForEnabledLifeStyle()>,string_compare,[invoke] java.lang.String.equals(),99
com.android.settings,services,com.android.server.notification.ZenModeHelper,"<com.android.server.notification.ZenModeHelper: void readXml(android.util.TypedXmlPullParser,boolean,int)>",string_compare;early_return,"[invoke] java.lang.String.equals() → [other] move-result v6 → [branch] if-eqz v6, :cond_6e → [other] iget-object v6, v5, Landroid/service/notification/ZenModeCon → [invoke] android.service.notification.ZenModeConfig.isValidScheduleCo",501
com.android.systemui,services,com.android.server.notification.NotificationComparator,<com.android.server.notification.NotificationComparator: boolean isSystemMax(com.android.server.notification.NotificationRecord)>,string_compare;early_return,[invoke] java.lang.String.equals(),54
com.sec.factory,services,com.android.server.notification.NotificationManagerService$12,"<com.android.server.notification.NotificationManagerService$12: boolean dispatchDelayedWakelockAndBlocked(int,java.lang.String,java.lang.String,int)>",string_compare;early_return,"[invoke] java.lang.String.equals() → [other] move-result v0 → [branch] if-eqz v0, :cond_29 → [reassigned] v0 overwritten",402
com.android.providers.downloads,services,com.android.server.notification.NotificationManagerService$EnqueueNotificationRunnable,<com.android.server.notification.NotificationManagerService$EnqueueNotificationRunnable: void run()>,string_compare;early_return,"[invoke] java.lang.String.equals() → [other] move-result v1 → [branch] if-eqz v1, :cond_1b8 → [reassigned] v1 overwritten",691
com.samsung.android.service.peoplestripe,services,com.android.server.notification.NotificationManagerService,<com.android.server.notification.NotificationManagerService: void <clinit>()>,early_return;system_property_read,[invoke] android.content.ComponentName.<init>(),171
com.samsung.android.pushservice,services,com.android.server.notification.NotificationManagerService,"<com.android.server.notification.NotificationManagerService: boolean checkCallerIsPushService(java.lang.String,java.lang.String)>",string_compare;early_return,"[invoke] java.lang.String.equals() → [other] move-result p0 → [branch] if-eqz p0, :cond_18 → [other] move-result p0 → [branch] if-nez p0, :cond_18",36
com.samsung.android.rubin.app,services,com.android.server.notification.NotificationManagerService,<com.android.server.notification.NotificationManagerService: boolean isRuneStoneSupported()>,early_return,[invoke] com.android.server.notification.sec.runestone.RunestoneSuppo → [invoke] com.android.server.notification.sec.runestone.RunestoneSuppo,40
com.samsung.android.messaging,services,com.android.server.notification.PreferencesHelper,"<com.android.server.notification.PreferencesHelper: void <init>(android.content.Context,android.content.pm.PackageManager,com.android.server.notification.RankingHandler,com.android.server.notification.ZenModeHelper,com.android.server.notification.PermissionHelper,com.android.server.notification.NotificationChannelLogger,android.app.AppOpsManager,com.android.server.notification.SysUiStatsEvent$BuilderFactory,boolean)>",early_return;system_property_read,"[other] filled-new-array/range {v3 .. v28}, [Ljava/lang/String;",217
com.verizon.messaging.vzmsgs,services,com.android.server.notification.PreferencesHelper,"<com.android.server.notification.PreferencesHelper: void <init>(android.content.Context,android.content.pm.PackageManager,com.android.server.notification.RankingHandler,com.android.server.notification.ZenModeHelper,com.android.server.notification.PermissionHelper,com.android.server.notification.NotificationChannelLogger,android.app.AppOpsManager,com.android.server.notification.SysUiStatsEvent$BuilderFactory,boolean)>",early_return;system_property_read,,217
com.kakao.talk,services,com.android.server.notification.PreferencesHelper,"<com.android.server.notification.PreferencesHelper: void <init>(android.content.Context,android.content.pm.PackageManager,com.android.server.notification.RankingHandler,com.android.server.notification.ZenModeHelper,com.android.server.notification.PermissionHelper,com.android.server.notification.NotificationChannelLogger,android.app.AppOpsManager,com.android.server.notification.SysUiStatsEvent$BuilderFactory,boolean)>",early_return;system_property_read,,217
jp.naver.line.android,services,com.android.server.notification.PreferencesHelper,"<com.android.server.notification.PreferencesHelper: void <init>(android.content.Context,android.content.pm.PackageManager,com.android.server.notification.RankingHandler,com.android.server.notification.ZenModeHelper,com.android.server.notification.PermissionHelper,com.android.server.notification.NotificationChannelLogger,android.app.AppOpsManager,com.android.server.notification.SysUiStatsEvent$BuilderFactory,boolean)>",early_return;system_property_read,,217
com.samsung.knox.message,services,com.android.server.notification.PreferencesHelper,"<com.android.server.notification.PreferencesHelper: void <init>(android.content.Context,android.content.pm.PackageManager,com.android.server.notification.RankingHandler,com.android.server.notification.ZenModeHelper,com.android.server.notification.PermissionHelper,com.android.server.notification.NotificationChannelLogger,android.app.AppOpsManager,com.android.server.notification.SysUiStatsEvent$BuilderFactory,boolean)>",early_return;system_property_read,,217
com.google.android.talk,services,com.android.server.notification.PreferencesHelper,"<com.android.server.notification.PreferencesHelper: void <init>(android.content.Context,android.content.pm.PackageManager,com.android.server.notification.RankingHandler,com.android.server.notification.ZenModeHelper,com.android.server.notification.PermissionHelper,com.android.server.notification.NotificationChannelLogger,android.app.AppOpsManager,com.android.server.notification.SysUiStatsEvent$BuilderFactory,boolean)>",early_return;system_property_read,,217
com.sgiggle.production,services,com.android.server.notification.PreferencesHelper,"<com.android.server.notification.PreferencesHelper: void <init>(android.content.Context,android.content.pm.PackageManager,com.android.server.notification.RankingHandler,com.android.server.notification.ZenModeHelper,com.android.server.notification.PermissionHelper,com.android.server.notification.NotificationChannelLogger,android.app.AppOpsManager,com.android.server.notification.SysUiStatsEvent$BuilderFactory,boolean)>",early_return;system_property_read,,217
com.bsb.hike,services,com.android.server.notification.PreferencesHelper,"<com.android.server.notification.PreferencesHelper: void <init>(android.content.Context,android.content.pm.PackageManager,com.android.server.notification.RankingHandler,com.android.server.notification.ZenModeHelper,com.android.server.notification.PermissionHelper,com.android.server.notification.NotificationChannelLogger,android.app.AppOpsManager,com.android.server.notification.SysUiStatsEvent$BuilderFactory,boolean)>",early_return;system_property_read,,217
com.viber.voip,services,com.android.server.notification.PreferencesHelper,"<com.android.server.notification.PreferencesHelper: void <init>(android.content.Context,android.content.pm.PackageManager,com.android.server.notification.RankingHandler,com.android.server.notification.ZenModeHelper,com.android.server.notification.PermissionHelper,com.android.server.notification.NotificationChannelLogger,android.app.AppOpsManager,com.android.server.notification.SysUiStatsEvent$BuilderFactory,boolean)>",early_return;system_property_read,,217
com.tencent.mm,services,com.android.server.notification.PreferencesHelper,"<com.android.server.notification.PreferencesHelper: void <init>(android.content.Context,android.content.pm.PackageManager,com.android.server.notification.RankingHandler,com.android.server.notification.ZenModeHelper,com.android.server.notification.PermissionHelper,com.android.server.notification.NotificationChannelLogger,android.app.AppOpsManager,com.android.server.notification.SysUiStatsEvent$BuilderFactory,boolean)>",early_return;system_property_read,,217
org.telegram.messenger,services,com.android.server.notification.PreferencesHelper,"<com.android.server.notification.PreferencesHelper: void <init>(android.content.Context,android.content.pm.PackageManager,com.android.server.notification.RankingHandler,com.android.server.notification.ZenModeHelper,com.android.server.notification.PermissionHelper,com.android.server.notification.NotificationChannelLogger,android.app.AppOpsManager,com.android.server.notification.SysUiStatsEvent$BuilderFactory,boolean)>",early_return;system_property_read,,217
com.skype.raider,services,com.android.server.notification.PreferencesHelper,"<com.android.server.notification.PreferencesHelper: void <init>(android.content.Context,android.content.pm.PackageManager,com.android.server.notification.RankingHandler,com.android.server.notification.ZenModeHelper,com.android.server.notification.PermissionHelper,com.android.server.notification.NotificationChannelLogger,android.app.AppOpsManager,com.android.server.notification.SysUiStatsEvent$BuilderFactory,boolean)>",early_return;system_property_read,,217
com.facebook.orca,services,com.android.server.notification.PreferencesHelper,"<com.android.server.notification.PreferencesHelper: void <init>(android.content.Context,android.content.pm.PackageManager,com.android.server.notification.RankingHandler,com.android.server.notification.ZenModeHelper,com.android.server.notification.PermissionHelper,com.android.server.notification.NotificationChannelLogger,android.app.AppOpsManager,com.android.server.notification.SysUiStatsEvent$BuilderFactory,boolean)>",early_return;system_property_read,,217
com.zing.zalo,services,com.android.server.notification.PreferencesHelper,"<com.android.server.notification.PreferencesHelper: void <init>(android.content.Context,android.content.pm.PackageManager,com.android.server.notification.RankingHandler,com.android.server.notification.ZenModeHelper,com.android.server.notification.PermissionHelper,com.android.server.notification.NotificationChannelLogger,android.app.AppOpsManager,com.android.server.notification.SysUiStatsEvent$BuilderFactory,boolean)>",early_return;system_property_read,,217
com.google.android.apps.tachyon,services,com.android.server.notification.PreferencesHelper,"<com.android.server.notification.PreferencesHelper: void <init>(android.content.Context,android.content.pm.PackageManager,com.android.server.notification.RankingHandler,com.android.server.notification.ZenModeHelper,com.android.server.notification.PermissionHelper,com.android.server.notification.NotificationChannelLogger,android.app.AppOpsManager,com.android.server.notification.SysUiStatsEvent$BuilderFactory,boolean)>",early_return;system_property_read,,217
com.snapchat.android,services,com.android.server.notification.PreferencesHelper,"<com.android.server.notification.PreferencesHelper: void <init>(android.content.Context,android.content.pm.PackageManager,com.android.server.notification.RankingHandler,com.android.server.notification.ZenModeHelper,com.android.server.notification.PermissionHelper,com.android.server.notification.NotificationChannelLogger,android.app.AppOpsManager,com.android.server.notification.SysUiStatsEvent$BuilderFactory,boolean)>",early_return;system_property_read,,217
com.skt.prod.dialer,services,com.android.server.notification.PreferencesHelper,"<com.android.server.notification.PreferencesHelper: void <init>(android.content.Context,android.content.pm.PackageManager,com.android.server.notification.RankingHandler,com.android.server.notification.ZenModeHelper,com.android.server.notification.PermissionHelper,com.android.server.notification.NotificationChannelLogger,android.app.AppOpsManager,com.android.server.notification.SysUiStatsEvent$BuilderFactory,boolean)>",early_return;system_property_read,,217
com.google.android.apps.messaging,services,com.android.server.notification.PreferencesHelper,"<com.android.server.notification.PreferencesHelper: void <init>(android.content.Context,android.content.pm.PackageManager,com.android.server.notification.RankingHandler,com.android.server.notification.ZenModeHelper,com.android.server.notification.PermissionHelper,com.android.server.notification.NotificationChannelLogger,android.app.AppOpsManager,com.android.server.notification.SysUiStatsEvent$BuilderFactory,boolean)>",early_return;system_property_read,,217
com.sds.teams,services,com.android.server.notification.PreferencesHelper,"<com.android.server.notification.PreferencesHelper: void <init>(android.content.Context,android.content.pm.PackageManager,com.android.server.notification.RankingHandler,com.android.server.notification.ZenModeHelper,com.android.server.notification.PermissionHelper,com.android.server.notification.NotificationChannelLogger,android.app.AppOpsManager,com.android.server.notification.SysUiStatsEvent$BuilderFactory,boolean)>",early_return;system_property_read,,217
com.google.android.apps.dynamite,services,com.android.server.notification.PreferencesHelper,"<com.android.server.notification.PreferencesHelper: void <init>(android.content.Context,android.content.pm.PackageManager,com.android.server.notification.RankingHandler,com.android.server.notification.ZenModeHelper,com.android.server.notification.PermissionHelper,com.android.server.notification.NotificationChannelLogger,android.app.AppOpsManager,com.android.server.notification.SysUiStatsEvent$BuilderFactory,boolean)>",early_return;system_property_read,"[other] filled-new-array/range {v3 .. v28}, [Ljava/lang/String;",217
com.sec.android.easyMover,services,com.android.server.notification.PermissionHelper,"<com.android.server.notification.PermissionHelper: void setNotificationPermission(java.lang.String,int,boolean,boolean,boolean)>",string_compare;early_return,"[invoke] java.lang.String.equals() → [other] move-result v0 → [branch] if-eqz v0, :cond_32 → [other] iget-object v0, v1, Lcom/android/server/notification/Permiss → [invoke] android.content.pm.IPackageManager.getPackageUid()",338
com.android.systemui,services,com.android.server.notification.edgelighting.EdgeLightingClientManager$1,<com.android.server.notification.edgelighting.EdgeLightingClientManager$1: void handleMessage(android.os.Message)>,early_return,"[invoke] android.content.Intent.setClassName() → [other] iget-object v2, p1, Landroid/util/Pair;->first:Ljava/lang/Ob → [other] check-cast v2, Ljava/lang/String; → [invoke] android.content.Intent.putExtra() → [other] iget-object v2, p1, Landroid/util/Pair;->second:Ljava/lang/O",105
com.android.systemui,services,com.android.server.notification.edgelighting.EdgeLightingClientManager,<com.android.server.notification.edgelighting.EdgeLightingClientManager: void createEdgeLightingService(android.os.UserHandle)>,early_return,[invoke] android.content.Intent.setClassName(),40
com.android.systemui,services,com.android.server.notification.edgelighting.EdgeLightingClientManager,"<com.android.server.notification.edgelighting.EdgeLightingClientManager: void startTurnOverLighting(java.lang.String,int,com.samsung.android.edge.SemEdgeLightingInfo)>",early_return,"[invoke] android.content.Intent.setClassName() → [other] const-string/jumbo v1, ""packageName"" → [invoke] android.content.Intent.putExtra()",57
com.android.systemui,services,com.android.server.notification.edgelighting.EdgeLightingClientManager$EdgeLightingSettingObserver,"<com.android.server.notification.edgelighting.EdgeLightingClientManager$EdgeLightingSettingObserver: void onChange(boolean,android.net.Uri)>",early_return,"[invoke] android.content.Intent.setClassName() → [other] iget-object v3, p0, Lcom/android/server/notification/edgelig → [invoke] com.android.server.notification.edgelighting.EdgeLightingCli → [reassigned] v3 overwritten",216
com.android.systemui,services,com.android.server.notification.edgelighting.EdgeLightingClientManager$EdgeLightingHost,<com.android.server.notification.edgelighting.EdgeLightingClientManager$EdgeLightingHost: void startEdgeLightingService(java.lang.String)>,string_compare;early_return,[invoke] java.lang.String.equals() → [reassigned] v0 overwritten,47
com.sec.location.nsflp2,services,com.android.server.location.nsflp.NSLocationMonitor,<com.android.server.location.nsflp.NSLocationMonitor: void onSystemReady()>,early_return,"[invoke] android.content.ComponentName.<init>() → [other] iget-object v1, p0, Lcom/android/server/location/nsflp/NSLoc → [invoke] android.content.Context.bindService() → [reassigned] v1 overwritten",142
com.sec.location.nfwlocationprivacy,services,com.android.server.location.gnss.GnssVisibilityControl,<com.android.server.location.gnss.GnssVisibilityControl: void setNfwLocationAccessProxyAppsInGnssHal(java.lang.String[])>,early_return,"[other] filled-new-array {v3}, [Ljava/lang/String; → [other] filled-new-array {v3}, [Ljava/lang/String;",122
com.android.angryGps,services,com.android.server.location.gnss.sec.GnssConstants,<com.android.server.location.gnss.sec.GnssConstants: void <clinit>()>,early_return,"[other] filled-new-array/range {v0 .. v15}, [Ljava/lang/String; → [reassigned] v0 overwritten",59
com.android.shell,services,com.android.server.location.gnss.sec.GnssConstants,<com.android.server.location.gnss.sec.GnssConstants: void <clinit>()>,early_return,,59
com.samsung.android.app.notes,services,com.android.server.samsungnotes.SamsungNotesService,<com.android.server.samsungnotes.SamsungNotesService: void <init>(android.content.Context)>,early_return,[invoke] android.content.IntentFilter.addDataSchemeSpecificPart() → [reassigned] v0 overwritten,53
com.samsung.android.app.notes,services,com.android.server.samsungnotes.SamsungNotesService,<com.android.server.samsungnotes.SamsungNotesService: void backgroundAllowlist(android.content.Context)>,early_return,[invoke] android.content.pm.PackageManager.getApplicationInfo() → [reassigned] v1 overwritten,90
com.android.shell,services,com.android.server.om.OverlayManagerShellCommand,<com.android.server.om.OverlayManagerShellCommand: int runFabricate()>,string_compare;early_return,[invoke] android.content.om.FabricatedOverlay$Builder.<init>(),355
com.android.contacts,services,com.android.server.om.SemSamsungThemeUtils,<com.android.server.om.SemSamsungThemeUtils: java.util.HashMap getChangedPackageNames()>,string_compare,[invoke] com.android.server.om.SemSamsungThemeUtils.getReplaceablePac → [invoke] java.lang.String.equals() → [invoke] java.util.HashMap.put() → [reassigned] v1 overwritten,99
com.android.mms,services,com.android.server.om.SemSamsungThemeUtils,<com.android.server.om.SemSamsungThemeUtils: java.util.HashMap getChangedPackageNames()>,string_compare,[invoke] com.android.server.om.SemSamsungThemeUtils.getReplaceablePac → [invoke] java.lang.String.equals() → [invoke] java.util.HashMap.put() → [reassigned] v1 overwritten,99
com.android.incallui,services,com.android.server.om.SemSamsungThemeUtils,<com.android.server.om.SemSamsungThemeUtils: java.util.HashMap getChangedPackageNames()>,string_compare,[invoke] com.android.server.om.SemSamsungThemeUtils.getReplaceablePac → [invoke] java.lang.String.equals() → [invoke] java.util.HashMap.put() → [reassigned] v1 overwritten,99
com.android.calendar,services,com.android.server.om.SemSamsungThemeUtils,<com.android.server.om.SemSamsungThemeUtils: java.util.HashMap getChangedPackageNames()>,string_compare,[invoke] com.android.server.om.SemSamsungThemeUtils.getReplaceablePac → [invoke] java.lang.String.equals() → [invoke] java.util.HashMap.put(),99
com.android.incallui,services,com.android.server.om.SemSamsungThemeUtils,<com.android.server.om.SemSamsungThemeUtils: java.lang.String getReplaceablePackageName(java.lang.String)>,string_compare,[invoke] java.lang.String.equals() → [invoke] com.samsung.android.feature.SemFloatingFeature.getString() → [reassigned] v1 overwritten,194
com.android.calendar,services,com.android.server.om.SemSamsungThemeUtils,<com.android.server.om.SemSamsungThemeUtils: java.lang.String getReplaceablePackageName(java.lang.String)>,string_compare,[invoke] java.lang.String.equals() → [reassigned] v2 overwritten,194
com.android.mms,services,com.android.server.om.SemSamsungThemeUtils,<com.android.server.om.SemSamsungThemeUtils: java.lang.String getReplaceablePackageName(java.lang.String)>,string_compare,[invoke] java.lang.String.equals() → [invoke] com.samsung.android.feature.SemFloatingFeature.getString(),194
com.android.contacts,services,com.android.server.om.SemSamsungThemeUtils,<com.android.server.om.SemSamsungThemeUtils: java.lang.String getReplaceablePackageName(java.lang.String)>,string_compare,[invoke] java.lang.String.equals() → [invoke] com.samsung.android.feature.SemFloatingFeature.getString() → [invoke] java.lang.String.equals(),194
com.android.theme.color.cinnamon,services,com.android.server.om.OverlayManagerService,<com.android.server.om.OverlayManagerService: void <init>(android.content.Context)>,early_return,"[other] filled-new-array/range {v7 .. v18}, [Ljava/lang/String; → [reassigned] v7 overwritten",923
com.android.theme.color.black,services,com.android.server.om.OverlayManagerService,<com.android.server.om.OverlayManagerService: void <init>(android.content.Context)>,early_return,[invoke] android.os.Trace.traceBegin() → [reassigned] v8 overwritten,923
com.android.theme.color.green,services,com.android.server.om.OverlayManagerService,<com.android.server.om.OverlayManagerService: void <init>(android.content.Context)>,early_return,"[other] new-instance v9, Ljava/io/File; → [invoke] java.io.File.<init>() → [invoke] android.util.AtomicFile.<init>() → [reassigned] v9 overwritten",923
com.android.theme.color.ocean,services,com.android.server.om.OverlayManagerService,<com.android.server.om.OverlayManagerService: void <init>(android.content.Context)>,early_return,[reassigned] v10 overwritten,923
com.android.theme.color.space,services,com.android.server.om.OverlayManagerService,<com.android.server.om.OverlayManagerService: void <init>(android.content.Context)>,early_return,"[other] const-string/jumbo v11, ""overlays.xml"" → [invoke] java.io.File.<init>() → [reassigned] v11 overwritten",923
com.android.theme.color.orchid,services,com.android.server.om.OverlayManagerService,<com.android.server.om.OverlayManagerService: void <init>(android.content.Context)>,early_return,[reassigned] v12 overwritten,923
com.android.theme.color.purple,services,com.android.server.om.OverlayManagerService,<com.android.server.om.OverlayManagerService: void <init>(android.content.Context)>,early_return,"[other] new-instance v13, Lcom/android/server/om/IdmapManager; → [invoke] com.android.server.om.IdmapManager.<init>() → [other] new-instance v13, Landroid/content/IntentFilter; → [invoke] android.content.IntentFilter.<init>() → [invoke] android.content.IntentFilter.addAction()",923
com.android.theme.font.notoserifsource,services,com.android.server.om.OverlayManagerService,<com.android.server.om.OverlayManagerService: void <init>(android.content.Context)>,early_return,"[other] new-instance v14, Lcom/android/server/om/OverlayManagerServi → [invoke] com.android.server.om.OverlayManagerService$SamsungOverlayCh → [other] move-object v8, v14 → [reassigned] v14 overwritten",923
com.android.theme.icon.teardrop,services,com.android.server.om.OverlayManagerService,<com.android.server.om.OverlayManagerService: void <init>(android.content.Context)>,early_return,[reassigned] v16 overwritten,923
com.android.theme.icon.squircle,services,com.android.server.om.OverlayManagerService,<com.android.server.om.OverlayManagerService: void <init>(android.content.Context)>,early_return,"[other] move-object/from16 v17, v8 → [invoke] com.android.server.om.OverlayManagerServiceImpl.<init>()",923
com.android.theme.icon.roundedrect,services,com.android.server.om.OverlayManagerService,<com.android.server.om.OverlayManagerService: void <init>(android.content.Context)>,early_return,"[other] filled-new-array/range {v7 .. v18}, [Ljava/lang/String;",923
com.samsung.android.themecenter,services,com.android.server.om.OverlayManagerService,"<com.android.server.om.OverlayManagerService: void updateActivityManagerforSamsungOverlay(java.util.List,int,boolean,boolean,boolean)>",allowlist_check;string_compare;early_return,"[invoke] java.lang.String.equals() → [other] move-result v3 → [branch] if-nez v3, :cond_77 → [other] iget-object v3, p0, Lcom/android/server/om/OverlayManagerSer → [other] monitor-enter v3",374
com.samsung.android.themedesigner,services,com.android.server.om.OverlayManagerServiceImpl,"<com.android.server.om.OverlayManagerServiceImpl: boolean updateState(android.content.om.CriticalOverlayInfo,int,int,boolean,boolean)>",string_compare;early_return,"[invoke] java.lang.String.startsWith() → [other] const-string/jumbo v2, ""skip idmap creation for "" → [invoke] java.lang.StringBuilder.append() → [reassigned] v2 overwritten",607
com.sec.android.easyMover,services,com.android.server.logcat.LogcatManagerService,<com.android.server.logcat.LogcatManagerService: boolean isSmartSwitchApp(com.android.server.logcat.LogcatManagerService$LogAccessClient)>,string_compare;early_return,[invoke] java.lang.String.equals() → [invoke] android.content.pm.PackageManager.checkSignatures(),55
com.samsung.android.app.ledbackcover,services,com.android.server.ledcover.LedBackCoverService,<com.android.server.ledcover.LedBackCoverService: void <init>(android.content.Context)>,early_return,[invoke] android.content.IntentFilter.addDataSchemeSpecificPart() → [reassigned] v0 overwritten,53
com.samsung.android.app.ledbackcover,services,com.android.server.ledcover.LedBackCoverService,<com.android.server.ledcover.LedBackCoverService: void backgroundWhitelist(android.content.Context)>,early_return,[invoke] android.content.pm.PackageManager.getApplicationInfo() → [reassigned] v1 overwritten,90
com.samsung.android.mdx,services,com.android.server.remoteappmode.RFCommServiceLauncher,<com.android.server.remoteappmode.RFCommServiceLauncher: void bindService(android.content.Context)>,early_return,[invoke] android.content.ComponentName.<init>(),81
com.samsung.android.mdx,services,com.android.server.remoteappmode.RFCommServiceLauncher,"<com.android.server.remoteappmode.RFCommServiceLauncher: void sendBroadcast(android.content.Context,android.content.Intent)>",string_compare;early_return,"[invoke] java.lang.String.equals() → [other] iget-object v2, v0, Landroid/content/pm/ActivityInfo;->packa → [invoke] android.content.ComponentName.<init>()",69
com.android.printspooler,services,com.android.server.print.RemotePrintSpooler,"<com.android.server.print.RemotePrintSpooler: void <init>(android.content.Context,int,boolean,com.android.server.print.RemotePrintSpooler$PrintSpoolerCallbacks)>",early_return,[invoke] android.content.ComponentName.<init>(),114
com.android.printspooler,services,com.android.server.print.PrintManagerService$PrintManagerImpl,"<com.android.server.print.PrintManagerService$PrintManagerImpl: void setPrintServiceEnabled(android.content.ComponentName,boolean,int)>",early_return,"[invoke] android.content.pm.PackageManager.getPackageUidAsUser() → [other] move-result v2 → [branch] if-eq v1, v2, :cond_46",144
com.google.android.packageinstaller,services,com.android.server.integrity.AppIntegrityManagerServiceImpl,<com.android.server.integrity.AppIntegrityManagerServiceImpl: void <clinit>()>,early_return,"[other] filled-new-array {v1, v2}, [Ljava/lang/String; → [reassigned] v1 overwritten",25
com.android.packageinstaller,services,com.android.server.integrity.AppIntegrityManagerServiceImpl,<com.android.server.integrity.AppIntegrityManagerServiceImpl: void <clinit>()>,early_return,"[other] filled-new-array {v1, v2}, [Ljava/lang/String;",25
com.sec.android.CcInfo,services,com.android.server.display.DisplayManagerService$3,"<com.android.server.display.DisplayManagerService$3: void onReceive(android.content.Context,android.content.Intent)>",string_compare;early_return,[invoke] android.content.ComponentName.<init>(),101
com.samsung.android.smartmirroring,services,com.android.server.display.WifiDisplayController$18,"<com.android.server.display.WifiDisplayController$18: void onReceive(android.content.Context,android.content.Intent)>",string_compare;early_return,[invoke] android.content.Intent.setPackage() → [invoke] android.content.Intent.setPackage(),347
com.samsung.android.smartmirroring,services,com.android.server.display.WifiDisplayMcfManager,<com.android.server.display.WifiDisplayMcfManager: void bindBleAdvertiserService()>,early_return,[invoke] android.content.Intent.setClassName() → [reassigned] v1 overwritten,63
com.samsung.adaptivebrightnessgo,services,com.android.server.display.AutomaticBrightnessController,<com.android.server.display.AutomaticBrightnessController: void setCameraSensorEnabled(boolean)>,early_return,[invoke] android.content.ComponentName.<init>(),67
com.google.android.apps.turbo,services,com.android.server.display.DisplayManagerService$BinderService,"<com.android.server.display.DisplayManagerService$BinderService: void setBackupBrightnessConfiguration(android.hardware.display.BrightnessConfiguration,int,java.lang.String)>",early_return,[invoke] android.content.pm.PackageManager.clearApplicationUserData(),204
com.samsung.android.smartmirroring,services,com.android.server.display.WifiDisplayAdapter$10,<com.android.server.display.WifiDisplayAdapter$10: void run()>,early_return,"[invoke] android.content.ComponentName.<init>() → [other] const-string/jumbo v2, ""package"" → [invoke] android.os.ServiceManager.getService() → [reassigned] v2 overwritten",56
com.samsung.android.brightnessbackupservice,services,com.android.server.display.AdaptiveBrightnessLongtermModelBuilder$PackageBroadcastReceiver,"<com.android.server.display.AdaptiveBrightnessLongtermModelBuilder$PackageBroadcastReceiver: void onReceive(android.content.Context,android.content.Intent)>",string_compare;early_return,[invoke] java.lang.String.equals(),76
com.android.settings,services,com.android.server.display.exynos.ExynosDisplaySolutionManagerService,"<com.android.server.display.exynos.ExynosDisplaySolutionManagerService: void setDisplayFeature(java.lang.String,int,int,java.lang.String)>",string_compare;early_return,[invoke] android.content.Intent.setPackage() → [reassigned] p4 overwritten,530
com.android.providers.settings,services,com.android.server.locksettings.LockSettingsStorage,"<com.android.server.locksettings.LockSettingsStorage: void setString(java.lang.String,java.lang.String,int)>",early_return,"[invoke] android.app.backup.BackupManager.dataChanged() → [other] sget-object p3, Lcom/android/server/locksettings/LockSetting → [invoke] com.android.internal.util.ArrayUtils.indexOf() → [other] move-result p3 → [other] if-ltz p3, :cond_49",82
com.sec.android.diagmonagent,services,com.android.server.locksettings.LockSettingsServiceLog,<com.android.server.locksettings.LockSettingsServiceLog: void sendToDiagmon(int)>,early_return,"[invoke] android.content.Intent.setPackage() → [other] iget-object p1, p0, Lcom/android/server/locksettings/LockSet → [invoke] android.content.Context.sendBroadcast() → [other] move-exception p1 → [invoke] android.util.Log.e()",432
com.android.systemui,services,com.android.server.knox.PersonaPolicyManagerService,<com.android.server.knox.PersonaPolicyManagerService: void enforceSystemServiceOrSystemUI(int)>,early_return,[invoke] android.content.pm.PackageManager.getPackageUid() → [reassigned] v1 overwritten,72
com.android.settings,services,com.android.server.knox.SeamLessSwitchHandler,"<com.android.server.knox.SeamLessSwitchHandler: void <init>(android.content.Context,com.android.server.pm.PackageManagerService,com.android.server.pm.PersonaManagerService)>",early_return,"[other] filled-new-array {v1}, [Ljava/lang/String; → [reassigned] v1 overwritten",142
com.sec.android.app.popupcalculator,services,com.android.server.knox.SeamLessSwitchHandler,<com.android.server.knox.SeamLessSwitchHandler: boolean isAllowedAppsInLockscreen(android.content.ComponentName)>,string_compare;early_return,[invoke] java.lang.String.equals(),48
com.sec.android.app.voicenote,services,com.android.server.knox.SeamLessSwitchHandler,<com.android.server.knox.SeamLessSwitchHandler: boolean isAllowedAppsInLockscreen(android.content.ComponentName)>,string_compare;early_return,[invoke] java.lang.String.equals(),48
com.samsung.knox.securefolder,services,com.android.server.knox.SeamLessSwitchHandler,"<com.android.server.knox.SeamLessSwitchHandler: boolean isPackageEnabled(java.lang.String,int)>",allowlist_check;string_compare;early_return,"[invoke] java.lang.String.equals() → [other] move-result v3 → [branch] if-eqz v3, :cond_13 → [other] iget-object v3, p0, Lcom/android/server/knox/SeamLessSwitchH → [invoke] java.util.List.contains()",107
com.android.settings,services,com.android.server.knox.SeamLessSwitchHandler,"<com.android.server.knox.SeamLessSwitchHandler: boolean isSettingsExceptionalCase(android.app.ActivityManager$RunningTaskInfo,android.content.ComponentName,int)>",string_compare;early_return,"[invoke] java.lang.String.equals() → [other] move-result p0 → [branch] if-eqz p0, :cond_3b → [reassigned] p0 overwritten",79
com.samsung.knox.securefolder,services,com.android.server.knox.SeamLessSwitchHandler,"<com.android.server.knox.SeamLessSwitchHandler: void launchFolderContainerOrHome(int,boolean)>",early_return,"[invoke] android.content.Intent.setClassName() → [field_store] com.android.server.knox.SeamLessSwitchHandler.packageExtraFo → [other] iget-object v1, p1, Landroid/content/pm/ResolveInfo;->activi → [other] iget-object v2, v1, Landroid/content/pm/ActivityInfo;->packa → [other] iget-object v1, v1, Landroid/content/pm/ActivityInfo;->name:",165
com.samsung.knox.securefolder,services,com.android.server.knox.SeamLessSwitchHandler,<com.android.server.knox.SeamLessSwitchHandler: void launchSecureFolderAppsAtLockscreen(android.content.ComponentName)>,early_return,[reassigned] v0 overwritten,251
com.sec.android.diagmonagent,services,com.android.server.knox.SeamLessSwitchHandler$1,<com.android.server.knox.SeamLessSwitchHandler$1: void run()>,early_return,"[invoke] android.content.Intent.setPackage() → [other] iget-object v1, p0, Lcom/android/server/knox/SeamLessSwitchH → [invoke] com.android.server.knox.SeamLessSwitchHandler.-$$Nest$fgetc( → [reassigned] v1 overwritten",123
com.samsung.android.knox.containercore,services,com.android.server.knox.ContainerDependencyWrapper,"<com.android.server.knox.ContainerDependencyWrapper: boolean deactivateKnoxCore(android.content.Context,int)>",early_return,[invoke] android.content.ComponentName.<init>() → [invoke] com.samsung.android.knox.IEnterpriseDeviceManager.setAdminRe,44
com.samsung.knox.securefolder,services,com.android.server.knox.ContainerDependencyWrapper,"<com.android.server.knox.ContainerDependencyWrapper: void deactivateSecureFolderAdmin(android.content.Context,android.content.ComponentName)>",early_return,[invoke] com.samsung.android.knox.IEnterpriseDeviceManager.setAdminRe,39
com.android.vending,services,com.android.server.knox.ContainerDependencyWrapper,"<com.android.server.knox.ContainerDependencyWrapper: void setApplicationBlackList(android.content.Context,java.util.List,int)>",string_compare;early_return,"[other] filled-new-array {v6, v7}, [Ljava/lang/String; → [reassigned] v6 overwritten",384
com.sec.android.app.samsungapps,services,com.android.server.knox.ContainerDependencyWrapper,"<com.android.server.knox.ContainerDependencyWrapper: void setApplicationBlackList(android.content.Context,java.util.List,int)>",string_compare;early_return,"[other] filled-new-array {v6, v7}, [Ljava/lang/String; → [other] move v7, v4 → [other] if-ge v7, v8, :cond_c7 → [invoke] java.util.List.get() → [invoke] java.util.List.get()",384
com.samsung.android.appseparation,services,com.android.server.knox.ContainerDependencyWrapper,"<com.android.server.knox.ContainerDependencyWrapper: void setOwnership(android.content.Context,int)>",early_return,[invoke] com.samsung.android.knox.container.ContainerCreationParams.s → [invoke] android.content.pm.PackageManager.getPackageUidAsUser() → [reassigned] v0 overwritten,110
com.android.settings,services,com.android.server.knox.dar.ddar.core.DualDarDoManagerImpl,<com.android.server.knox.dar.ddar.core.DualDarDoManagerImpl: void <init>(com.android.server.knox.dar.DarManagerService$Injector)>,early_return,"[other] filled-new-array/range {v1 .. v8}, [Ljava/lang/String; → [reassigned] v1 overwritten",47
com.google.android.gms,services,com.android.server.knox.dar.ddar.core.DualDarDoManagerImpl,<com.android.server.knox.dar.ddar.core.DualDarDoManagerImpl: void <init>(com.android.server.knox.dar.DarManagerService$Injector)>,early_return,,47
com.samsung.android.knox.containercore,services,com.android.server.knox.dar.ddar.core.DualDarDoManagerImpl,<com.android.server.knox.dar.ddar.core.DualDarDoManagerImpl: void <init>(com.android.server.knox.dar.DarManagerService$Injector)>,early_return,,47
com.samsung.android.knox.containeragent,services,com.android.server.knox.dar.ddar.core.DualDarDoManagerImpl,<com.android.server.knox.dar.ddar.core.DualDarDoManagerImpl: void <init>(com.android.server.knox.dar.DarManagerService$Injector)>,early_return,,47
com.google.android.providers.media.module,services,com.android.server.knox.dar.ddar.core.DualDarDoManagerImpl,<com.android.server.knox.dar.ddar.core.DualDarDoManagerImpl: void <init>(com.android.server.knox.dar.DarManagerService$Injector)>,early_return,,47
com.google.android.apps.work.clouddpc,services,com.android.server.knox.dar.ddar.core.DualDarDoManagerImpl,<com.android.server.knox.dar.ddar.core.DualDarDoManagerImpl: void <init>(com.android.server.knox.dar.DarManagerService$Injector)>,early_return,,47
com.samsung.sec.android.application.csc,services,com.android.server.knox.dar.ddar.core.DualDarDoManagerImpl,<com.android.server.knox.dar.ddar.core.DualDarDoManagerImpl: void <init>(com.android.server.knox.dar.DarManagerService$Injector)>,early_return,,47
com.google.android.webview,services,com.android.server.knox.dar.ddar.core.DualDarDoManagerImpl,<com.android.server.knox.dar.ddar.core.DualDarDoManagerImpl: void <init>(com.android.server.knox.dar.DarManagerService$Injector)>,early_return,"[other] filled-new-array/range {v1 .. v8}, [Ljava/lang/String;",47
com.samsung.android.knox.containercore,services,com.android.server.knox.dar.ddar.proxy.DualDARComnService,<com.android.server.knox.dar.ddar.proxy.DualDARComnService: void initDualDARAgentsIfRequired()>,early_return,[invoke] com.samsung.android.knox.dar.ddar.proxy.KnoxProxyManager.reg,30
com.samsung.android.email.provider,services,com.android.server.knox.dar.sdp.engine.SdpServiceKeeper,<com.android.server.knox.dar.sdp.engine.SdpServiceKeeper: void initWhitelist()>,early_return,[invoke] java.util.List.add() → [reassigned] v0 overwritten,26
com.samsung.android.spay,services,com.android.server.knox.dar.sdp.engine.SdpServiceKeeper,<com.android.server.knox.dar.sdp.engine.SdpServiceKeeper: void initWhitelist()>,early_return,[invoke] java.util.List.add() → [reassigned] v0 overwritten,26
com.sec.android.app.sbrowser,services,com.android.server.knox.dar.sdp.engine.SdpServiceKeeper,<com.android.server.knox.dar.sdp.engine.SdpServiceKeeper: void initWhitelist()>,early_return,[invoke] java.util.List.add(),26
com.android.shell,services,com.android.server.profcollect.ProfcollectForwardingService,<com.android.server.profcollect.ProfcollectForwardingService: void lambda$packProfileReport$3(android.content.Context)>,early_return,[invoke] android.content.Intent.setPackage() → [reassigned] v2 overwritten,108
com.samsung.android.emergency,services,com.android.server.policy.PhoneWindowManagerExt,<com.android.server.policy.PhoneWindowManagerExt: android.content.pm.ResolveInfo getTopEmergencySosResolveInfo(java.util.List)>,string_compare,[invoke] java.lang.String.equals(),84
com.samsung.android.game.gametools,services,com.android.server.policy.PhoneWindowManagerExt,<com.android.server.policy.PhoneWindowManagerExt: boolean isSupportedGameBooster()>,early_return,"[invoke] android.content.pm.PackageManager.getApplicationInfo() → [other] new-instance v2, Ljava/lang/StringBuilder; → [invoke] java.lang.StringBuilder.<init>() → [invoke] java.lang.StringBuilder.append() → [invoke] java.lang.StringBuilder.append()",64
com.samsung.android.game.gametools,services,com.android.server.policy.PhoneWindowManagerExt,<com.android.server.policy.PhoneWindowManagerExt: boolean isSupportedGameBoosterToggleMenu()>,early_return,[invoke] android.content.pm.PackageManager.getApplicationInfo() → [reassigned] v0 overwritten,71
com.samsung.android.game.gametools,services,com.android.server.policy.PhoneWindowManagerExt,"<com.android.server.policy.PhoneWindowManagerExt: void startGameControllerService(int,int)>",early_return,[invoke] android.content.Intent.setPackage() → [reassigned] v1 overwritten,48
com.samsung.android.game.gametools,services,com.android.server.policy.PhoneWindowManagerExt,<com.android.server.policy.PhoneWindowManagerExt: boolean toggleGameBoosterMenuIfPossible()>,early_return,"[invoke] android.content.Intent.setPackage() → [other] const-string/jumbo v1, ""package"" → [invoke] android.content.Intent.putExtra() → [other] iget-object v1, p0, Lcom/android/server/policy/PhoneWindowMa → [invoke] android.content.Context.sendBroadcastAsUser()",79
com.verizon.pushtotalkplus,services,com.android.server.policy.KeyCustomizationInfoManager,<com.android.server.policy.KeyCustomizationInfoManager: void <clinit>()>,early_return,"[other] filled-new-array {v0, v1, v2, v3}, [Ljava/lang/String; → [reassigned] v0 overwritten",55
com.att.eptt,services,com.android.server.policy.KeyCustomizationInfoManager,<com.android.server.policy.KeyCustomizationInfoManager: void <clinit>()>,early_return,"[other] filled-new-array {v0, v1, v2, v3}, [Ljava/lang/String;",55
com.sprint.sdcplus,services,com.android.server.policy.KeyCustomizationInfoManager,<com.android.server.policy.KeyCustomizationInfoManager: void <clinit>()>,early_return,"[other] filled-new-array {v0, v1, v2, v3}, [Ljava/lang/String;",55
com.bell.ptt,services,com.android.server.policy.KeyCustomizationInfoManager,<com.android.server.policy.KeyCustomizationInfoManager: void <clinit>()>,early_return,"[other] filled-new-array {v0, v1, v2, v3}, [Ljava/lang/String;",55
com.verizon.pushtotalkplus,services,com.android.server.policy.KeyCustomizationInfoManager,<com.android.server.policy.KeyCustomizationInfoManager: com.samsung.android.view.SemWindowManager$KeyCustomizationInfo getXCoverKeyB2BDeltaInfoFromSetting(int)>,string_compare,"[invoke] java.lang.String.equals() → [other] move-result v2 → [branch] if-nez v2, :cond_41 → [reassigned] v2 overwritten",202
com.att.eptt,services,com.android.server.policy.KeyCustomizationInfoManager,<com.android.server.policy.KeyCustomizationInfoManager: com.samsung.android.view.SemWindowManager$KeyCustomizationInfo getXCoverKeyB2BDeltaInfoFromSetting(int)>,string_compare,"[invoke] java.lang.String.equals() → [other] move-result v2 → [branch] if-nez v2, :cond_4c → [reassigned] v2 overwritten",202
com.sprint.sdcplus,services,com.android.server.policy.KeyCustomizationInfoManager,<com.android.server.policy.KeyCustomizationInfoManager: com.samsung.android.view.SemWindowManager$KeyCustomizationInfo getXCoverKeyB2BDeltaInfoFromSetting(int)>,string_compare,"[invoke] java.lang.String.equals() → [other] move-result v2 → [branch] if-nez v2, :cond_62 → [reassigned] v2 overwritten",202
com.bell.ptt,services,com.android.server.policy.KeyCustomizationInfoManager,<com.android.server.policy.KeyCustomizationInfoManager: com.samsung.android.view.SemWindowManager$KeyCustomizationInfo getXCoverKeyB2BDeltaInfoFromSetting(int)>,string_compare,"[invoke] java.lang.String.equals() → [other] move-result v2 → [branch] if-nez v2, :cond_6d",202
com.verizon.pushtotalkplus,services,com.android.server.policy.KeyCustomizationInfoManager,<com.android.server.policy.KeyCustomizationInfoManager: boolean isAvailablePtt(java.lang.String)>,string_compare;early_return,[invoke] java.lang.String.equals() → [reassigned] v2 overwritten,207
com.att.eptt,services,com.android.server.policy.KeyCustomizationInfoManager,<com.android.server.policy.KeyCustomizationInfoManager: boolean isAvailablePtt(java.lang.String)>,string_compare;early_return,[invoke] java.lang.String.equals() → [reassigned] v2 overwritten,207
com.sprint.sdcplus,services,com.android.server.policy.KeyCustomizationInfoManager,<com.android.server.policy.KeyCustomizationInfoManager: boolean isAvailablePtt(java.lang.String)>,string_compare;early_return,[invoke] java.lang.String.equals() → [reassigned] v2 overwritten,207
com.bell.ptt,services,com.android.server.policy.KeyCustomizationInfoManager,<com.android.server.policy.KeyCustomizationInfoManager: boolean isAvailablePtt(java.lang.String)>,string_compare;early_return,[invoke] java.lang.String.equals(),207
com.verizon.pushtotalkplus,services,com.android.server.policy.KeyCustomizationManager,<com.android.server.policy.KeyCustomizationManager: boolean isKodiakDedicatedPttApp(java.lang.String)>,string_compare;early_return,"[invoke] java.lang.String.equals() → [other] move-result p0 → [branch] if-nez p0, :cond_17 → [reassigned] p0 overwritten",106
com.att.eptt,services,com.android.server.policy.KeyCustomizationManager,<com.android.server.policy.KeyCustomizationManager: boolean isKodiakDedicatedPttApp(java.lang.String)>,string_compare;early_return,"[invoke] java.lang.String.equals() → [other] move-result p0 → [branch] if-nez p0, :cond_22 → [reassigned] p0 overwritten",106
com.sprint.sdcplus,services,com.android.server.policy.KeyCustomizationManager,<com.android.server.policy.KeyCustomizationManager: boolean isKodiakDedicatedPttApp(java.lang.String)>,string_compare;early_return,"[invoke] java.lang.String.equals() → [other] move-result p0 → [branch] if-nez p0, :cond_2d → [reassigned] p0 overwritten",106
com.bell.ptt,services,com.android.server.policy.KeyCustomizationManager,<com.android.server.policy.KeyCustomizationManager: boolean isKodiakDedicatedPttApp(java.lang.String)>,string_compare;early_return,"[invoke] java.lang.String.equals() → [other] move-result p0 → [branch] if-nez p0, :cond_38",106
com.samsung.android.app.ledcoverdream,services,com.android.server.ledcoverapp.LedCoverAppService,<com.android.server.ledcoverapp.LedCoverAppService: void <init>(android.content.Context)>,early_return,[invoke] android.content.IntentFilter.addDataSchemeSpecificPart() → [reassigned] v0 overwritten,53
com.samsung.android.app.ledcoverdream,services,com.android.server.ledcoverapp.LedCoverAppService,<com.android.server.ledcoverapp.LedCoverAppService: void backgroundAllowlist(android.content.Context)>,early_return,[invoke] android.content.pm.PackageManager.getApplicationInfo() → [reassigned] v1 overwritten,90
com.samsung.android.audiomirroring,services,com.android.server.media.MediaSessionService$SessionManagerImpl,"<com.android.server.media.MediaSessionService$SessionManagerImpl: void dispatchAdjustVolumeLocked(java.lang.String,java.lang.String,int,int,boolean,int,int,int,boolean)>",string_compare;early_return,[invoke] java.lang.String.equals() → [reassigned] v5 overwritten,275
com.android.shell,services,com.android.server.media.MediaSessionService$SessionManagerImpl,"<com.android.server.media.MediaSessionService$SessionManagerImpl: void onShellCommand(java.io.FileDescriptor,java.io.FileDescriptor,java.io.FileDescriptor,java.lang.String[],android.os.ShellCallback,android.os.ResultReceiver)>",early_return,[invoke] com.android.server.media.MediaShellCommand.<init>(),65
com.sec.android.diagmonagent,services,com.android.server.media.MediaResourceMonitorService$MediaResourceMonitorImpl,"<com.android.server.media.MediaResourceMonitorService$MediaResourceMonitorImpl: android.content.Intent getBroadcastIntent(int,android.media.MediaMonitorEvent)>",string_compare,[invoke] android.content.Intent.setPackage(),339
com.sec.android.app.launcher,ssrm,com.android.server.ssrm.DynamicLoadDetector,<com.android.server.ssrm.DynamicLoadDetector: ???>,string_compare;early_return,[invoke] java.lang.String.equals() → [reassigned] v1 overwritten,78
com.samsung.android.singletake.service,ssrm,com.android.server.ssrm.CameraSingleTake,<com.android.server.ssrm.CameraSingleTake: ???>,early_return,[invoke] com.android.server.ssrm.SSRMUtil.getPidFromProcessName() → [reassigned] v1 overwritten,125
com.sec.android.sdhms,ssrm,com.android.server.ssrm.CustomFrequencyManagerService$4,"<com.android.server.ssrm.CustomFrequencyManagerService$4: void onReceive(android.content.Context,android.content.Intent)>",string_compare;early_return;system_property_read,"[other] .local v3, ""packageName"":Ljava/lang/String; → [reassigned] v3 overwritten",585
com.sec.android.sdhms,ssrm,com.android.server.ssrm.CustomFrequencyManagerService,<com.android.server.ssrm.CustomFrequencyManagerService: ???>,early_return,"[invoke] android.content.IntentFilter.addDataSchemeSpecificPart() → [other] sget-boolean v3, Lcom/android/server/ssrm/CustomFrequencyMan → [branch] if-eqz v3, :cond_5e → [other] iget-object v3, p0, Lcom/android/server/ssrm/CustomFrequency → [other] iget-object v3, p0, Lcom/android/server/ssrm/CustomFrequency",118
com.google.android.providers.media.module,ssrm,com.android.server.ssrm.CPUSetController,<com.android.server.ssrm.CPUSetController: ???>,early_return,[invoke] com.android.server.ssrm.SSRMUtil.getPidFromProcessName() → [reassigned] v1 overwritten,125
com.samsung.android.singletake.service,ssrm,com.android.server.ssrm.CPUSetController,<com.android.server.ssrm.CPUSetController: ???>,early_return,[invoke] com.android.server.ssrm.SSRMUtil.getPidFromProcessName() → [reassigned] v1 overwritten,125
com.tmobile.echolocate,telephony-common,com.sec.tmodiagnostics.DeviceReportingSecurityChecker,<com.sec.tmodiagnostics.DeviceReportingSecurityChecker: boolean getEchoAppSignature()>,early_return,"[invoke] android.content.pm.PackageManager.getPackageInfo() → [other] array-length v3, v0 → [other] if-ge v4, v3, :cond_3c → [reassigned] v3 overwritten",158
com.tmobile.pr.mytmobile,telephony-common,com.sec.tmodiagnostics.DeviceReportingSecurityChecker,<com.sec.tmodiagnostics.DeviceReportingSecurityChecker: boolean getMyaccountSignature()>,early_return,"[invoke] android.content.pm.PackageManager.getPackageInfo() → [other] array-length v3, v0 → [other] if-ge v4, v3, :cond_3c → [reassigned] v3 overwritten",158
com.sprint.ms.smf.services,telephony-common,com.sec.tmodiagnostics.DeviceReportingSecurityChecker,<com.sec.tmodiagnostics.DeviceReportingSecurityChecker: boolean getSprintHubSignature()>,early_return,"[invoke] android.content.pm.PackageManager.getPackageInfo() → [other] array-length v3, v0 → [other] if-ge v4, v3, :cond_3c → [reassigned] v3 overwritten",158
com.whitepages.nameid.tmobile,telephony-common,com.whitepages.nameid.NameIDBlockingHelper,<com.whitepages.nameid.NameIDBlockingHelper: java.lang.String getActivePackageName(android.content.Context)>,,[other] return-object p0,26
com.sec.android.diagmonagent,telephony-common,com.android.internal.telephony.SemBigDataInfoController,<com.android.internal.telephony.SemBigDataInfoController: boolean checkVersionOfDMA(android.content.Context)>,early_return,[invoke] android.content.pm.PackageManager.getPackageInfo() → [reassigned] v1 overwritten,53
com.samsung.android.networkdiagnostic,telephony-common,com.android.internal.telephony.SemBigDataInfoController,<com.android.internal.telephony.SemBigDataInfoController: boolean checkVersionOfNetworkDiagnostic(android.content.Context)>,early_return,[invoke] android.content.pm.PackageManager.getPackageInfo() → [reassigned] v0 overwritten,53
com.sec.android.diagmonagent,telephony-common,com.android.internal.telephony.SemBigDataInfoController,"<com.android.internal.telephony.SemBigDataInfoController: void insertLog(java.lang.String,java.lang.String,java.lang.String,java.lang.String,java.lang.String,int)>",string_compare;early_return,[invoke] android.content.Intent.setPackage(),353
com.samsung.android.networkdiagnostic,telephony-common,com.android.internal.telephony.SemBigDataInfoController,"<com.android.internal.telephony.SemBigDataInfoController: void insertLogToNedi(java.lang.String,java.lang.String)>",string_compare;early_return,"[invoke] android.content.Intent.setPackage() → [other] move-result-wide v0 → [other] cmp-long p1, v0, v3 → [other] sub-long v0, v3, v0 → [invoke] java.lang.StringBuilder.append()",172
com.android.phone,telephony-common,com.android.internal.telephony.VisualVoicemailSmsFilter,<com.android.internal.telephony.VisualVoicemailSmsFilter: void <clinit>()>,early_return,[invoke] android.content.ComponentName.<init>(),26
com.android.phone,telephony-common,com.android.internal.telephony.VisualVoicemailSmsFilter,"<com.android.internal.telephony.VisualVoicemailSmsFilter: void sendVvmSmsBroadcast(android.content.Context,android.telephony.VisualVoicemailSmsFilterSettings,android.telecom.PhoneAccountHandle,com.android.internal.telephony.VisualVoicemailSmsParser$WrappedMessageData,java.lang.String)>",early_return,[invoke] android.content.Intent.setPackage(),70
com.android.shell,telephony-common,com.android.internal.telephony.Am,<com.android.internal.telephony.Am: void runStartService(boolean)>,string_compare;early_return,,146
com.samsung.android.app.telephonyui,telephony-common,com.android.internal.telephony.SemTelephonyKnoxHelper,<com.android.internal.telephony.SemTelephonyKnoxHelper: boolean isApplicationRestrictedForCall(int)>,string_compare;early_return,"[invoke] android.sec.enterprise.ApplicationRestrictionsManager.getApp → [other] move-result v1 → [branch] if-nez v1, :cond_3d → [reassigned] v1 overwritten",77
com.google.android.ims,telephony-common,com.android.internal.telephony.CarrierServicesSmsFilter,<com.android.internal.telephony.CarrierServicesSmsFilter: boolean filter()>,string_compare;early_return,"[invoke] java.lang.String.equals() → [other] move-result v3 → [branch] if-eqz v3, :cond_67 → [reassigned] v3 overwritten",198
com.google.android.apps.messaging,telephony-common,com.android.internal.telephony.CarrierServicesSmsFilter,<com.android.internal.telephony.CarrierServicesSmsFilter: boolean filter()>,string_compare;early_return,"[invoke] java.lang.String.equals() → [other] const-wide/16 v4, 0x7530 → [invoke] android.os.Handler.sendMessageDelayed()",198
com.android.phone,telephony-common,com.android.internal.telephony.MissedIncomingCallSmsFilter,<com.android.internal.telephony.MissedIncomingCallSmsFilter: void <clinit>()>,early_return,[invoke] android.content.ComponentName.<init>(),16
com.samsung.android.app.telephonyui,telephony-common,com.android.internal.telephony.nitz.SemNitzStateMachineImpl$1,<com.android.internal.telephony.nitz.SemNitzStateMachineImpl$1: void handleMessage(android.os.Message)>,string_compare;early_return,"[invoke] android.content.Intent.setPackage() → [other] iget-object v0, p0, Lcom/android/internal/telephony/nitz/Sem → [invoke] com.android.internal.telephony.nitz.SemNitzStateMachineImpl. → [reassigned] v0 overwritten",176
com.samsung.android.app.telephonyui,telephony-common,com.android.internal.telephony.dataconnection.DcTracker,"<com.android.internal.telephony.dataconnection.DcTracker: void onDataSetupComplete(com.android.internal.telephony.dataconnection.ApnContext,boolean,int,int,int)>",allowlist_check;string_compare;early_return;system_property_read,[invoke] android.content.Intent.setPackage() → [reassigned] v1 overwritten,1369
com.samsung.unifiedtp,telephony-common,com.android.internal.telephony.dataconnection.DcTracker,"<com.android.internal.telephony.dataconnection.DcTracker: void onDataSetupComplete(com.android.internal.telephony.dataconnection.ApnContext,boolean,int,int,int)>",allowlist_check;string_compare;early_return;system_property_read,[invoke] android.content.Intent.setPackage() → [reassigned] v1 overwritten,1369
com.samsung.android.app.telephonyui,telephony-common,com.android.internal.telephony.dataconnection.DataKnoxUtils,"<com.android.internal.telephony.dataconnection.DataKnoxUtils: boolean isDataAllowedFromKnox(com.android.internal.telephony.dataconnection.ApnContext,com.android.internal.telephony.Phone)>",string_compare;early_return,[invoke] android.sec.enterprise.ApplicationRestrictionsManager.getApp → [reassigned] v3 overwritten,169
com.android.phone,telephony-common,com.android.internal.telephony.euicc.EuiccController,"<com.android.internal.telephony.euicc.EuiccController: void addResolutionIntent(android.content.Intent,java.lang.String,java.lang.String,int,boolean,com.android.internal.telephony.euicc.EuiccOperation,int,int,boolean,int)>",early_return,[invoke] android.content.Intent.setPackage() → [invoke] android.content.ComponentName.<init>() → [reassigned] v1 overwritten,90
com.android.phone,telephony-common,com.android.internal.telephony.ims.MmTelFeatureCompatAdapter,<com.android.internal.telephony.ims.MmTelFeatureCompatAdapter: android.app.PendingIntent createIncomingCallPendingIntent()>,,[invoke] android.content.Intent.setPackage() → [reassigned] v1 overwritten,28
com.android.settings,telephony-common,com.android.internal.telephony.imsphone.ImsPhone$3,"<com.android.internal.telephony.imsphone.ImsPhone$3: void onReceive(android.content.Context,android.content.Intent)>",early_return,[invoke] android.content.Intent.setClassName() → [reassigned] v4 overwritten,168
com.sec.app.RilErrorNotifier,telephony-common,com.android.internal.telephony.uicc.UiccProfile,<com.android.internal.telephony.uicc.UiccProfile: void sendIntentPermBlocked()>,early_return,[invoke] android.content.ComponentName.<init>() → [reassigned] v3 overwritten,97
com.sec.app.RilErrorNotifier,telephony-common,com.android.internal.telephony.uicc.UiccProfile,<com.android.internal.telephony.uicc.UiccProfile: void sendPersoBlockedIntent()>,early_return,[invoke] android.content.ComponentName.<init>(),51
com.tmobile.echolocate,telephony-common,com.tmobile.echolocate.DataMetrics,<com.tmobile.echolocate.DataMetrics: boolean isEchoAppSigPresent()>,early_return,"[invoke] android.content.pm.PackageManager.getPackageInfo() → [other] array-length v1, p0 → [other] if-ge v2, v1, :cond_2e",87
com.tmobile.pr.mytmobile,telephony-common,com.tmobile.echolocate.DataMetrics,<com.tmobile.echolocate.DataMetrics: boolean isMyAccountSigPresent()>,early_return,"[invoke] android.content.pm.PackageManager.getPackageInfo() → [other] array-length v1, p0 → [other] if-ge v2, v1, :cond_2e",87
com.sprint.ms.smf.services,telephony-common,com.tmobile.echolocate.DataMetrics,<com.tmobile.echolocate.DataMetrics: boolean isSprintHubSigPresent()>,early_return,"[invoke] android.content.pm.PackageManager.getPackageInfo() → [other] array-length v1, p0 → [other] if-ge v2, v1, :cond_2e",87
com.tmobile.echolocate,telephony-common,com.tmobile.echolocate.DataMetrics5gSa,<com.tmobile.echolocate.DataMetrics5gSa: boolean isEchoAppSigPresent()>,early_return,"[invoke] android.content.pm.PackageManager.getPackageInfo() → [other] array-length v1, p0 → [other] if-ge v2, v1, :cond_2e",87
com.tmobile.pr.mytmobile,telephony-common,com.tmobile.echolocate.DataMetrics5gSa,<com.tmobile.echolocate.DataMetrics5gSa: boolean isMyAccountSigPresent()>,early_return,"[invoke] android.content.pm.PackageManager.getPackageInfo() → [other] array-length v1, p0 → [other] if-ge v2, v1, :cond_2e",87
com.sprint.ms.smf.services,telephony-common,com.tmobile.echolocate.DataMetrics5gSa,<com.tmobile.echolocate.DataMetrics5gSa: boolean isSprintHubSigPresent()>,early_return,"[invoke] android.content.pm.PackageManager.getPackageInfo() → [other] array-length v1, p0 → [other] if-ge v2, v1, :cond_2e",87
com.android.shell,uiautomator,com.android.uiautomator.core.ShellUiAutomatorBridge,<com.android.uiautomator.core.ShellUiAutomatorBridge: java.lang.String resolveCallingPackage()>,,[other] return-object v0 → [reassigned] v0 overwritten,35
com.samsung.android.scpm,vendor.samsung.frameworks.codecsolution-service,com.samsung.android.scloud.lib.platform.api.Configuration,<com.samsung.android.scloud.lib.platform.api.Configuration: void <clinit>()>,early_return,"[other] filled-new-array {v0, v1}, [Ljava/lang/String; → [reassigned] v0 overwritten",16
com.samsung.android.sm.policy,vendor.samsung.frameworks.codecsolution-service,com.samsung.android.scloud.lib.platform.api.Configuration,<com.samsung.android.scloud.lib.platform.api.Configuration: void <clinit>()>,early_return,"[other] filled-new-array {v0, v1}, [Ljava/lang/String;",16
com.sec.android.diagmonagent,vendor.samsung.frameworks.codecsolution-service,vendor.samsung.frameworks.codecsolution.Logging,<vendor.samsung.frameworks.codecsolution.Logging: boolean checkVersionOfDMA(android.content.Context)>,early_return,[invoke] android.content.pm.PackageManager.getPackageInfo() → [reassigned] v2 overwritten,67
com.samsung.android.providers.context,vendor.samsung.frameworks.codecsolution-service,vendor.samsung.frameworks.codecsolution.Logging,"<vendor.samsung.frameworks.codecsolution.Logging: void insertContextLog(java.lang.String,java.lang.String,long)>",early_return,[invoke] android.content.Intent.setPackage() → [reassigned] v2 overwritten,97
com.sec.android.diagmonagent,vendor.samsung.frameworks.codecsolution-service,vendor.samsung.frameworks.codecsolution.Logging,"<vendor.samsung.frameworks.codecsolution.Logging: void insertDiagmonLog(java.lang.String,java.lang.String,long)>",early_return,"[invoke] android.content.Intent.setPackage() → [other] iget-object v2, p0, Lvendor/samsung/frameworks/codecsolution → [invoke] android.content.Context.sendBroadcast() → [other] move-exception v2 → [other] .local v2, ""e"":Ljava/lang/IllegalStateException;",126
com.sec.imsservice,vsimmanager,com.sec.vsim.attsoftphone.SoftphoneManager,<com.sec.vsim.attsoftphone.SoftphoneManager: void connectService()>,early_return,"[invoke] android.content.Intent.setClassName() → [other] iget-object v2, p0, Lcom/sec/vsim/attsoftphone/SoftphoneMana → [invoke] android.content.Context.bindService() → [other] move-result v2 → [other] iput-boolean v2, p0, Lcom/sec/vsim/attsoftphone/SoftphoneMan",99
